0,-81.584
1.9536,-81.787
3.9072,-82.396
5.8608,-83.409
7.8144,-84.821
9.768,-86.613
11.722,-88.74
13.675,-91.091
15.629,-93.444
17.582,-95.461
19.536,-96.859
21.49,-97.656
23.443,-98.086
25.397,-98.351
27.35,-98.549
29.304,-98.713
31.258,-98.854
33.211,-98.978
35.165,-99.094
37.118,-99.213
39.072,-99.347
41.026,-99.504
42.979,-99.687
44.933,-99.894
46.886,-100.12
48.84,-100.34
50.794,-100.54
52.747,-100.72
54.701,-100.87
56.654,-100.99
58.608,-101.08
60.562,-101.15
62.515,-101.23
64.469,-101.3
66.422,-101.39
68.376,-101.48
70.33,-101.57
72.283,-101.66
74.237,-101.74
76.19,-101.82
78.144,-101.89
80.098,-101.97
82.051,-102.06
84.005,-102.14
85.958,-102.22
87.912,-102.29
89.866,-102.35
91.819,-102.4
93.773,-102.44
95.726,-102.47
97.68,-102.51
99.634,-102.56
101.59,-102.61
103.54,-102.68
105.49,-102.76
107.45,-102.85
109.4,-102.93
111.36,-103
113.31,-103.07
115.26,-103.14
117.22,-103.21
119.17,-103.29
121.12,-103.37
123.08,-103.45
125.03,-103.53
126.98,-103.63
128.94,-103.73
130.89,-103.82
132.84,-103.91
134.8,-103.98
136.75,-104.03
138.71,-104.05
140.66,-104.06
142.61,-104.05
144.57,-104.04
146.52,-104.02
148.47,-104
150.43,-104
152.38,-104.02
154.33,-104.06
156.29,-104.12
158.24,-104.19
160.2,-104.25
162.15,-104.31
164.1,-104.35
166.06,-104.39
168.01,-104.42
169.96,-104.45
171.92,-104.49
173.87,-104.52
175.82,-104.55
177.78,-104.56
179.73,-104.57
181.68,-104.57
183.64,-104.56
185.59,-104.57
187.55,-104.6
189.5,-104.64
191.45,-104.71
193.41,-104.79
195.36,-104.89
197.31,-104.98
199.27,-105.06
201.22,-105.12
203.17,-105.15
205.13,-105.16
207.08,-105.16
209.04,-105.15
210.99,-105.13
212.94,-105.13
214.9,-105.13
216.85,-105.16
218.8,-105.19
220.76,-105.23
222.71,-105.27
224.66,-105.32
226.62,-105.35
228.57,-105.38
230.53,-105.41
232.48,-105.44
234.43,-105.48
236.39,-105.53
238.34,-105.59
240.29,-105.66
242.25,-105.72
244.2,-105.77
246.15,-105.81
248.11,-105.83
250.06,-105.84
252.01,-105.83
253.97,-105.8
255.92,-105.76
257.88,-105.71
259.83,-105.65
261.78,-105.59
263.74,-105.53
265.69,-105.48
267.64,-105.46
269.6,-105.45
271.55,-105.47
273.5,-105.51
275.46,-105.56
277.41,-105.61
279.37,-105.66
281.32,-105.7
283.27,-105.75
285.23,-105.8
287.18,-105.84
289.13,-105.87
291.09,-105.89
293.04,-105.9
294.99,-105.91
296.95,-105.92
298.9,-105.93
300.85,-105.96
302.81,-106.02
304.76,-106.09
306.72,-106.18
308.67,-106.29
310.62,-106.4
312.58,-106.5
314.53,-106.56
316.48,-106.6
318.44,-106.59
320.39,-106.56
322.34,-106.5
324.3,-106.44
326.25,-106.4
328.21,-106.37
330.16,-106.38
332.11,-106.42
334.07,-106.48
336.02,-106.54
337.97,-106.6
339.93,-106.63
341.88,-106.63
343.83,-106.6
345.79,-106.57
347.74,-106.54
349.69,-106.52
351.65,-106.53
353.6,-106.55
355.56,-106.58
357.51,-106.61
359.46,-106.62
361.42,-106.6
363.37,-106.57
365.32,-106.52
367.28,-106.46
369.23,-106.4
371.18,-106.35
373.14,-106.31
375.09,-106.29
377.05,-106.29
379,-106.32
380.95,-106.35
382.91,-106.4
384.86,-106.45
386.81,-106.51
388.77,-106.56
390.72,-106.62
392.67,-106.69
394.63,-106.77
396.58,-106.85
398.53,-106.91
400.49,-106.96
402.44,-106.99
404.4,-107
406.35,-106.98
408.3,-106.96
410.26,-106.93
412.21,-106.9
414.16,-106.86
416.12,-106.82
418.07,-106.79
420.02,-106.78
421.98,-106.8
423.93,-106.84
425.89,-106.92
427.84,-107.01
429.79,-107.1
431.75,-107.19
433.7,-107.26
435.65,-107.32
437.61,-107.35
439.56,-107.36
441.51,-107.34
443.47,-107.3
445.42,-107.25
447.37,-107.2
449.33,-107.16
451.28,-107.13
453.24,-107.11
455.19,-107.12
457.14,-107.13
459.1,-107.16
461.05,-107.19
463,-107.23
464.96,-107.25
466.91,-107.26
468.86,-107.25
470.82,-107.23
472.77,-107.21
474.73,-107.2
476.68,-107.19
478.63,-107.19
480.59,-107.19
482.54,-107.19
484.49,-107.18
486.45,-107.17
488.4,-107.16
490.35,-107.17
492.31,-107.18
494.26,-107.21
496.21,-107.24
498.17,-107.27
500.12,-107.31
502.08,-107.35
504.03,-107.39
505.98,-107.43
507.94,-107.48
509.89,-107.52
511.84,-107.56
513.8,-107.58
515.75,-107.59
517.7,-107.59
519.66,-107.58
521.61,-107.57
523.57,-107.59
525.52,-107.63
527.47,-107.69
529.43,-107.74
531.38,-107.79
533.33,-107.81
535.29,-107.81
537.24,-107.79
539.19,-107.77
541.15,-107.74
543.1,-107.71
545.05,-107.69
547.01,-107.66
548.96,-107.63
550.92,-107.62
552.87,-107.64
554.82,-107.69
556.78,-107.77
558.73,-107.86
560.68,-107.93
562.64,-107.95
564.59,-107.94
566.54,-107.88
568.5,-107.81
570.45,-107.74
572.41,-107.7
574.36,-107.7
576.31,-107.73
578.27,-107.78
580.22,-107.84
582.17,-107.88
584.13,-107.9
586.08,-107.88
588.03,-107.82
589.99,-107.75
591.94,-107.66
593.89,-107.59
595.85,-107.54
597.8,-107.52
599.76,-107.52
601.71,-107.55
603.66,-107.58
605.62,-107.61
607.57,-107.63
609.52,-107.62
611.48,-107.59
613.43,-107.57
615.38,-107.54
617.34,-107.53
619.29,-107.53
621.25,-107.55
623.2,-107.58
625.15,-107.6
627.11,-107.62
629.06,-107.62
631.01,-107.62
632.97,-107.61
634.92,-107.61
636.87,-107.63
638.83,-107.67
640.78,-107.73
642.74,-107.79
644.69,-107.84
646.64,-107.88
648.6,-107.9
650.55,-107.9
652.5,-107.89
654.46,-107.88
656.41,-107.89
658.36,-107.91
660.32,-107.95
662.27,-107.98
664.22,-108.01
666.18,-108.03
668.13,-108.04
670.09,-108.04
672.04,-108.04
673.99,-108.04
675.95,-108.05
677.9,-108.07
679.85,-108.09
681.81,-108.12
683.76,-108.14
685.71,-108.17
687.67,-108.19
689.62,-108.21
691.58,-108.22
693.53,-108.23
695.48,-108.23
697.44,-108.22
699.39,-108.21
701.34,-108.21
703.3,-108.22
705.25,-108.25
707.2,-108.29
709.16,-108.33
711.11,-108.36
713.06,-108.35
715.02,-108.31
716.97,-108.23
718.93,-108.14
720.88,-108.05
722.83,-107.98
724.79,-107.93
726.74,-107.9
728.69,-107.9
730.65,-107.91
732.6,-107.93
734.55,-107.93
736.51,-107.93
738.46,-107.92
740.42,-107.92
742.37,-107.93
744.32,-107.96
746.28,-108
748.23,-108.06
750.18,-108.11
752.14,-108.14
754.09,-108.16
756.04,-108.15
758,-108.14
759.95,-108.12
761.9,-108.11
763.86,-108.11
765.81,-108.13
767.77,-108.16
769.72,-108.2
771.67,-108.25
773.63,-108.31
775.58,-108.35
777.53,-108.37
779.49,-108.36
781.44,-108.34
783.39,-108.29
785.35,-108.25
787.3,-108.22
789.26,-108.2
791.21,-108.18
793.16,-108.18
795.12,-108.17
797.07,-108.17
799.02,-108.16
800.98,-108.15
802.93,-108.15
804.88,-108.15
806.84,-108.16
808.79,-108.17
810.74,-108.18
812.7,-108.2
814.65,-108.22
816.61,-108.24
818.56,-108.27
820.51,-108.29
822.47,-108.31
824.42,-108.33
826.37,-108.35
828.33,-108.39
830.28,-108.43
832.23,-108.49
834.19,-108.56
836.14,-108.63
838.1,-108.69
840.05,-108.71
842,-108.7
843.96,-108.66
845.91,-108.6
847.86,-108.53
849.82,-108.47
851.77,-108.44
853.72,-108.41
855.68,-108.41
857.63,-108.4
859.58,-108.39
861.54,-108.38
863.49,-108.37
865.45,-108.37
867.4,-108.39
869.35,-108.43
871.31,-108.48
873.26,-108.53
875.21,-108.57
877.17,-108.59
879.12,-108.6
881.07,-108.6
883.03,-108.61
884.98,-108.63
886.94,-108.68
888.89,-108.74
890.84,-108.8
892.8,-108.85
894.75,-108.86
896.7,-108.83
898.66,-108.76
900.61,-108.65
902.56,-108.53
904.52,-108.41
906.47,-108.3
908.42,-108.21
910.38,-108.16
912.33,-108.12
914.29,-108.09
916.24,-108.07
918.19,-108.06
920.15,-108.05
922.1,-108.05
924.05,-108.07
926.01,-108.12
927.96,-108.19
929.91,-108.29
931.87,-108.41
933.82,-108.52
935.78,-108.64
937.73,-108.73
939.68,-108.79
941.64,-108.8
943.59,-108.79
945.54,-108.73
947.5,-108.67
949.45,-108.6
951.4,-108.55
953.36,-108.53
955.31,-108.54
957.26,-108.59
959.22,-108.67
961.17,-108.75
963.13,-108.81
965.08,-108.84
967.03,-108.83
968.99,-108.79
970.94,-108.72
972.89,-108.66
974.85,-108.62
976.8,-108.61
978.75,-108.63
980.71,-108.67
982.66,-108.73
984.62,-108.79
986.57,-108.84
988.52,-108.88
990.48,-108.89
992.43,-108.87
994.38,-108.83
996.34,-108.77
998.29,-108.69
1000.2,-108.61
1002.2,-108.56
1004.2,-108.53
1006.1,-108.54
1008.1,-108.58
1010,-108.64
1012,-108.7
1013.9,-108.75
1015.9,-108.78
1017.8,-108.8
1019.8,-108.8
1021.7,-108.79
1023.7,-108.78
1025.6,-108.78
1027.6,-108.79
1029.5,-108.81
1031.5,-108.82
1033.5,-108.83
1035.4,-108.84
1037.4,-108.83
1039.3,-108.8
1041.3,-108.77
1043.2,-108.74
1045.2,-108.72
1047.1,-108.71
1049.1,-108.72
1051,-108.73
1053,-108.72
1054.9,-108.69
1056.9,-108.64
1058.9,-108.57
1060.8,-108.49
1062.8,-108.42
1064.7,-108.37
1066.7,-108.34
1068.6,-108.33
1070.6,-108.34
1072.5,-108.37
1074.5,-108.42
1076.4,-108.48
1078.4,-108.54
1080.3,-108.6
1082.3,-108.64
1084.2,-108.66
1086.2,-108.66
1088.2,-108.66
1090.1,-108.66
1092.1,-108.67
1094,-108.68
1096,-108.7
1097.9,-108.72
1099.9,-108.75
1101.8,-108.77
1103.8,-108.8
1105.7,-108.81
1107.7,-108.83
1109.6,-108.82
1111.6,-108.81
1113.6,-108.78
1115.5,-108.75
1117.5,-108.72
1119.4,-108.69
1121.4,-108.68
1123.3,-108.68
1125.3,-108.71
1127.2,-108.76
1129.2,-108.82
1131.1,-108.89
1133.1,-108.97
1135,-109.03
1137,-109.09
1138.9,-109.13
1140.9,-109.13
1142.9,-109.11
1144.8,-109.06
1146.8,-108.99
1148.7,-108.9
1150.7,-108.82
1152.6,-108.74
1154.6,-108.68
1156.5,-108.64
1158.5,-108.62
1160.4,-108.61
1162.4,-108.6
1164.3,-108.58
1166.3,-108.55
1168.3,-108.51
1170.2,-108.46
1172.2,-108.41
1174.1,-108.38
1176.1,-108.36
1178,-108.37
1180,-108.39
1181.9,-108.43
1183.9,-108.48
1185.8,-108.54
1187.8,-108.59
1189.7,-108.64
1191.7,-108.68
1193.7,-108.72
1195.6,-108.74
1197.6,-108.77
1199.5,-108.79
1201.5,-108.82
1203.4,-108.85
1205.4,-108.88
1207.3,-108.9
1209.3,-108.91
1211.2,-108.91
1213.2,-108.91
1215.1,-108.91
1217.1,-108.92
1219,-108.93
1221,-108.95
1223,-108.97
1224.9,-109
1226.9,-109.03
1228.8,-109.07
1230.8,-109.12
1232.7,-109.18
1234.7,-109.23
1236.6,-109.26
1238.6,-109.27
1240.5,-109.24
1242.5,-109.17
1244.4,-109.09
1246.4,-108.99
1248.4,-108.9
1250.3,-108.83
1252.3,-108.8
1254.2,-108.8
1256.2,-108.84
1258.1,-108.92
1260.1,-109
1262,-109.08
1264,-109.14
1265.9,-109.18
1267.9,-109.19
1269.8,-109.18
1271.8,-109.16
1273.7,-109.14
1275.7,-109.14
1277.7,-109.15
1279.6,-109.19
1281.6,-109.23
1283.5,-109.29
1285.5,-109.34
1287.4,-109.39
1289.4,-109.42
1291.3,-109.43
1293.3,-109.42
1295.2,-109.38
1297.2,-109.32
1299.1,-109.24
1301.1,-109.16
1303.1,-109.09
1305,-109.03
1307,-109
1308.9,-108.98
1310.9,-108.97
1312.8,-108.96
1314.8,-108.93
1316.7,-108.9
1318.7,-108.87
1320.6,-108.85
1322.6,-108.85
1324.5,-108.89
1326.5,-108.94
1328.4,-109.02
1330.4,-109.09
1332.4,-109.16
1334.3,-109.22
1336.3,-109.26
1338.2,-109.26
1340.2,-109.23
1342.1,-109.18
1344.1,-109.11
1346,-109.05
1348,-108.99
1349.9,-108.96
1351.9,-108.94
1353.8,-108.93
1355.8,-108.94
1357.8,-108.95
1359.7,-108.95
1361.7,-108.96
1363.6,-108.96
1365.6,-108.95
1367.5,-108.94
1369.5,-108.93
1371.4,-108.93
1373.4,-108.95
1375.3,-108.98
1377.3,-109.02
1379.2,-109.08
1381.2,-109.14
1383.2,-109.19
1385.1,-109.22
1387.1,-109.22
1389,-109.19
1391,-109.13
1392.9,-109.05
1394.9,-108.99
1396.8,-108.94
1398.8,-108.93
1400.7,-108.95
1402.7,-108.99
1404.6,-109.05
1406.6,-109.11
1408.5,-109.16
1410.5,-109.2
1412.5,-109.23
1414.4,-109.25
1416.4,-109.28
1418.3,-109.31
1420.3,-109.34
1422.2,-109.36
1424.2,-109.37
1426.1,-109.36
1428.1,-109.32
1430,-109.25
1432,-109.17
1433.9,-109.09
1435.9,-109.01
1437.9,-108.96
1439.8,-108.92
1441.8,-108.92
1443.7,-108.94
1445.7,-108.98
1447.6,-109.05
1449.6,-109.12
1451.5,-109.19
1453.5,-109.24
1455.4,-109.27
1457.4,-109.27
1459.3,-109.26
1461.3,-109.24
1463.2,-109.22
1465.2,-109.2
1467.2,-109.18
1469.1,-109.17
1471.1,-109.16
1473,-109.16
1475,-109.15
1476.9,-109.15
1478.9,-109.13
1480.8,-109.12
1482.8,-109.12
1484.7,-109.14
1486.7,-109.17
1488.6,-109.21
1490.6,-109.26
1492.6,-109.3
1494.5,-109.33
1496.5,-109.35
1498.4,-109.36
1500.4,-109.36
1502.3,-109.34
1504.3,-109.32
1506.2,-109.27
1508.2,-109.22
1510.1,-109.18
1512.1,-109.15
1514,-109.15
1516,-109.18
1517.9,-109.23
1519.9,-109.28
1521.9,-109.34
1523.8,-109.37
1525.8,-109.38
1527.7,-109.38
1529.7,-109.36
1531.6,-109.33
1533.6,-109.3
1535.5,-109.27
1537.5,-109.24
1539.4,-109.21
1541.4,-109.17
1543.3,-109.12
1545.3,-109.07
1547.3,-109.03
1549.2,-109
1551.2,-109
1553.1,-109.03
1555.1,-109.06
1557,-109.09
1559,-109.11
1560.9,-109.11
1562.9,-109.09
1564.8,-109.07
1566.8,-109.06
1568.7,-109.05
1570.7,-109.06
1572.6,-109.09
1574.6,-109.13
1576.6,-109.18
1578.5,-109.22
1580.5,-109.26
1582.4,-109.28
1584.4,-109.29
1586.3,-109.3
1588.3,-109.3
1590.2,-109.3
1592.2,-109.28
1594.1,-109.25
1596.1,-109.2
1598,-109.14
1600,-109.08
1602,-109.03
1603.9,-109
1605.9,-108.98
1607.8,-108.98
1609.8,-108.98
1611.7,-108.99
1613.7,-109.01
1615.6,-109.03
1617.6,-109.05
1619.5,-109.09
1621.5,-109.13
1623.4,-109.18
1625.4,-109.22
1627.4,-109.24
1629.3,-109.25
1631.3,-109.24
1633.2,-109.21
1635.2,-109.16
1637.1,-109.12
1639.1,-109.08
1641,-109.05
1643,-109.04
1644.9,-109.05
1646.9,-109.08
1648.8,-109.12
1650.8,-109.16
1652.7,-109.21
1654.7,-109.24
1656.7,-109.27
1658.6,-109.3
1660.6,-109.32
1662.5,-109.33
1664.5,-109.33
1666.4,-109.33
1668.4,-109.33
1670.3,-109.34
1672.3,-109.36
1674.2,-109.4
1676.2,-109.45
1678.1,-109.51
1680.1,-109.57
1682.1,-109.62
1684,-109.65
1686,-109.66
1687.9,-109.64
1689.9,-109.58
1691.8,-109.51
1693.8,-109.43
1695.7,-109.36
1697.7,-109.3
1699.6,-109.28
1701.6,-109.28
1703.5,-109.32
1705.5,-109.38
1707.4,-109.45
1709.4,-109.52
1711.4,-109.58
1713.3,-109.61
1715.3,-109.62
1717.2,-109.6
1719.2,-109.58
1721.1,-109.56
1723.1,-109.56
1725,-109.56
1727,-109.58
1728.9,-109.59
1730.9,-109.6
1732.8,-109.61
1734.8,-109.62
1736.8,-109.63
1738.7,-109.64
1740.7,-109.65
1742.6,-109.64
1744.6,-109.6
1746.5,-109.53
1748.5,-109.44
1750.4,-109.34
1752.4,-109.26
1754.3,-109.19
1756.3,-109.15
1758.2,-109.13
1760.2,-109.12
1762.1,-109.12
1764.1,-109.13
1766.1,-109.15
1768,-109.19
1770,-109.24
1771.9,-109.3
1773.9,-109.36
1775.8,-109.41
1777.8,-109.43
1779.7,-109.43
1781.7,-109.41
1783.6,-109.38
1785.6,-109.35
1787.5,-109.34
1789.5,-109.35
1791.5,-109.38
1793.4,-109.42
1795.4,-109.46
1797.3,-109.49
1799.3,-109.51
1801.2,-109.5
1803.2,-109.48
1805.1,-109.45
1807.1,-109.43
1809,-109.41
1811,-109.41
1812.9,-109.41
1814.9,-109.43
1816.8,-109.44
1818.8,-109.45
1820.8,-109.45
1822.7,-109.44
1824.7,-109.44
1826.6,-109.43
1828.6,-109.43
1830.5,-109.43
1832.5,-109.43
1834.4,-109.42
1836.4,-109.4
1838.3,-109.36
1840.3,-109.32
1842.2,-109.29
1844.2,-109.26
1846.2,-109.25
1848.1,-109.25
1850.1,-109.26
1852,-109.26
1854,-109.26
1855.9,-109.26
1857.9,-109.26
1859.8,-109.28
1861.8,-109.32
1863.7,-109.37
1865.7,-109.44
1867.6,-109.5
1869.6,-109.55
1871.6,-109.59
1873.5,-109.61
1875.5,-109.62
1877.4,-109.62
1879.4,-109.62
1881.3,-109.6
1883.3,-109.58
1885.2,-109.55
1887.2,-109.52
1889.1,-109.49
1891.1,-109.47
1893,-109.46
1895,-109.44
1896.9,-109.43
1898.9,-109.41
1900.9,-109.39
1902.8,-109.38
1904.8,-109.38
1906.7,-109.38
1908.7,-109.38
1910.6,-109.38
1912.6,-109.36
1914.5,-109.34
1916.5,-109.3
1918.4,-109.27
1920.4,-109.23
1922.3,-109.2
1924.3,-109.19
1926.3,-109.19
1928.2,-109.22
1930.2,-109.26
1932.1,-109.31
1934.1,-109.36
1936,-109.38
1938,-109.39
1939.9,-109.37
1941.9,-109.33
1943.8,-109.3
1945.8,-109.28
1947.7,-109.27
1949.7,-109.26
1951.6,-109.26
1953.6,-109.25
1955.6,-109.23
1957.5,-109.23
1959.5,-109.24
1961.4,-109.28
1963.4,-109.34
1965.3,-109.43
1967.3,-109.52
1969.2,-109.61
1971.2,-109.67
1973.1,-109.7
1975.1,-109.72
1977,-109.72
1979,-109.71
1981,-109.7
1982.9,-109.69
1984.9,-109.66
1986.8,-109.62
1988.8,-109.59
1990.7,-109.56
1992.7,-109.56
1994.6,-109.59
1996.6,-109.65
1998.5,-109.74
2000.5,-109.83
2002.4,-109.9
2004.4,-109.93
2006.3,-109.91
2008.3,-109.85
2010.3,-109.77
2012.2,-109.67
2014.2,-109.59
2016.1,-109.51
2018.1,-109.47
2020,-109.44
2022,-109.43
2023.9,-109.43
2025.9,-109.44
2027.8,-109.44
2029.8,-109.45
2031.7,-109.47
2033.7,-109.49
2035.7,-109.53
2037.6,-109.58
2039.6,-109.64
2041.5,-109.69
2043.5,-109.71
2045.4,-109.71
2047.4,-109.68
2049.3,-109.63
2051.3,-109.57
2053.2,-109.52
2055.2,-109.47
2057.1,-109.45
2059.1,-109.44
2061.1,-109.44
2063,-109.45
2065,-109.46
2066.9,-109.48
2068.9,-109.49
2070.8,-109.51
2072.8,-109.52
2074.7,-109.52
2076.7,-109.52
2078.6,-109.51
2080.6,-109.49
2082.5,-109.48
2084.5,-109.46
2086.4,-109.45
2088.4,-109.46
2090.4,-109.47
2092.3,-109.5
2094.3,-109.53
2096.2,-109.56
2098.2,-109.59
2100.1,-109.61
2102.1,-109.63
2104,-109.64
2106,-109.65
2107.9,-109.66
2109.9,-109.68
2111.8,-109.7
2113.8,-109.72
2115.8,-109.74
2117.7,-109.75
2119.7,-109.75
2121.6,-109.73
2123.6,-109.71
2125.5,-109.67
2127.5,-109.62
2129.4,-109.59
2131.4,-109.56
2133.3,-109.56
2135.3,-109.57
2137.2,-109.59
2139.2,-109.62
2141.1,-109.65
2143.1,-109.69
2145.1,-109.73
2147,-109.78
2149,-109.82
2150.9,-109.85
2152.9,-109.86
2154.8,-109.86
2156.8,-109.85
2158.7,-109.85
2160.7,-109.85
2162.6,-109.86
2164.6,-109.86
2166.5,-109.87
2168.5,-109.86
2170.5,-109.83
2172.4,-109.8
2174.4,-109.76
2176.3,-109.72
2178.3,-109.69
2180.2,-109.68
2182.2,-109.68
2184.1,-109.7
2186.1,-109.72
2188,-109.74
2190,-109.77
2191.9,-109.8
2193.9,-109.82
2195.8,-109.84
2197.8,-109.86
2199.8,-109.87
2201.7,-109.86
2203.7,-109.85
2205.6,-109.82
2207.6,-109.78
2209.5,-109.73
2211.5,-109.68
2213.4,-109.63
2215.4,-109.58
2217.3,-109.52
2219.3,-109.48
2221.2,-109.44
2223.2,-109.41
2225.2,-109.41
2227.1,-109.42
2229.1,-109.46
2231,-109.5
2233,-109.54
2234.9,-109.57
2236.9,-109.59
2238.8,-109.59
2240.8,-109.56
2242.7,-109.53
2244.7,-109.5
2246.6,-109.46
2248.6,-109.44
2250.5,-109.44
2252.5,-109.45
2254.5,-109.48
2256.4,-109.52
2258.4,-109.57
2260.3,-109.62
2262.3,-109.65
2264.2,-109.65
2266.2,-109.62
2268.1,-109.57
2270.1,-109.51
2272,-109.45
2274,-109.41
2275.9,-109.39
2277.9,-109.39
2279.9,-109.41
2281.8,-109.42
2283.8,-109.43
2285.7,-109.42
2287.7,-109.41
2289.6,-109.39
2291.6,-109.38
2293.5,-109.39
2295.5,-109.42
2297.4,-109.46
2299.4,-109.51
2301.3,-109.54
2303.3,-109.57
2305.3,-109.57
2307.2,-109.56
2309.2,-109.55
2311.1,-109.54
2313.1,-109.52
2315,-109.49
2317,-109.45
2318.9,-109.41
2320.9,-109.38
2322.8,-109.36
2324.8,-109.37
2326.7,-109.41
2328.7,-109.47
2330.6,-109.53
2332.6,-109.59
2334.6,-109.64
2336.5,-109.68
2338.5,-109.71
2340.4,-109.74
2342.4,-109.75
2344.3,-109.76
2346.3,-109.78
2348.2,-109.8
2350.2,-109.84
2352.1,-109.9
2354.1,-109.96
2356,-110.03
2358,-110.07
2360,-110.08
2361.9,-110.05
2363.9,-109.99
2365.8,-109.92
2367.8,-109.85
2369.7,-109.79
2371.7,-109.75
2373.6,-109.73
2375.6,-109.73
2377.5,-109.73
2379.5,-109.75
2381.4,-109.76
2383.4,-109.77
2385.3,-109.78
2387.3,-109.77
2389.3,-109.75
2391.2,-109.71
2393.2,-109.67
2395.1,-109.62
2397.1,-109.59
2399,-109.57
2401,-109.57
2402.9,-109.57
2404.9,-109.57
2406.8,-109.56
2408.8,-109.54
2410.7,-109.53
2412.7,-109.52
2414.7,-109.53
2416.6,-109.55
2418.6,-109.56
2420.5,-109.57
2422.5,-109.57
2424.4,-109.55
2426.4,-109.54
2428.3,-109.53
2430.3,-109.54
2432.2,-109.57
2434.2,-109.62
2436.1,-109.67
2438.1,-109.71
2440,-109.76
2442,-109.79
2444,-109.82
2445.9,-109.85
2447.9,-109.86
2449.8,-109.85
2451.8,-109.82
2453.7,-109.75
2455.7,-109.66
2457.6,-109.54
2459.6,-109.43
2461.5,-109.34
2463.5,-109.27
2465.4,-109.23
2467.4,-109.22
2469.4,-109.22
2471.3,-109.25
2473.3,-109.28
2475.2,-109.33
2477.2,-109.37
2479.1,-109.42
2481.1,-109.47
2483,-109.51
2485,-109.56
2486.9,-109.61
2488.9,-109.66
2490.8,-109.71
2492.8,-109.77
2494.7,-109.81
2496.7,-109.86
2498.7,-109.89
2500.6,-109.92
2502.6,-109.94
2504.5,-109.94
2506.5,-109.93
2508.4,-109.9
2510.4,-109.84
2512.3,-109.77
2514.3,-109.69
2516.2,-109.61
2518.2,-109.53
2520.1,-109.46
2522.1,-109.41
2524.1,-109.38
2526,-109.37
2528,-109.38
2529.9,-109.42
2531.9,-109.49
2533.8,-109.58
2535.8,-109.7
2537.7,-109.82
2539.7,-109.92
2541.6,-110
2543.6,-110.03
2545.5,-110.02
2547.5,-109.98
2549.5,-109.92
2551.4,-109.85
2553.4,-109.77
2555.3,-109.7
2557.3,-109.64
2559.2,-109.61
2561.2,-109.59
2563.1,-109.6
2565.1,-109.64
2567,-109.68
2569,-109.73
2570.9,-109.76
2572.9,-109.78
2574.8,-109.78
2576.8,-109.75
2578.8,-109.71
2580.7,-109.66
2582.7,-109.61
2584.6,-109.55
2586.6,-109.5
2588.5,-109.47
2590.5,-109.47
2592.4,-109.5
2594.4,-109.56
2596.3,-109.64
2598.3,-109.72
2600.2,-109.81
2602.2,-109.87
2604.2,-109.9
2606.1,-109.91
2608.1,-109.89
2610,-109.85
2612,-109.8
2613.9,-109.76
2615.9,-109.73
2617.8,-109.72
2619.8,-109.73
2621.7,-109.75
2623.7,-109.78
2625.6,-109.82
2627.6,-109.85
2629.5,-109.88
2631.5,-109.91
2633.5,-109.93
2635.4,-109.94
2637.4,-109.95
2639.3,-109.96
2641.3,-109.98
2643.2,-109.99
2645.2,-110.01
2647.1,-110.01
2649.1,-109.98
2651,-109.94
2653,-109.87
2654.9,-109.79
2656.9,-109.71
2658.9,-109.64
2660.8,-109.59
2662.8,-109.57
2664.7,-109.58
2666.7,-109.61
2668.6,-109.67
2670.6,-109.74
2672.5,-109.81
2674.5,-109.87
2676.4,-109.89
2678.4,-109.9
2680.3,-109.88
2682.3,-109.85
2684.2,-109.84
2686.2,-109.84
2688.2,-109.87
2690.1,-109.92
2692.1,-109.98
2694,-110.05
2696,-110.12
2697.9,-110.17
2699.9,-110.19
2701.8,-110.2
2703.8,-110.18
2705.7,-110.14
2707.7,-110.09
2709.6,-110.01
2711.6,-109.92
2713.6,-109.83
2715.5,-109.74
2717.5,-109.67
2719.4,-109.63
2721.4,-109.61
2723.3,-109.61
2725.3,-109.64
2727.2,-109.67
2729.2,-109.71
2731.1,-109.74
2733.1,-109.77
2735,-109.78
2737,-109.78
2738.9,-109.77
2740.9,-109.75
2742.9,-109.73
2744.8,-109.72
2746.8,-109.7
2748.7,-109.69
2750.7,-109.68
2752.6,-109.67
2754.6,-109.66
2756.5,-109.66
2758.5,-109.66
2760.4,-109.67
2762.4,-109.69
2764.3,-109.73
2766.3,-109.79
2768.3,-109.86
2770.2,-109.94
2772.2,-110
2774.1,-110.04
2776.1,-110.07
2778,-110.07
2780,-110.07
2781.9,-110.06
2783.9,-110.04
2785.8,-110
2787.8,-109.95
2789.7,-109.88
2791.7,-109.81
2793.7,-109.74
2795.6,-109.7
2797.6,-109.69
2799.5,-109.7
2801.5,-109.74
2803.4,-109.79
2805.4,-109.84
2807.3,-109.88
2809.3,-109.89
2811.2,-109.88
2813.2,-109.84
2815.1,-109.79
2817.1,-109.73
2819,-109.67
2821,-109.63
2823,-109.6
2824.9,-109.58
2826.9,-109.59
2828.8,-109.6
2830.8,-109.63
2832.7,-109.67
2834.7,-109.72
2836.6,-109.78
2838.6,-109.84
2840.5,-109.89
2842.5,-109.92
2844.4,-109.94
2846.4,-109.94
2848.4,-109.93
2850.3,-109.91
2852.3,-109.9
2854.2,-109.89
2856.2,-109.91
2858.1,-109.94
2860.1,-109.98
2862,-110.04
2864,-110.1
2865.9,-110.16
2867.9,-110.21
2869.8,-110.26
2871.8,-110.3
2873.7,-110.33
2875.7,-110.35
2877.7,-110.35
2879.6,-110.32
2881.6,-110.25
2883.5,-110.16
2885.5,-110.05
2887.4,-109.96
2889.4,-109.88
2891.3,-109.85
2893.3,-109.84
2895.2,-109.86
2897.2,-109.89
2899.1,-109.91
2901.1,-109.92
2903.1,-109.91
2905,-109.88
2907,-109.84
2908.9,-109.8
2910.9,-109.77
2912.8,-109.74
2914.8,-109.74
2916.7,-109.76
2918.7,-109.8
2920.6,-109.86
2922.6,-109.93
2924.5,-110.02
2926.5,-110.09
2928.4,-110.14
2930.4,-110.15
2932.4,-110.11
2934.3,-110.02
2936.3,-109.92
2938.2,-109.81
2940.2,-109.73
2942.1,-109.69
2944.1,-109.69
2946,-109.72
2948,-109.75
2949.9,-109.78
2951.9,-109.8
2953.8,-109.81
2955.8,-109.8
2957.8,-109.79
2959.7,-109.77
2961.7,-109.75
2963.6,-109.72
2965.6,-109.7
2967.5,-109.7
2969.5,-109.73
2971.4,-109.78
2973.4,-109.86
2975.3,-109.94
2977.3,-110.01
2979.2,-110.06
2981.2,-110.08
2983.2,-110.08
2985.1,-110.07
2987.1,-110.06
2989,-110.06
2991,-110.06
2992.9,-110.05
2994.9,-110.06
2996.8,-110.07
2998.8,-110.09
3000.7,-110.14
3002.7,-110.2
3004.6,-110.25
3006.6,-110.29
3008.5,-110.29
3010.5,-110.25
3012.5,-110.19
3014.4,-110.11
3016.4,-110.02
3018.3,-109.95
3020.3,-109.9
3022.2,-109.87
3024.2,-109.87
3026.1,-109.89
3028.1,-109.94
3030,-110.02
3032,-110.11
3033.9,-110.21
3035.9,-110.29
3037.9,-110.35
3039.8,-110.36
3041.8,-110.33
3043.7,-110.26
3045.7,-110.17
3047.6,-110.08
3049.6,-109.99
3051.5,-109.9
3053.5,-109.83
3055.4,-109.77
3057.4,-109.73
3059.3,-109.7
3061.3,-109.69
3063.2,-109.69
3065.2,-109.71
3067.2,-109.74
3069.1,-109.79
3071.1,-109.84
3073,-109.91
3075,-109.97
3076.9,-110.03
3078.9,-110.08
3080.8,-110.12
3082.8,-110.13
3084.7,-110.12
3086.7,-110.11
3088.6,-110.1
3090.6,-110.08
3092.6,-110.08
3094.5,-110.07
3096.5,-110.07
3098.4,-110.08
3100.4,-110.08
3102.3,-110.08
3104.3,-110.05
3106.2,-110.01
3108.2,-109.95
3110.1,-109.88
3112.1,-109.82
3114,-109.78
3116,-109.76
3117.9,-109.77
3119.9,-109.81
3121.9,-109.87
3123.8,-109.92
3125.8,-109.97
3127.7,-110
3129.7,-110.01
3131.6,-110.02
3133.6,-110.01
3135.5,-110
3137.5,-109.98
3139.4,-109.96
3141.4,-109.94
3143.3,-109.91
3145.3,-109.88
3147.3,-109.85
3149.2,-109.81
3151.2,-109.77
3153.1,-109.73
3155.1,-109.69
3157,-109.66
3159,-109.62
3160.9,-109.59
3162.9,-109.56
3164.8,-109.54
3166.8,-109.51
3168.7,-109.5
3170.7,-109.49
3172.6,-109.51
3174.6,-109.56
3176.6,-109.64
3178.5,-109.76
3180.5,-109.9
3182.4,-110.05
3184.4,-110.18
3186.3,-110.28
3188.3,-110.33
3190.2,-110.31
3192.2,-110.23
3194.1,-110.11
3196.1,-109.96
3198,-109.8
3200,-109.67
3202,-109.56
3203.9,-109.49
3205.9,-109.46
3207.8,-109.46
3209.8,-109.5
3211.7,-109.55
3213.7,-109.59
3215.6,-109.62
3217.6,-109.62
3219.5,-109.6
3221.5,-109.56
3223.4,-109.52
3225.4,-109.47
3227.4,-109.44
3229.3,-109.42
3231.3,-109.43
3233.2,-109.45
3235.2,-109.5
3237.1,-109.57
3239.1,-109.64
3241,-109.7
3243,-109.75
3244.9,-109.78
3246.9,-109.79
3248.8,-109.78
3250.8,-109.77
3252.7,-109.76
3254.7,-109.76
3256.7,-109.78
3258.6,-109.81
3260.6,-109.87
3262.5,-109.94
3264.5,-110.01
3266.4,-110.07
3268.4,-110.12
3270.3,-110.15
3272.3,-110.16
3274.2,-110.16
3276.2,-110.15
3278.1,-110.13
3280.1,-110.11
3282.1,-110.09
3284,-110.07
3286,-110.05
3287.9,-110.03
3289.9,-110.02
3291.8,-110.03
3293.8,-110.04
3295.7,-110.06
3297.7,-110.07
3299.6,-110.09
3301.6,-110.1
3303.5,-110.11
3305.5,-110.11
3307.4,-110.1
3309.4,-110.09
3311.4,-110.07
3313.3,-110.05
3315.3,-110.03
3317.2,-110.02
3319.2,-110.01
3321.1,-110.02
3323.1,-110.03
3325,-110.04
3327,-110.06
3328.9,-110.08
3330.9,-110.1
3332.8,-110.12
3334.8,-110.13
3336.8,-110.13
3338.7,-110.12
3340.7,-110.08
3342.6,-110.03
3344.6,-109.97
3346.5,-109.92
3348.5,-109.89
3350.4,-109.9
3352.4,-109.94
3354.3,-110.01
3356.3,-110.09
3358.2,-110.19
3360.2,-110.28
3362.1,-110.35
3364.1,-110.39
3366.1,-110.39
3368,-110.35
3370,-110.29
3371.9,-110.22
3373.9,-110.14
3375.8,-110.08
3377.8,-110.03
3379.7,-110
3381.7,-109.99
3383.6,-110
3385.6,-110.03
3387.5,-110.08
3389.5,-110.15
3391.5,-110.21
3393.4,-110.27
3395.4,-110.3
3397.3,-110.3
3399.3,-110.29
3401.2,-110.27
3403.2,-110.24
3405.1,-110.22
3407.1,-110.18
3409,-110.15
3411,-110.1
3412.9,-110.06
3414.9,-110.01
3416.8,-109.97
3418.8,-109.93
3420.8,-109.9
3422.7,-109.88
3424.7,-109.87
3426.6,-109.89
3428.6,-109.93
3430.5,-109.98
3432.5,-110.06
3434.4,-110.13
3436.4,-110.2
3438.3,-110.25
3440.3,-110.26
3442.2,-110.24
3444.2,-110.21
3446.2,-110.17
3448.1,-110.15
3450.1,-110.16
3452,-110.18
3454,-110.22
3455.9,-110.27
3457.9,-110.3
3459.8,-110.32
3461.8,-110.32
3463.7,-110.3
3465.7,-110.25
3467.6,-110.2
3469.6,-110.13
3471.6,-110.07
3473.5,-110.01
3475.5,-109.96
3477.4,-109.92
3479.4,-109.88
3481.3,-109.86
3483.3,-109.84
3485.2,-109.84
3487.2,-109.85
3489.1,-109.87
3491.1,-109.89
3493,-109.92
3495,-109.95
3496.9,-109.97
3498.9,-109.99
3500.9,-110
3502.8,-109.99
3504.8,-109.98
3506.7,-109.95
3508.7,-109.93
3510.6,-109.92
3512.6,-109.9
3514.5,-109.88
3516.5,-109.86
3518.4,-109.83
3520.4,-109.81
3522.3,-109.79
3524.3,-109.77
3526.3,-109.77
3528.2,-109.78
3530.2,-109.81
3532.1,-109.85
3534.1,-109.89
3536,-109.93
3538,-109.95
3539.9,-109.96
3541.9,-109.96
3543.8,-109.96
3545.8,-109.97
3547.7,-109.99
3549.7,-110.03
3551.6,-110.08
3553.6,-110.15
3555.6,-110.22
3557.5,-110.28
3559.5,-110.33
3561.4,-110.34
3563.4,-110.3
3565.3,-110.24
3567.3,-110.14
3569.2,-110.04
3571.2,-109.94
3573.1,-109.87
3575.1,-109.82
3577,-109.8
3579,-109.81
3581,-109.83
3582.9,-109.85
3584.9,-109.86
3586.8,-109.87
3588.8,-109.89
3590.7,-109.9
3592.7,-109.91
3594.6,-109.93
3596.6,-109.94
3598.5,-109.95
3600.5,-109.94
3602.4,-109.93
3604.4,-109.91
3606.3,-109.89
3608.3,-109.87
3610.3,-109.86
3612.2,-109.87
3614.2,-109.88
3616.1,-109.91
3618.1,-109.96
3620,-110.01
3622,-110.06
3623.9,-110.12
3625.9,-110.16
3627.8,-110.19
3629.8,-110.21
3631.7,-110.21
3633.7,-110.21
3635.7,-110.2
3637.6,-110.19
3639.6,-110.18
3641.5,-110.17
3643.5,-110.15
3645.4,-110.13
3647.4,-110.1
3649.3,-110.06
3651.3,-110.03
3653.2,-109.99
3655.2,-109.96
3657.1,-109.94
3659.1,-109.93
3661.1,-109.94
3663,-109.95
3665,-109.96
3666.9,-109.97
3668.9,-109.98
3670.8,-109.99
3672.8,-110
3674.7,-110.04
3676.7,-110.08
3678.6,-110.14
3680.6,-110.2
3682.5,-110.24
3684.5,-110.25
3686.4,-110.24
3688.4,-110.21
3690.4,-110.16
3692.3,-110.11
3694.3,-110.06
3696.2,-110.02
3698.2,-109.99
3700.1,-109.98
3702.1,-109.97
3704,-109.96
3706,-109.96
3707.9,-109.97
3709.9,-109.99
3711.8,-110.01
3713.8,-110.05
3715.8,-110.1
3717.7,-110.13
3719.7,-110.15
3721.6,-110.15
3723.6,-110.12
3725.5,-110.07
3727.5,-110.02
3729.4,-109.96
3731.4,-109.91
3733.3,-109.87
3735.3,-109.85
3737.2,-109.85
3739.2,-109.87
3741.1,-109.91
3743.1,-109.96
3745.1,-110.02
3747,-110.06
3749,-110.07
3750.9,-110.06
3752.9,-110.04
3754.8,-110.02
3756.8,-110.03
3758.7,-110.06
3760.7,-110.12
3762.6,-110.2
3764.6,-110.28
3766.5,-110.35
3768.5,-110.39
3770.5,-110.42
3772.4,-110.43
3774.4,-110.41
3776.3,-110.38
3778.3,-110.33
3780.2,-110.25
3782.2,-110.16
3784.1,-110.06
3786.1,-109.97
3788,-109.9
3790,-109.85
3791.9,-109.83
3793.9,-109.83
3795.8,-109.85
3797.8,-109.87
3799.8,-109.88
3801.7,-109.88
3803.7,-109.87
3805.6,-109.86
3807.6,-109.87
3809.5,-109.89
3811.5,-109.93
3813.4,-109.99
3815.4,-110.06
3817.3,-110.12
3819.3,-110.17
3821.2,-110.2
3823.2,-110.21
3825.2,-110.2
3827.1,-110.18
3829.1,-110.15
3831,-110.12
3833,-110.09
3834.9,-110.06
3836.9,-110.04
3838.8,-110.02
3840.8,-110.01
3842.7,-110
3844.7,-110
3846.6,-110
3848.6,-110.02
3850.5,-110.05
3852.5,-110.08
3854.5,-110.12
3856.4,-110.16
3858.4,-110.19
3860.3,-110.22
3862.3,-110.22
3864.2,-110.22
3866.2,-110.22
3868.1,-110.21
3870.1,-110.21
3872,-110.21
3874,-110.21
3875.9,-110.21
3877.9,-110.21
3879.9,-110.21
3881.8,-110.22
3883.8,-110.23
3885.7,-110.24
3887.7,-110.24
3889.6,-110.24
3891.6,-110.21
3893.5,-110.17
3895.5,-110.11
3897.4,-110.04
3899.4,-109.98
3901.3,-109.92
3903.3,-109.88
3905.3,-109.87
3907.2,-109.87
3909.2,-109.89
3911.1,-109.93
3913.1,-109.98
3915,-110.03
3917,-110.08
3918.9,-110.12
3920.9,-110.16
3922.8,-110.2
3924.8,-110.22
3926.7,-110.23
3928.7,-110.21
3930.6,-110.18
3932.6,-110.15
3934.6,-110.12
3936.5,-110.11
3938.5,-110.12
3940.4,-110.15
3942.4,-110.19
3944.3,-110.22
3946.3,-110.25
3948.2,-110.27
3950.2,-110.28
3952.1,-110.27
3954.1,-110.25
3956,-110.21
3958,-110.17
3960,-110.12
3961.9,-110.08
3963.9,-110.06
3965.8,-110.04
3967.8,-110.05
3969.7,-110.06
3971.7,-110.1
3973.6,-110.15
3975.6,-110.2
3977.5,-110.26
3979.5,-110.3
3981.4,-110.31
3983.4,-110.28
3985.3,-110.23
3987.3,-110.16
3989.3,-110.1
3991.2,-110.04
3993.2,-110.01
3995.1,-110
3997.1,-110
3999,-110.02
4001,-110.03
4002.9,-110.05
4004.9,-110.06
4006.8,-110.06
4008.8,-110.05
4010.7,-110.02
4012.7,-109.98
4014.7,-109.93
4016.6,-109.89
4018.6,-109.85
4020.5,-109.81
4022.5,-109.77
4024.4,-109.74
4026.4,-109.73
4028.3,-109.73
4030.3,-109.74
4032.2,-109.77
4034.2,-109.8
4036.1,-109.81
4038.1,-109.81
4040,-109.79
4042,-109.76
4044,-109.74
4045.9,-109.74
4047.9,-109.76
4049.8,-109.82
4051.8,-109.89
4053.7,-109.99
4055.7,-110.09
4057.6,-110.19
4059.6,-110.28
4061.5,-110.35
4063.5,-110.4
4065.4,-110.43
4067.4,-110.45
4069.4,-110.44
4071.3,-110.4
4073.3,-110.34
4075.2,-110.25
4077.2,-110.17
4079.1,-110.1
4081.1,-110.05
4083,-110.02
4085,-110
4086.9,-109.97
4088.9,-109.95
4090.8,-109.91
4092.8,-109.89
4094.7,-109.89
4096.7,-109.92
4098.7,-109.97
4100.6,-110.04
4102.6,-110.11
4104.5,-110.18
4106.5,-110.22
4108.4,-110.24
4110.4,-110.25
4112.3,-110.25
4114.3,-110.25
4116.2,-110.25
4118.2,-110.24
4120.1,-110.23
4122.1,-110.21
4124.1,-110.19
4126,-110.17
4128,-110.14
4129.9,-110.13
4131.9,-110.12
4133.8,-110.12
4135.8,-110.13
4137.7,-110.14
4139.7,-110.15
4141.6,-110.15
4143.6,-110.13
4145.5,-110.1
4147.5,-110.06
4149.5,-110.02
4151.4,-109.97
4153.4,-109.95
4155.3,-109.95
4157.3,-109.97
4159.2,-110.02
4161.2,-110.08
4163.1,-110.15
4165.1,-110.21
4167,-110.25
4169,-110.27
4170.9,-110.27
4172.9,-110.27
4174.8,-110.26
4176.8,-110.25
4178.8,-110.24
4180.7,-110.24
4182.7,-110.24
4184.6,-110.24
4186.6,-110.23
4188.5,-110.21
4190.5,-110.19
4192.4,-110.18
4194.4,-110.19
4196.3,-110.22
4198.3,-110.27
4200.2,-110.31
4202.2,-110.34
4204.2,-110.34
4206.1,-110.3
4208.1,-110.24
4210,-110.18
4212,-110.14
4213.9,-110.13
4215.9,-110.15
4217.8,-110.21
4219.8,-110.28
4221.7,-110.36
4223.7,-110.41
4225.6,-110.44
4227.6,-110.44
4229.5,-110.42
4231.5,-110.37
4233.5,-110.32
4235.4,-110.27
4237.4,-110.22
4239.3,-110.19
4241.3,-110.17
4243.2,-110.16
4245.2,-110.17
4247.1,-110.18
4249.1,-110.2
4251,-110.23
4253,-110.26
4254.9,-110.31
4256.9,-110.35
4258.9,-110.37
4260.8,-110.37
4262.8,-110.34
4264.7,-110.28
4266.7,-110.2
4268.6,-110.13
4270.6,-110.06
4272.5,-110.03
4274.5,-110.02
4276.4,-110.04
4278.4,-110.09
4280.3,-110.15
4282.3,-110.2
4284.2,-110.23
4286.2,-110.23
4288.2,-110.2
4290.1,-110.15
4292.1,-110.09
4294,-110.03
4296,-109.98
4297.9,-109.94
4299.9,-109.93
4301.8,-109.92
4303.8,-109.94
4305.7,-109.96
4307.7,-110
4309.6,-110.05
4311.6,-110.12
4313.6,-110.2
4315.5,-110.3
4317.5,-110.39
4319.4,-110.47
4321.4,-110.52
4323.3,-110.54
4325.3,-110.51
4327.2,-110.45
4329.2,-110.38
4331.1,-110.29
4333.1,-110.21
4335,-110.15
4337,-110.09
4338.9,-110.05
4340.9,-110.03
4342.9,-110.01
4344.8,-110.01
4346.8,-110.01
4348.7,-110.01
4350.7,-110.01
4352.6,-110.01
4354.6,-110
4356.5,-110
4358.5,-109.99
4360.4,-109.99
4362.4,-110.01
4364.3,-110.04
4366.3,-110.1
4368.3,-110.17
4370.2,-110.24
4372.2,-110.32
4374.1,-110.37
4376.1,-110.38
4378,-110.36
4380,-110.3
4381.9,-110.24
4383.9,-110.18
4385.8,-110.15
4387.8,-110.15
4389.7,-110.17
4391.7,-110.22
4393.7,-110.27
4395.6,-110.31
4397.6,-110.34
4399.5,-110.35
4401.5,-110.34
4403.4,-110.31
4405.4,-110.26
4407.3,-110.21
4409.3,-110.17
4411.2,-110.14
4413.2,-110.13
4415.1,-110.12
4417.1,-110.11
4419,-110.09
4421,-110.07
4423,-110.04
4424.9,-110.01
4426.9,-110
4428.8,-110
4430.8,-110.02
4432.7,-110.04
4434.7,-110.06
4436.6,-110.07
4438.6,-110.08
4440.5,-110.08
4442.5,-110.08
4444.4,-110.09
4446.4,-110.11
4448.4,-110.14
4450.3,-110.18
4452.3,-110.21
4454.2,-110.24
4456.2,-110.26
4458.1,-110.28
4460.1,-110.28
4462,-110.29
4464,-110.29
4465.9,-110.29
4467.9,-110.29
4469.8,-110.28
4471.8,-110.26
4473.7,-110.25
4475.7,-110.25
4477.7,-110.26
4479.6,-110.27
4481.6,-110.28
4483.5,-110.3
4485.5,-110.32
4487.4,-110.33
4489.4,-110.35
4491.3,-110.37
4493.3,-110.39
4495.2,-110.41
4497.2,-110.43
4499.1,-110.44
4501.1,-110.45
4503.1,-110.46
4505,-110.46
4507,-110.44
4508.9,-110.38
4510.9,-110.3
4512.8,-110.19
4514.8,-110.08
4516.7,-109.97
4518.7,-109.89
4520.6,-109.84
4522.6,-109.84
4524.5,-109.87
4526.5,-109.94
4528.4,-110.03
4530.4,-110.12
4532.4,-110.21
4534.3,-110.29
4536.3,-110.36
4538.2,-110.4
4540.2,-110.42
4542.1,-110.42
4544.1,-110.4
4546,-110.37
4548,-110.34
4549.9,-110.32
4551.9,-110.3
4553.8,-110.29
4555.8,-110.28
4557.8,-110.28
4559.7,-110.28
4561.7,-110.29
4563.6,-110.3
4565.6,-110.32
4567.5,-110.35
4569.5,-110.38
4571.4,-110.42
4573.4,-110.46
4575.3,-110.5
4577.3,-110.54
4579.2,-110.59
4581.2,-110.64
4583.2,-110.69
4585.1,-110.75
4587.1,-110.78
4589,-110.79
4591,-110.76
4592.9,-110.68
4594.9,-110.56
4596.8,-110.43
4598.8,-110.31
4600.7,-110.2
4602.7,-110.14
4604.6,-110.1
4606.6,-110.09
4608.5,-110.09
4610.5,-110.08
4612.5,-110.06
4614.4,-110.04
4616.4,-110
4618.3,-109.96
4620.3,-109.92
4622.2,-109.89
4624.2,-109.87
4626.1,-109.85
4628.1,-109.84
4630,-109.84
4632,-109.84
4633.9,-109.86
4635.9,-109.88
4637.9,-109.9
4639.8,-109.93
4641.8,-109.94
4643.7,-109.95
4645.7,-109.94
4647.6,-109.93
4649.6,-109.91
4651.5,-109.91
4653.5,-109.91
4655.4,-109.93
4657.4,-109.96
4659.3,-110.01
4661.3,-110.07
4663.2,-110.14
4665.2,-110.22
4667.2,-110.3
4669.1,-110.37
4671.1,-110.41
4673,-110.43
4675,-110.41
4676.9,-110.36
4678.9,-110.29
4680.8,-110.22
4682.8,-110.16
4684.7,-110.12
4686.7,-110.12
4688.6,-110.14
4690.6,-110.2
4692.6,-110.26
4694.5,-110.32
4696.5,-110.37
4698.4,-110.39
4700.4,-110.39
4702.3,-110.38
4704.3,-110.37
4706.2,-110.36
4708.2,-110.35
4710.1,-110.34
4712.1,-110.33
4714,-110.3
4716,-110.25
4717.9,-110.19
4719.9,-110.11
4721.9,-110.04
4723.8,-109.98
4725.8,-109.95
4727.7,-109.93
4729.7,-109.93
4731.6,-109.93
4733.6,-109.94
4735.5,-109.95
4737.5,-109.97
4739.4,-110.01
4741.4,-110.06
4743.3,-110.12
4745.3,-110.19
4747.3,-110.26
4749.2,-110.31
4751.2,-110.35
4753.1,-110.38
4755.1,-110.38
4757,-110.39
4759,-110.38
4760.9,-110.38
4762.9,-110.37
4764.8,-110.37
4766.8,-110.37
4768.7,-110.38
4770.7,-110.38
4772.6,-110.38
4774.6,-110.35
4776.6,-110.32
4778.5,-110.27
4780.5,-110.21
4782.4,-110.15
4784.4,-110.09
4786.3,-110.02
4788.3,-109.96
4790.2,-109.91
4792.2,-109.87
4794.1,-109.86
4796.1,-109.88
4798,-109.93
4800,-110.02
4802,-110.14
4803.9,-110.26
4805.9,-110.38
4807.8,-110.46
4809.8,-110.51
4811.7,-110.51
4813.7,-110.49
4815.6,-110.45
4817.6,-110.41
4819.5,-110.38
4821.5,-110.37
4823.4,-110.36
4825.4,-110.36
4827.4,-110.36
4829.3,-110.37
4831.3,-110.38
4833.2,-110.39
4835.2,-110.41
4837.1,-110.41
4839.1,-110.4
4841,-110.38
4843,-110.35
4844.9,-110.32
4846.9,-110.29
4848.8,-110.28
4850.8,-110.3
4852.7,-110.34
4854.7,-110.4
4856.7,-110.49
4858.6,-110.58
4860.6,-110.67
4862.5,-110.73
4864.5,-110.76
4866.4,-110.77
4868.4,-110.74
4870.3,-110.71
4872.3,-110.66
4874.2,-110.62
4876.2,-110.57
4878.1,-110.53
4880.1,-110.49
4882.1,-110.45
4884,-110.42
4886,-110.39
4887.9,-110.36
4889.9,-110.34
4891.8,-110.31
4893.8,-110.28
4895.7,-110.25
4897.7,-110.22
4899.6,-110.19
4901.6,-110.17
4903.5,-110.15
4905.5,-110.14
4907.4,-110.14
4909.4,-110.14
4911.4,-110.14
4913.3,-110.14
4915.3,-110.12
4917.2,-110.08
4919.2,-110.04
4921.1,-110.01
4923.1,-109.98
4925,-109.98
4927,-110.01
4928.9,-110.06
4930.9,-110.13
4932.8,-110.22
4934.8,-110.3
4936.8,-110.37
4938.7,-110.42
4940.7,-110.44
4942.6,-110.43
4944.6,-110.39
4946.5,-110.32
4948.5,-110.25
4950.4,-110.17
4952.4,-110.09
4954.3,-110.03
4956.3,-109.98
4958.2,-109.96
4960.2,-109.96
4962.1,-109.99
4964.1,-110.05
4966.1,-110.11
4968,-110.19
4970,-110.25
4971.9,-110.29
4973.9,-110.31
4975.8,-110.3
4977.8,-110.27
4979.7,-110.24
4981.7,-110.22
4983.6,-110.23
4985.6,-110.26
4987.5,-110.31
4989.5,-110.38
4991.5,-110.44
4993.4,-110.48
4995.4,-110.48
4997.3,-110.45
4999.3,-110.39
5001.2,-110.32
5003.2,-110.26
5005.1,-110.2
5007.1,-110.17
5009,-110.15
5011,-110.16
5012.9,-110.18
5014.9,-110.21
5016.8,-110.25
5018.8,-110.3
5020.8,-110.35
5022.7,-110.39
5024.7,-110.4
5026.6,-110.39
5028.6,-110.35
5030.5,-110.29
5032.5,-110.22
5034.4,-110.15
5036.4,-110.09
5038.3,-110.05
5040.3,-110.04
5042.2,-110.07
5044.2,-110.12
5046.2,-110.19
5048.1,-110.28
5050.1,-110.36
5052,-110.43
5054,-110.49
5055.9,-110.53
5057.9,-110.55
5059.8,-110.54
5061.8,-110.52
5063.7,-110.48
5065.7,-110.43
5067.6,-110.37
5069.6,-110.31
5071.6,-110.27
5073.5,-110.24
5075.5,-110.22
5077.4,-110.22
5079.4,-110.24
5081.3,-110.26
5083.3,-110.29
5085.2,-110.3
5087.2,-110.31
5089.1,-110.3
5091.1,-110.29
5093,-110.28
5095,-110.27
5096.9,-110.28
5098.9,-110.29
5100.9,-110.32
5102.8,-110.35
5104.8,-110.38
5106.7,-110.41
5108.7,-110.43
5110.6,-110.44
5112.6,-110.44
5114.5,-110.43
5116.5,-110.42
5118.4,-110.42
5120.4,-110.43
5122.3,-110.44
5124.3,-110.45
5126.3,-110.47
5128.2,-110.49
5130.2,-110.5
5132.1,-110.51
5134.1,-110.51
5136,-110.51
5138,-110.52
5139.9,-110.53
5141.9,-110.53
5143.8,-110.53
5145.8,-110.52
5147.7,-110.5
5149.7,-110.48
5151.6,-110.45
5153.6,-110.42
5155.6,-110.38
5157.5,-110.32
5159.5,-110.26
5161.4,-110.2
5163.4,-110.15
5165.3,-110.11
5167.3,-110.09
5169.2,-110.07
5171.2,-110.04
5173.1,-110.01
5175.1,-109.97
5177,-109.93
5179,-109.92
5181,-109.94
5182.9,-109.99
5184.9,-110.06
5186.8,-110.14
5188.8,-110.21
5190.7,-110.27
5192.7,-110.31
5194.6,-110.34
5196.6,-110.35
5198.5,-110.37
5200.5,-110.38
5202.4,-110.41
5204.4,-110.43
5206.3,-110.45
5208.3,-110.46
5210.3,-110.45
5212.2,-110.42
5214.2,-110.37
5216.1,-110.31
5218.1,-110.27
5220,-110.24
5222,-110.23
5223.9,-110.23
5225.9,-110.23
5227.8,-110.23
5229.8,-110.24
5231.7,-110.26
5233.7,-110.27
5235.7,-110.28
5237.6,-110.27
5239.6,-110.25
5241.5,-110.2
5243.5,-110.14
5245.4,-110.09
5247.4,-110.05
5249.3,-110.03
5251.3,-110.06
5253.2,-110.11
5255.2,-110.18
5257.1,-110.26
5259.1,-110.32
5261.1,-110.36
5263,-110.37
5265,-110.35
5266.9,-110.32
5268.9,-110.29
5270.8,-110.27
5272.8,-110.29
5274.7,-110.33
5276.7,-110.39
5278.6,-110.47
5280.6,-110.55
5282.5,-110.6
5284.5,-110.61
5286.4,-110.6
5288.4,-110.55
5290.4,-110.48
5292.3,-110.41
5294.3,-110.34
5296.2,-110.29
5298.2,-110.25
5300.1,-110.22
5302.1,-110.2
5304,-110.19
5306,-110.17
5307.9,-110.15
5309.9,-110.12
5311.8,-110.08
5313.8,-110.02
5315.8,-109.94
5317.7,-109.86
5319.7,-109.79
5321.6,-109.74
5323.6,-109.74
5325.5,-109.79
5327.5,-109.87
5329.4,-109.97
5331.4,-110.08
5333.3,-110.16
5335.3,-110.2
5337.2,-110.22
5339.2,-110.21
5341.1,-110.18
5343.1,-110.14
5345.1,-110.11
5347,-110.08
5349,-110.07
5350.9,-110.07
5352.9,-110.08
5354.8,-110.1
5356.8,-110.11
5358.7,-110.11
5360.7,-110.1
5362.6,-110.08
5364.6,-110.05
5366.5,-110.01
5368.5,-109.96
5370.5,-109.91
5372.4,-109.86
5374.4,-109.82
5376.3,-109.81
5378.3,-109.82
5380.2,-109.85
5382.2,-109.9
5384.1,-109.97
5386.1,-110.04
5388,-110.1
5390,-110.16
5391.9,-110.22
5393.9,-110.28
5395.8,-110.34
5397.8,-110.4
5399.8,-110.44
5401.7,-110.45
5403.7,-110.44
5405.6,-110.39
5407.6,-110.33
5409.5,-110.26
5411.5,-110.2
5413.4,-110.16
5415.4,-110.15
5417.3,-110.15
5419.3,-110.17
5421.2,-110.2
5423.2,-110.22
5425.2,-110.25
5427.1,-110.28
5429.1,-110.32
5431,-110.35
5433,-110.39
5434.9,-110.41
5436.9,-110.42
5438.8,-110.42
5440.8,-110.39
5442.7,-110.36
5444.7,-110.32
5446.6,-110.27
5448.6,-110.23
5450.5,-110.2
5452.5,-110.19
5454.5,-110.19
5456.4,-110.22
5458.4,-110.27
5460.3,-110.33
5462.3,-110.39
5464.2,-110.44
5466.2,-110.48
5468.1,-110.5
5470.1,-110.49
5472,-110.47
5474,-110.45
5475.9,-110.42
5477.9,-110.38
5479.9,-110.34
5481.8,-110.28
5483.8,-110.21
5485.7,-110.14
5487.7,-110.07
5489.6,-110.03
5491.6,-110.01
5493.5,-110.01
5495.5,-110.04
5497.4,-110.08
5499.4,-110.14
5501.3,-110.21
5503.3,-110.27
5505.3,-110.34
5507.2,-110.39
5509.2,-110.43
5511.1,-110.44
5513.1,-110.42
5515,-110.39
5517,-110.36
5518.9,-110.32
5520.9,-110.28
5522.8,-110.25
5524.8,-110.22
5526.7,-110.21
5528.7,-110.21
5530.6,-110.23
5532.6,-110.27
5534.6,-110.31
5536.5,-110.34
5538.5,-110.36
5540.4,-110.35
5542.4,-110.33
5544.3,-110.31
5546.3,-110.29
5548.2,-110.28
5550.2,-110.28
5552.1,-110.3
5554.1,-110.33
5556,-110.39
5558,-110.45
5560,-110.51
5561.9,-110.56
5563.9,-110.6
5565.8,-110.62
5567.8,-110.63
5569.7,-110.64
5571.7,-110.64
5573.6,-110.65
5575.6,-110.65
5577.5,-110.65
5579.5,-110.65
5581.4,-110.64
5583.4,-110.62
5585.3,-110.6
5587.3,-110.57
5589.3,-110.52
5591.2,-110.47
5593.2,-110.41
5595.1,-110.36
5597.1,-110.33
5599,-110.31
5601,-110.32
5602.9,-110.34
5604.9,-110.38
5606.8,-110.44
5608.8,-110.5
5610.7,-110.57
5612.7,-110.63
5614.7,-110.69
5616.6,-110.73
5618.6,-110.75
5620.5,-110.76
5622.5,-110.75
5624.4,-110.72
5626.4,-110.69
5628.3,-110.63
5630.3,-110.58
5632.2,-110.52
5634.2,-110.47
5636.1,-110.44
5638.1,-110.43
5640,-110.43
5642,-110.43
5644,-110.41
5645.9,-110.37
5647.9,-110.31
5649.8,-110.24
5651.8,-110.18
5653.7,-110.14
5655.7,-110.13
5657.6,-110.14
5659.6,-110.18
5661.5,-110.23
5663.5,-110.28
5665.4,-110.34
5667.4,-110.39
5669.4,-110.44
5671.3,-110.48
5673.3,-110.51
5675.2,-110.52
5677.2,-110.51
5679.1,-110.49
5681.1,-110.47
5683,-110.44
5685,-110.41
5686.9,-110.39
5688.9,-110.38
5690.8,-110.37
5692.8,-110.37
5694.7,-110.36
5696.7,-110.35
5698.7,-110.32
5700.6,-110.29
5702.6,-110.26
5704.5,-110.24
5706.5,-110.23
5708.4,-110.22
5710.4,-110.22
5712.3,-110.2
5714.3,-110.18
5716.2,-110.14
5718.2,-110.11
5720.1,-110.11
5722.1,-110.13
5724.1,-110.2
5726,-110.29
5728,-110.4
5729.9,-110.5
5731.9,-110.58
5733.8,-110.64
5735.8,-110.67
5737.7,-110.69
5739.7,-110.7
5741.6,-110.71
5743.6,-110.71
5745.5,-110.71
5747.5,-110.7
5749.5,-110.67
5751.4,-110.62
5753.4,-110.56
5755.3,-110.51
5757.3,-110.46
5759.2,-110.41
5761.2,-110.38
5763.1,-110.34
5765.1,-110.31
5767,-110.26
5769,-110.22
5770.9,-110.18
5772.9,-110.13
5774.8,-110.1
5776.8,-110.07
5778.8,-110.05
5780.7,-110.03
5782.7,-110.02
5784.6,-110.01
5786.6,-110
5788.5,-110
5790.5,-110.01
5792.4,-110.02
5794.4,-110.04
5796.3,-110.06
5798.3,-110.09
5800.2,-110.12
5802.2,-110.16
5804.2,-110.19
5806.1,-110.23
5808.1,-110.27
5810,-110.31
5812,-110.34
5813.9,-110.37
5815.9,-110.4
5817.8,-110.43
5819.8,-110.46
5821.7,-110.5
5823.7,-110.54
5825.6,-110.58
5827.6,-110.62
5829.5,-110.65
5831.5,-110.66
5833.5,-110.66
5835.4,-110.64
5837.4,-110.61
5839.3,-110.57
5841.3,-110.54
5843.2,-110.52
5845.2,-110.51
5847.1,-110.53
5849.1,-110.55
5851,-110.59
5853,-110.64
5854.9,-110.69
5856.9,-110.73
5858.9,-110.75
5860.8,-110.76
5862.8,-110.77
5864.7,-110.77
5866.7,-110.78
5868.6,-110.79
5870.6,-110.8
5872.5,-110.81
5874.5,-110.82
5876.4,-110.83
5878.4,-110.85
5880.3,-110.87
5882.3,-110.88
5884.2,-110.86
5886.2,-110.83
5888.2,-110.78
5890.1,-110.72
5892.1,-110.68
5894,-110.65
5896,-110.65
5897.9,-110.66
5899.9,-110.67
5901.8,-110.68
5903.8,-110.69
5905.7,-110.7
5907.7,-110.71
5909.6,-110.74
5911.6,-110.78
5913.6,-110.83
5915.5,-110.87
5917.5,-110.91
5919.4,-110.95
5921.4,-110.98
5923.3,-111.01
5925.3,-111.03
5927.2,-111.06
5929.2,-111.07
5931.1,-111.08
5933.1,-111.07
5935,-111.05
5937,-111.01
5938.9,-110.97
5940.9,-110.92
5942.9,-110.88
5944.8,-110.83
5946.8,-110.8
5948.7,-110.77
5950.7,-110.77
5952.6,-110.78
5954.6,-110.8
5956.5,-110.83
5958.5,-110.86
5960.4,-110.89
5962.4,-110.9
5964.3,-110.91
5966.3,-110.9
5968.3,-110.88
5970.2,-110.86
5972.2,-110.82
5974.1,-110.78
5976.1,-110.74
5978,-110.71
5980,-110.69
5981.9,-110.7
5983.9,-110.74
5985.8,-110.8
5987.8,-110.88
5989.7,-110.96
5991.7,-111.04
5993.7,-111.09
5995.6,-111.11
5997.6,-111.11
5999.5,-111.09
6001.5,-111.05
6003.4,-111
6005.4,-110.95
6007.3,-110.91
6009.3,-110.87
6011.2,-110.85
6013.2,-110.83
6015.1,-110.81
6017.1,-110.81
6019,-110.8
6021,-110.8
6023,-110.8
6024.9,-110.8
6026.9,-110.79
6028.8,-110.77
6030.8,-110.75
6032.7,-110.73
6034.7,-110.72
6036.6,-110.75
6038.6,-110.79
6040.5,-110.86
6042.5,-110.93
6044.4,-111
6046.4,-111.06
6048.4,-111.1
6050.3,-111.13
6052.3,-111.16
6054.2,-111.18
6056.2,-111.19
6058.1,-111.18
6060.1,-111.15
6062,-111.11
6064,-111.06
6065.9,-111.01
6067.9,-111
6069.8,-111.01
6071.8,-111.04
6073.7,-111.08
6075.7,-111.13
6077.7,-111.16
6079.6,-111.17
6081.6,-111.17
6083.5,-111.18
6085.5,-111.19
6087.4,-111.22
6089.4,-111.27
6091.3,-111.33
6093.3,-111.39
6095.2,-111.45
6097.2,-111.49
6099.1,-111.5
6101.1,-111.49
6103.1,-111.45
6105,-111.41
6107,-111.36
6108.9,-111.33
6110.9,-111.32
6112.8,-111.34
6114.8,-111.38
6116.7,-111.43
6118.7,-111.47
6120.6,-111.5
6122.6,-111.5
6124.5,-111.48
6126.5,-111.44
6128.4,-111.39
6130.4,-111.33
6132.4,-111.28
6134.3,-111.24
6136.3,-111.21
6138.2,-111.2
6140.2,-111.21
6142.1,-111.25
6144.1,-111.32
6146,-111.4
6148,-111.49
6149.9,-111.58
6151.9,-111.67
6153.8,-111.74
6155.8,-111.8
6157.8,-111.85
6159.7,-111.88
6161.7,-111.88
6163.6,-111.85
6165.6,-111.81
6167.5,-111.75
6169.5,-111.69
6171.4,-111.64
6173.4,-111.59
6175.3,-111.56
6177.3,-111.55
6179.2,-111.55
6181.2,-111.57
6183.2,-111.61
6185.1,-111.67
6187.1,-111.73
6189,-111.79
6191,-111.85
6192.9,-111.9
6194.9,-111.95
6196.8,-111.99
6198.8,-112.02
6200.7,-112.03
6202.7,-112.03
6204.6,-112.01
6206.6,-111.97
6208.5,-111.93
6210.5,-111.89
6212.5,-111.85
6214.4,-111.82
6216.4,-111.78
6218.3,-111.75
6220.3,-111.73
6222.2,-111.71
6224.2,-111.71
6226.1,-111.72
6228.1,-111.72
6230,-111.73
6232,-111.72
6233.9,-111.71
6235.9,-111.7
6237.9,-111.69
6239.8,-111.69
6241.8,-111.7
6243.7,-111.74
6245.7,-111.79
6247.6,-111.84
6249.6,-111.9
6251.5,-111.93
6253.5,-111.95
6255.4,-111.94
6257.4,-111.91
6259.3,-111.89
6261.3,-111.86
6263.2,-111.86
6265.2,-111.86
6267.2,-111.87
6269.1,-111.89
6271.1,-111.9
6273,-111.91
6275,-111.91
6276.9,-111.92
6278.9,-111.94
6280.8,-111.97
6282.8,-112.01
6284.7,-112.06
6286.7,-112.1
6288.6,-112.13
6290.6,-112.15
6292.6,-112.18
6294.5,-112.2
6296.5,-112.24
6298.4,-112.29
6300.4,-112.35
6302.3,-112.41
6304.3,-112.47
6306.2,-112.52
6308.2,-112.55
6310.1,-112.58
6312.1,-112.59
6314,-112.6
6316,-112.59
6317.9,-112.57
6319.9,-112.55
6321.9,-112.53
6323.8,-112.53
6325.8,-112.53
6327.7,-112.56
6329.7,-112.61
6331.6,-112.67
6333.6,-112.74
6335.5,-112.8
6337.5,-112.86
6339.4,-112.89
6341.4,-112.91
6343.3,-112.89
6345.3,-112.86
6347.3,-112.8
6349.2,-112.75
6351.2,-112.71
6353.1,-112.71
6355.1,-112.74
6357,-112.8
6359,-112.89
6360.9,-112.99
6362.9,-113.09
6364.8,-113.15
6366.8,-113.18
6368.7,-113.18
6370.7,-113.14
6372.6,-113.08
6374.6,-113.01
6376.6,-112.96
6378.5,-112.94
6380.5,-112.93
6382.4,-112.94
6384.4,-112.96
6386.3,-112.96
6388.3,-112.96
6390.2,-112.94
6392.2,-112.94
6394.1,-112.94
6396.1,-112.97
6398,-113.02
6400,-113.07
6402,-113.13
6403.9,-113.18
6405.9,-113.21
6407.8,-113.23
6409.8,-113.23
6411.7,-113.21
6413.7,-113.19
6415.6,-113.18
6417.6,-113.17
6419.5,-113.17
6421.5,-113.19
6423.4,-113.22
6425.4,-113.25
6427.4,-113.29
6429.3,-113.31
6431.3,-113.34
6433.2,-113.36
6435.2,-113.38
6437.1,-113.41
6439.1,-113.45
6441,-113.5
6443,-113.55
6444.9,-113.59
6446.9,-113.62
6448.8,-113.63
6450.8,-113.64
6452.7,-113.64
6454.7,-113.64
6456.7,-113.65
6458.6,-113.66
6460.6,-113.69
6462.5,-113.73
6464.5,-113.77
6466.4,-113.81
6468.4,-113.84
6470.3,-113.87
6472.3,-113.9
6474.2,-113.91
6476.2,-113.91
6478.1,-113.9
6480.1,-113.88
6482.1,-113.84
6484,-113.81
6486,-113.78
6487.9,-113.76
6489.9,-113.76
6491.8,-113.78
6493.8,-113.83
6495.7,-113.89
6497.7,-113.97
6499.6,-114.05
6501.6,-114.13
6503.5,-114.19
6505.5,-114.23
6507.4,-114.24
6509.4,-114.24
6511.4,-114.23
6513.3,-114.22
6515.3,-114.22
6517.2,-114.22
6519.2,-114.23
6521.1,-114.25
6523.1,-114.28
6525,-114.32
6527,-114.36
6528.9,-114.41
6530.9,-114.45
6532.8,-114.5
6534.8,-114.54
6536.8,-114.58
6538.7,-114.63
6540.7,-114.68
6542.6,-114.73
6544.6,-114.79
6546.5,-114.84
6548.5,-114.89
6550.4,-114.93
6552.4,-114.97
6554.3,-115.01
6556.3,-115.03
6558.2,-115.05
6560.2,-115.05
6562.1,-115.04
6564.1,-115.03
6566.1,-115.01
6568,-114.98
6570,-114.95
6571.9,-114.92
6573.9,-114.9
6575.8,-114.89
6577.8,-114.9
6579.7,-114.92
6581.7,-114.94
6583.6,-114.97
6585.6,-115
6587.5,-115.04
6589.5,-115.08
6591.5,-115.12
6593.4,-115.16
6595.4,-115.21
6597.3,-115.26
6599.3,-115.31
6601.2,-115.35
6603.2,-115.39
6605.1,-115.43
6607.1,-115.47
6609,-115.52
6611,-115.58
6612.9,-115.64
6614.9,-115.67
6616.8,-115.69
6618.8,-115.69
6620.8,-115.66
6622.7,-115.64
6624.7,-115.63
6626.6,-115.66
6628.6,-115.71
6630.5,-115.8
6632.5,-115.91
6634.4,-116.01
6636.4,-116.1
6638.3,-116.16
6640.3,-116.18
6642.2,-116.18
6644.2,-116.16
6646.2,-116.15
6648.1,-116.15
6650.1,-116.18
6652,-116.24
6654,-116.31
6655.9,-116.39
6657.9,-116.46
6659.8,-116.51
6661.8,-116.53
6663.7,-116.54
6665.7,-116.54
6667.6,-116.54
6669.6,-116.56
6671.6,-116.6
6673.5,-116.65
6675.5,-116.71
6677.4,-116.77
6679.4,-116.8
6681.3,-116.8
6683.3,-116.77
6685.2,-116.72
6687.2,-116.68
6689.1,-116.65
6691.1,-116.64
6693,-116.67
6695,-116.71
6696.9,-116.78
6698.9,-116.84
6700.9,-116.91
6702.8,-116.98
6704.8,-117.04
6706.7,-117.09
6708.7,-117.13
6710.6,-117.18
6712.6,-117.22
6714.5,-117.28
6716.5,-117.33
6718.4,-117.39
6720.4,-117.43
6722.3,-117.46
6724.3,-117.48
6726.3,-117.48
6728.2,-117.47
6730.2,-117.46
6732.1,-117.46
6734.1,-117.47
6736,-117.49
6738,-117.52
6739.9,-117.55
6741.9,-117.59
6743.8,-117.62
6745.8,-117.67
6747.7,-117.71
6749.7,-117.76
6751.6,-117.82
6753.6,-117.87
6755.6,-117.91
6757.5,-117.95
6759.5,-117.98
6761.4,-118.01
6763.4,-118.04
6765.3,-118.08
6767.3,-118.14
6769.2,-118.2
6771.2,-118.26
6773.1,-118.31
6775.1,-118.35
6777,-118.37
6779,-118.39
6781,-118.41
6782.9,-118.43
6784.9,-118.45
6786.8,-118.47
6788.8,-118.48
6790.7,-118.5
6792.7,-118.51
6794.6,-118.53
6796.6,-118.55
6798.5,-118.59
6800.5,-118.64
6802.4,-118.7
6804.4,-118.79
6806.3,-118.88
6808.3,-118.97
6810.3,-119.06
6812.2,-119.13
6814.2,-119.19
6816.1,-119.22
6818.1,-119.25
6820,-119.27
6822,-119.29
6823.9,-119.3
6825.9,-119.29
6827.8,-119.26
6829.8,-119.22
6831.7,-119.17
6833.7,-119.14
6835.7,-119.14
6837.6,-119.17
6839.6,-119.22
6841.5,-119.3
6843.5,-119.39
6845.4,-119.48
6847.4,-119.58
6849.3,-119.69
6851.3,-119.79
6853.2,-119.9
6855.2,-119.99
6857.1,-120.07
6859.1,-120.12
6861.1,-120.15
6863,-120.17
6865,-120.17
6866.9,-120.17
6868.9,-120.17
6870.8,-120.17
6872.8,-120.18
6874.7,-120.22
6876.7,-120.27
6878.6,-120.35
6880.6,-120.44
6882.5,-120.53
6884.5,-120.61
6886.4,-120.66
6888.4,-120.67
6890.4,-120.64
6892.3,-120.59
6894.3,-120.53
6896.2,-120.49
6898.2,-120.48
6900.1,-120.53
6902.1,-120.62
6904,-120.75
6906,-120.89
6907.9,-121.03
6909.9,-121.15
6911.8,-121.24
6913.8,-121.29
6915.8,-121.31
6917.7,-121.31
6919.7,-121.29
6921.6,-121.27
6923.6,-121.25
6925.5,-121.26
6927.5,-121.28
6929.4,-121.33
6931.4,-121.4
6933.3,-121.49
6935.3,-121.6
6937.2,-121.72
6939.2,-121.83
6941.1,-121.92
6943.1,-121.97
6945.1,-121.98
6947,-121.97
6949,-121.94
6950.9,-121.92
6952.9,-121.92
6954.8,-121.95
6956.8,-122
6958.7,-122.06
6960.7,-122.11
6962.6,-122.16
6964.6,-122.2
6966.5,-122.23
6968.5,-122.28
6970.5,-122.34
6972.4,-122.42
6974.4,-122.52
6976.3,-122.64
6978.3,-122.77
6980.2,-122.89
6982.2,-123
6984.1,-123.07
6986.1,-123.1
6988,-123.09
6990,-123.06
6991.9,-123
6993.9,-122.94
6995.8,-122.88
6997.8,-122.85
6999.8,-122.84
7001.7,-122.86
7003.7,-122.89
7005.6,-122.93
7007.6,-122.97
7009.5,-122.99
7011.5,-123.01
7013.4,-123.01
7015.4,-123.01
7017.3,-123.02
7019.3,-123.04
7021.2,-123.06
7023.2,-123.1
7025.2,-123.15
7027.1,-123.2
7029.1,-123.27
7031,-123.35
7033,-123.44
7034.9,-123.54
7036.9,-123.64
7038.8,-123.74
7040.8,-123.81
7042.7,-123.87
7044.7,-123.89
7046.6,-123.87
7048.6,-123.84
7050.5,-123.79
7052.5,-123.74
7054.5,-123.69
7056.4,-123.66
7058.4,-123.64
7060.3,-123.63
7062.3,-123.65
7064.2,-123.67
7066.2,-123.71
7068.1,-123.75
7070.1,-123.8
7072,-123.86
7074,-123.92
7075.9,-123.98
7077.9,-124.03
7079.9,-124.07
7081.8,-124.1
7083.8,-124.14
7085.7,-124.18
7087.7,-124.24
7089.6,-124.32
7091.6,-124.41
7093.5,-124.5
7095.5,-124.59
7097.4,-124.66
7099.4,-124.71
7101.3,-124.74
7103.3,-124.77
7105.3,-124.79
7107.2,-124.83
7109.2,-124.88
7111.1,-124.94
7113.1,-125.03
7115,-125.12
7117,-125.21
7118.9,-125.29
7120.9,-125.35
7122.8,-125.4
7124.8,-125.43
7126.7,-125.44
7128.7,-125.45
7130.6,-125.45
7132.6,-125.45
7134.6,-125.43
7136.5,-125.41
7138.5,-125.4
7140.4,-125.39
7142.4,-125.4
7144.3,-125.42
7146.3,-125.47
7148.2,-125.55
7150.2,-125.63
7152.1,-125.73
7154.1,-125.83
7156,-125.92
7158,-125.99
7160,-126.03
7161.9,-126.06
7163.9,-126.08
7165.8,-126.09
7167.8,-126.1
7169.7,-126.13
7171.7,-126.15
7173.6,-126.18
7175.6,-126.18
7177.5,-126.17
7179.5,-126.12
7181.4,-126.06
7183.4,-126
7185.3,-125.95
7187.3,-125.94
7189.3,-125.97
7191.2,-126.02
7193.2,-126.09
7195.1,-126.15
7197.1,-126.21
7199,-126.26
7201,-126.31
7202.9,-126.35
7204.9,-126.4
7206.8,-126.45
7208.8,-126.51
7210.7,-126.57
7212.7,-126.63
7214.7,-126.7
7216.6,-126.76
7218.6,-126.82
7220.5,-126.87
7222.5,-126.89
7224.4,-126.9
7226.4,-126.89
7228.3,-126.87
7230.3,-126.86
7232.2,-126.85
7234.2,-126.84
7236.1,-126.85
7238.1,-126.85
7240,-126.84
7242,-126.82
7244,-126.79
7245.9,-126.75
7247.9,-126.71
7249.8,-126.68
7251.8,-126.67
7253.7,-126.68
7255.7,-126.72
7257.6,-126.77
7259.6,-126.85
7261.5,-126.93
7263.5,-127.01
7265.4,-127.08
7267.4,-127.16
7269.4,-127.23
7271.3,-127.3
7273.3,-127.36
7275.2,-127.41
7277.2,-127.44
7279.1,-127.43
7281.1,-127.39
7283,-127.32
7285,-127.24
7286.9,-127.15
7288.9,-127.06
7290.8,-127
7292.8,-126.96
7294.7,-126.97
7296.7,-127.03
7298.7,-127.12
7300.6,-127.24
7302.6,-127.37
7304.5,-127.48
7306.5,-127.56
7308.4,-127.61
7310.4,-127.63
7312.3,-127.64
7314.3,-127.64
7316.2,-127.64
7318.2,-127.65
7320.1,-127.66
7322.1,-127.67
7324.1,-127.68
7326,-127.68
7328,-127.67
7329.9,-127.67
7331.9,-127.66
7333.8,-127.66
7335.8,-127.68
7337.7,-127.71
7339.7,-127.76
7341.6,-127.82
7343.6,-127.88
7345.5,-127.93
7347.5,-127.97
7349.5,-127.97
7351.4,-127.94
7353.4,-127.89
7355.3,-127.82
7357.3,-127.75
7359.2,-127.7
7361.2,-127.65
7363.1,-127.62
7365.1,-127.61
7367,-127.59
7369,-127.58
7370.9,-127.57
7372.9,-127.56
7374.8,-127.54
7376.8,-127.53
7378.8,-127.53
7380.7,-127.52
7382.7,-127.53
7384.6,-127.54
7386.6,-127.56
7388.5,-127.58
7390.5,-127.61
7392.4,-127.64
7394.4,-127.67
7396.3,-127.72
7398.3,-127.79
7400.2,-127.86
7402.2,-127.93
7404.2,-127.99
7406.1,-128.03
7408.1,-128.06
7410,-128.07
7412,-128.07
7413.9,-128.05
7415.9,-128.02
7417.8,-128
7419.8,-127.97
7421.7,-127.95
7423.7,-127.94
7425.6,-127.95
7427.6,-127.97
7429.5,-128.01
7431.5,-128.06
7433.5,-128.13
7435.4,-128.2
7437.4,-128.27
7439.3,-128.33
7441.3,-128.36
7443.2,-128.37
7445.2,-128.36
7447.1,-128.33
7449.1,-128.29
7451,-128.26
7453,-128.23
7454.9,-128.2
7456.9,-128.18
7458.9,-128.16
7460.8,-128.15
7462.8,-128.13
7464.7,-128.11
7466.7,-128.09
7468.6,-128.06
7470.6,-128.03
7472.5,-128.02
7474.5,-128.03
7476.4,-128.05
7478.4,-128.09
7480.3,-128.12
7482.3,-128.13
7484.2,-128.12
7486.2,-128.08
7488.2,-128.03
7490.1,-127.97
7492.1,-127.92
7494,-127.88
7496,-127.85
7497.9,-127.83
7499.9,-127.83
7501.8,-127.84
7503.8,-127.86
7505.7,-127.9
7507.7,-127.96
7509.6,-128.04
7511.6,-128.13
7513.6,-128.23
7515.5,-128.33
7517.5,-128.42
7519.4,-128.49
7521.4,-128.54
7523.3,-128.56
7525.3,-128.56
7527.2,-128.54
7529.2,-128.52
7531.1,-128.49
7533.1,-128.47
7535,-128.46
7537,-128.46
7538.9,-128.47
7540.9,-128.47
7542.9,-128.47
7544.8,-128.45
7546.8,-128.42
7548.7,-128.37
7550.7,-128.32
7552.6,-128.26
7554.6,-128.21
7556.5,-128.18
7558.5,-128.17
7560.4,-128.19
7562.4,-128.23
7564.3,-128.28
7566.3,-128.33
7568.3,-128.37
7570.2,-128.39
7572.2,-128.39
7574.1,-128.38
7576.1,-128.35
7578,-128.32
7580,-128.29
7581.9,-128.25
7583.9,-128.22
7585.8,-128.18
7587.8,-128.14
7589.7,-128.12
7591.7,-128.1
7593.7,-128.1
7595.6,-128.12
7597.6,-128.15
7599.5,-128.2
7601.5,-128.26
7603.4,-128.31
7605.4,-128.36
7607.3,-128.39
7609.3,-128.41
7611.2,-128.42
7613.2,-128.43
7615.1,-128.43
7617.1,-128.43
7619,-128.42
7621,-128.41
7623,-128.38
7624.9,-128.34
7626.9,-128.28
7628.8,-128.22
7630.8,-128.15
7632.7,-128.09
7634.7,-128.05
7636.6,-128.05
7638.6,-128.09
7640.5,-128.16
7642.5,-128.24
7644.4,-128.32
7646.4,-128.37
7648.4,-128.37
7650.3,-128.35
7652.3,-128.3
7654.2,-128.25
7656.2,-128.21
7658.1,-128.19
7660.1,-128.18
7662,-128.19
7664,-128.2
7665.9,-128.21
7667.9,-128.21
7669.8,-128.21
7671.8,-128.2
7673.7,-128.17
7675.7,-128.14
7677.7,-128.11
7679.6,-128.07
7681.6,-128.03
7683.5,-128
7685.5,-127.97
7687.4,-127.95
7689.4,-127.95
7691.3,-127.95
7693.3,-127.96
7695.2,-127.98
7697.2,-128.01
7699.1,-128.03
7701.1,-128.04
7703.1,-128.03
7705,-128.01
7707,-127.98
7708.9,-127.95
7710.9,-127.94
7712.8,-127.93
7714.8,-127.95
7716.7,-127.97
7718.7,-128.01
7720.6,-128.05
7722.6,-128.1
7724.5,-128.15
7726.5,-128.18
7728.4,-128.19
7730.4,-128.18
7732.4,-128.15
7734.3,-128.12
7736.3,-128.1
7738.2,-128.1
7740.2,-128.12
7742.1,-128.15
7744.1,-128.19
7746,-128.23
7748,-128.25
7749.9,-128.26
7751.9,-128.27
7753.8,-128.26
7755.8,-128.26
7757.8,-128.26
7759.7,-128.27
7761.7,-128.28
7763.6,-128.28
7765.6,-128.27
7767.5,-128.25
7769.5,-128.22
7771.4,-128.18
7773.4,-128.14
7775.3,-128.12
7777.3,-128.1
7779.2,-128.1
7781.2,-128.11
7783.2,-128.14
7785.1,-128.18
7787.1,-128.23
7789,-128.28
7791,-128.33
7792.9,-128.34
7794.9,-128.32
7796.8,-128.26
7798.8,-128.17
7800.7,-128.08
7802.7,-128.01
7804.6,-127.97
7806.6,-127.97
7808.5,-128.01
7810.5,-128.08
7812.5,-128.15
7814.4,-128.2
7816.4,-128.23
7818.3,-128.23
7820.3,-128.21
7822.2,-128.17
7824.2,-128.12
7826.1,-128.07
7828.1,-128.02
7830,-127.99
7832,-127.97
7833.9,-127.97
7835.9,-128
7837.9,-128.05
7839.8,-128.1
7841.8,-128.14
7843.7,-128.17
7845.7,-128.18
7847.6,-128.18
7849.6,-128.18
7851.5,-128.19
7853.5,-128.2
7855.4,-128.22
7857.4,-128.24
7859.3,-128.25
7861.3,-128.25
7863.2,-128.24
7865.2,-128.22
7867.2,-128.21
7869.1,-128.2
7871.1,-128.19
7873,-128.19
7875,-128.19
7876.9,-128.19
7878.9,-128.19
7880.8,-128.2
7882.8,-128.21
7884.7,-128.22
7886.7,-128.24
7888.6,-128.26
7890.6,-128.28
7892.6,-128.29
7894.5,-128.29
7896.5,-128.28
7898.4,-128.25
7900.4,-128.21
7902.3,-128.17
7904.3,-128.14
7906.2,-128.13
7908.2,-128.13
7910.1,-128.14
7912.1,-128.16
7914,-128.2
7916,-128.24
7917.9,-128.27
7919.9,-128.3
7921.9,-128.31
7923.8,-128.3
7925.8,-128.26
7927.7,-128.2
7929.7,-128.12
7931.6,-128.04
7933.6,-127.96
7935.5,-127.89
7937.5,-127.84
7939.4,-127.79
7941.4,-127.75
7943.3,-127.74
7945.3,-127.74
7947.3,-127.77
7949.2,-127.83
7951.2,-127.92
7953.1,-128.04
7955.1,-128.15
7957,-128.26
7959,-128.33
7960.9,-128.36
7962.9,-128.35
7964.8,-128.31
7966.8,-128.27
7968.7,-128.23
7970.7,-128.21
7972.6,-128.22
7974.6,-128.25
7976.6,-128.3
7978.5,-128.36
7980.5,-128.42
7982.4,-128.46
7984.4,-128.5
7986.3,-128.51
7988.3,-128.5
7990.2,-128.47
7992.2,-128.43
7994.1,-128.38
7996.1,-128.33
7998,-128.29
8000,-128.28
