0,-72.986
1.9536,-72.788
3.9072,-72.246
5.8608,-71.476
7.8144,-70.595
9.768,-69.676
11.722,-68.742
13.675,-67.772
15.629,-66.727
17.582,-65.58
19.536,-64.337
21.49,-63.037
23.443,-61.736
25.397,-60.487
27.35,-59.332
29.304,-58.298
31.258,-57.405
33.211,-56.666
35.165,-56.085
37.118,-55.666
39.072,-55.404
41.026,-55.288
42.979,-55.299
44.933,-55.405
46.886,-55.565
48.84,-55.728
50.794,-55.839
52.747,-55.859
54.701,-55.771
56.654,-55.59
58.608,-55.347
60.562,-55.076
62.515,-54.808
64.469,-54.562
66.422,-54.352
68.376,-54.187
70.33,-54.074
72.283,-54.013
74.237,-54
76.19,-54.02
78.144,-54.054
80.098,-54.079
82.051,-54.068
84.005,-53.999
85.958,-53.859
87.912,-53.646
89.866,-53.378
91.819,-53.085
93.773,-52.804
95.726,-52.568
97.68,-52.401
99.634,-52.311
101.59,-52.295
103.54,-52.339
105.49,-52.424
107.45,-52.531
109.4,-52.644
111.36,-52.753
113.31,-52.852
115.26,-52.938
117.22,-53.013
119.17,-53.08
121.12,-53.145
123.08,-53.212
125.03,-53.287
126.98,-53.373
128.94,-53.47
130.89,-53.581
132.84,-53.707
134.8,-53.852
136.75,-54.015
138.71,-54.192
140.66,-54.371
142.61,-54.535
144.57,-54.667
146.52,-54.758
148.47,-54.807
150.43,-54.825
152.38,-54.83
154.33,-54.836
156.29,-54.857
158.24,-54.898
160.2,-54.962
162.15,-55.047
164.1,-55.153
166.06,-55.28
168.01,-55.426
169.96,-55.59
171.92,-55.763
173.87,-55.937
175.82,-56.101
177.78,-56.245
179.73,-56.364
181.68,-56.46
183.64,-56.535
185.59,-56.597
187.55,-56.651
189.5,-56.705
191.45,-56.766
193.41,-56.84
195.36,-56.935
197.31,-57.057
199.27,-57.209
201.22,-57.392
203.17,-57.6
205.13,-57.821
207.08,-58.042
209.04,-58.248
210.99,-58.428
212.94,-58.574
214.9,-58.685
216.85,-58.763
218.8,-58.815
220.76,-58.854
222.71,-58.895
224.66,-58.954
226.62,-59.046
228.57,-59.18
230.53,-59.358
232.48,-59.578
234.43,-59.826
236.39,-60.088
238.34,-60.344
240.29,-60.573
242.25,-60.761
244.2,-60.896
246.15,-60.974
248.11,-60.998
250.06,-60.978
252.01,-60.927
253.97,-60.862
255.92,-60.801
257.88,-60.759
259.83,-60.751
261.78,-60.786
263.74,-60.871
265.69,-61.005
267.64,-61.177
269.6,-61.372
271.55,-61.571
273.5,-61.753
275.46,-61.908
277.41,-62.033
279.37,-62.136
281.32,-62.23
283.27,-62.331
285.23,-62.448
287.18,-62.586
289.13,-62.737
291.09,-62.886
293.04,-63.014
294.99,-63.105
296.95,-63.153
298.9,-63.161
300.85,-63.141
302.81,-63.113
304.76,-63.097
306.72,-63.112
308.67,-63.173
310.62,-63.29
312.58,-63.464
314.53,-63.686
316.48,-63.942
318.44,-64.21
320.39,-64.468
322.34,-64.698
324.3,-64.886
326.25,-65.028
328.21,-65.126
330.16,-65.187
332.11,-65.22
334.07,-65.234
336.02,-65.234
337.97,-65.226
339.93,-65.215
341.88,-65.211
343.83,-65.225
345.79,-65.268
347.74,-65.347
349.69,-65.463
351.65,-65.603
353.6,-65.747
355.56,-65.871
357.51,-65.958
359.46,-66.002
361.42,-66.011
363.37,-66.004
365.32,-65.999
367.28,-66.015
369.23,-66.06
371.18,-66.137
373.14,-66.241
375.09,-66.361
377.05,-66.484
379,-66.595
380.95,-66.682
382.91,-66.739
384.86,-66.766
386.81,-66.771
388.77,-66.766
390.72,-66.763
392.67,-66.772
394.63,-66.793
396.58,-66.822
398.53,-66.853
400.49,-66.882
402.44,-66.914
404.4,-66.958
406.35,-67.028
408.3,-67.134
410.26,-67.282
412.21,-67.471
414.16,-67.691
416.12,-67.923
418.07,-68.148
420.02,-68.344
421.98,-68.499
423.93,-68.607
425.89,-68.673
427.84,-68.711
429.79,-68.736
431.75,-68.759
433.7,-68.791
435.65,-68.836
437.61,-68.899
439.56,-68.982
441.51,-69.088
443.47,-69.216
445.42,-69.363
447.37,-69.521
449.33,-69.677
451.28,-69.82
453.24,-69.939
455.19,-70.032
457.14,-70.103
459.1,-70.162
461.05,-70.218
463,-70.282
464.96,-70.359
466.91,-70.45
468.86,-70.554
470.82,-70.661
472.77,-70.764
474.73,-70.853
476.68,-70.926
478.63,-70.986
480.59,-71.039
482.54,-71.091
484.49,-71.143
486.45,-71.194
488.4,-71.236
490.35,-71.264
492.31,-71.276
494.26,-71.275
496.21,-71.267
498.17,-71.254
500.12,-71.241
502.08,-71.227
504.03,-71.211
505.98,-71.191
507.94,-71.167
509.89,-71.139
511.84,-71.108
513.8,-71.076
515.75,-71.05
517.7,-71.038
519.66,-71.049
521.61,-71.093
523.57,-71.174
525.52,-71.288
527.47,-71.425
529.43,-71.568
531.38,-71.698
533.33,-71.805
535.29,-71.888
537.24,-71.952
539.19,-72.007
541.15,-72.06
543.1,-72.111
545.05,-72.158
547.01,-72.199
548.96,-72.234
550.92,-72.268
552.87,-72.306
554.82,-72.35
556.78,-72.397
558.73,-72.441
560.68,-72.478
562.64,-72.503
564.59,-72.517
566.54,-72.523
568.5,-72.526
570.45,-72.528
572.41,-72.537
574.36,-72.558
576.31,-72.598
578.27,-72.663
580.22,-72.752
582.17,-72.86
584.13,-72.972
586.08,-73.072
588.03,-73.149
589.99,-73.197
591.94,-73.223
593.89,-73.24
595.85,-73.263
597.8,-73.3
599.76,-73.35
601.71,-73.406
603.66,-73.454
605.62,-73.484
607.57,-73.494
609.52,-73.489
611.48,-73.482
613.43,-73.487
615.38,-73.515
617.34,-73.57
619.29,-73.646
621.25,-73.731
623.2,-73.808
625.15,-73.865
627.11,-73.898
629.06,-73.914
631.01,-73.927
632.97,-73.952
634.92,-73.996
636.87,-74.062
638.83,-74.142
640.78,-74.224
642.74,-74.297
644.69,-74.353
646.64,-74.384
648.6,-74.391
650.55,-74.376
652.5,-74.35
654.46,-74.326
656.41,-74.321
658.36,-74.348
660.32,-74.412
662.27,-74.511
664.22,-74.632
666.18,-74.758
668.13,-74.873
670.09,-74.966
672.04,-75.039
673.99,-75.099
675.95,-75.156
677.9,-75.216
679.85,-75.28
681.81,-75.341
683.76,-75.389
685.71,-75.416
687.67,-75.42
689.62,-75.407
691.58,-75.387
693.53,-75.37
695.48,-75.361
697.44,-75.359
699.39,-75.355
701.34,-75.34
703.3,-75.308
705.25,-75.263
707.2,-75.217
709.16,-75.185
711.11,-75.178
713.06,-75.204
715.02,-75.262
716.97,-75.342
718.93,-75.435
720.88,-75.524
722.83,-75.598
724.79,-75.645
726.74,-75.661
728.69,-75.647
730.65,-75.612
732.6,-75.564
734.55,-75.515
736.51,-75.475
738.46,-75.451
740.42,-75.444
742.37,-75.455
744.32,-75.481
746.28,-75.516
748.23,-75.554
750.18,-75.589
752.14,-75.615
754.09,-75.628
756.04,-75.624
758,-75.601
759.95,-75.561
761.9,-75.51
763.86,-75.455
765.81,-75.407
767.77,-75.374
769.72,-75.361
771.67,-75.368
773.63,-75.39
775.58,-75.42
777.53,-75.452
779.49,-75.482
781.44,-75.51
783.39,-75.538
785.35,-75.57
787.3,-75.61
789.26,-75.664
791.21,-75.737
793.16,-75.833
795.12,-75.955
797.07,-76.102
799.02,-76.271
800.98,-76.454
802.93,-76.641
804.88,-76.826
806.84,-77.001
808.79,-77.161
810.74,-77.302
812.7,-77.42
814.65,-77.511
816.61,-77.575
818.56,-77.615
820.51,-77.636
822.47,-77.646
824.42,-77.653
826.37,-77.663
828.33,-77.678
830.28,-77.7
832.23,-77.728
834.19,-77.761
836.14,-77.797
838.1,-77.838
840.05,-77.886
842,-77.944
843.96,-78.016
845.91,-78.102
847.86,-78.198
849.82,-78.296
851.77,-78.383
853.72,-78.447
855.68,-78.481
857.63,-78.483
859.58,-78.459
861.54,-78.416
863.49,-78.36
865.45,-78.298
867.4,-78.237
869.35,-78.182
871.31,-78.142
873.26,-78.126
875.21,-78.14
877.17,-78.185
879.12,-78.259
881.07,-78.352
883.03,-78.446
884.98,-78.526
886.94,-78.574
888.89,-78.583
890.84,-78.556
892.8,-78.503
894.75,-78.441
896.7,-78.386
898.66,-78.348
900.61,-78.33
902.56,-78.326
904.52,-78.327
906.47,-78.319
908.42,-78.294
910.38,-78.252
912.33,-78.195
914.29,-78.135
916.24,-78.082
918.19,-78.047
920.15,-78.038
922.1,-78.057
924.05,-78.103
926.01,-78.168
927.96,-78.244
929.91,-78.322
931.87,-78.396
933.82,-78.467
935.78,-78.539
937.73,-78.615
939.68,-78.697
941.64,-78.78
943.59,-78.859
945.54,-78.926
947.5,-78.976
949.45,-79.008
951.4,-79.022
953.36,-79.018
955.31,-78.997
957.26,-78.96
959.22,-78.911
961.17,-78.858
963.13,-78.812
965.08,-78.784
967.03,-78.786
968.99,-78.822
970.94,-78.893
972.89,-78.993
974.85,-79.11
976.8,-79.233
978.75,-79.346
980.71,-79.441
982.66,-79.511
984.62,-79.557
986.57,-79.58
988.52,-79.585
990.48,-79.577
992.43,-79.562
994.38,-79.544
996.34,-79.533
998.29,-79.534
1000.2,-79.553
1002.2,-79.593
1004.2,-79.653
1006.1,-79.728
1008.1,-79.809
1010,-79.885
1012,-79.943
1013.9,-79.973
1015.9,-79.974
1017.8,-79.948
1019.8,-79.907
1021.7,-79.861
1023.7,-79.822
1025.6,-79.797
1027.6,-79.789
1029.5,-79.795
1031.5,-79.812
1033.5,-79.838
1035.4,-79.871
1037.4,-79.909
1039.3,-79.952
1041.3,-79.998
1043.2,-80.044
1045.2,-80.084
1047.1,-80.114
1049.1,-80.137
1051,-80.159
1053,-80.186
1054.9,-80.225
1056.9,-80.275
1058.9,-80.331
1060.8,-80.387
1062.8,-80.436
1064.7,-80.474
1066.7,-80.504
1068.6,-80.526
1070.6,-80.544
1072.5,-80.557
1074.5,-80.565
1076.4,-80.567
1078.4,-80.561
1080.3,-80.548
1082.3,-80.529
1084.2,-80.505
1086.2,-80.48
1088.2,-80.459
1090.1,-80.446
1092.1,-80.443
1094,-80.453
1096,-80.472
1097.9,-80.496
1099.9,-80.523
1101.8,-80.548
1103.8,-80.571
1105.7,-80.594
1107.7,-80.62
1109.6,-80.65
1111.6,-80.684
1113.6,-80.72
1115.5,-80.755
1117.5,-80.786
1119.4,-80.812
1121.4,-80.833
1123.3,-80.85
1125.3,-80.867
1127.2,-80.883
1129.2,-80.901
1131.1,-80.918
1133.1,-80.933
1135,-80.946
1137,-80.954
1138.9,-80.961
1140.9,-80.968
1142.9,-80.98
1144.8,-81
1146.8,-81.03
1148.7,-81.068
1150.7,-81.109
1152.6,-81.146
1154.6,-81.175
1156.5,-81.192
1158.5,-81.198
1160.4,-81.196
1162.4,-81.19
1164.3,-81.183
1166.3,-81.181
1168.3,-81.183
1170.2,-81.193
1172.2,-81.208
1174.1,-81.228
1176.1,-81.25
1178,-81.273
1180,-81.295
1181.9,-81.316
1183.9,-81.335
1185.8,-81.35
1187.8,-81.362
1189.7,-81.371
1191.7,-81.38
1193.7,-81.391
1195.6,-81.405
1197.6,-81.423
1199.5,-81.444
1201.5,-81.47
1203.4,-81.502
1205.4,-81.544
1207.3,-81.598
1209.3,-81.665
1211.2,-81.74
1213.2,-81.817
1215.1,-81.887
1217.1,-81.942
1219,-81.975
1221,-81.988
1223,-81.984
1224.9,-81.969
1226.9,-81.946
1228.8,-81.919
1230.8,-81.888
1232.7,-81.854
1234.7,-81.815
1236.6,-81.774
1238.6,-81.734
1240.5,-81.704
1242.5,-81.69
1244.4,-81.698
1246.4,-81.731
1248.4,-81.785
1250.3,-81.85
1252.3,-81.914
1254.2,-81.966
1256.2,-81.999
1258.1,-82.011
1260.1,-82.007
1262,-81.996
1264,-81.983
1265.9,-81.971
1267.9,-81.962
1269.8,-81.953
1271.8,-81.944
1273.7,-81.936
1275.7,-81.932
1277.7,-81.936
1279.6,-81.952
1281.6,-81.979
1283.5,-82.016
1285.5,-82.057
1287.4,-82.096
1289.4,-82.125
1291.3,-82.139
1293.3,-82.134
1295.2,-82.108
1297.2,-82.065
1299.1,-82.013
1301.1,-81.96
1303.1,-81.915
1305,-81.887
1307,-81.879
1308.9,-81.891
1310.9,-81.92
1312.8,-81.966
1314.8,-82.022
1316.7,-82.086
1318.7,-82.15
1320.6,-82.208
1322.6,-82.252
1324.5,-82.276
1326.5,-82.279
1328.4,-82.263
1330.4,-82.235
1332.4,-82.204
1334.3,-82.182
1336.3,-82.178
1338.2,-82.196
1340.2,-82.234
1342.1,-82.285
1344.1,-82.338
1346,-82.381
1348,-82.409
1349.9,-82.423
1351.9,-82.428
1353.8,-82.433
1355.8,-82.444
1357.8,-82.464
1359.7,-82.492
1361.7,-82.524
1363.6,-82.56
1365.6,-82.596
1367.5,-82.634
1369.5,-82.673
1371.4,-82.713
1373.4,-82.751
1375.3,-82.784
1377.3,-82.807
1379.2,-82.818
1381.2,-82.813
1383.2,-82.796
1385.1,-82.772
1387.1,-82.752
1389,-82.743
1391,-82.75
1392.9,-82.771
1394.9,-82.799
1396.8,-82.825
1398.8,-82.844
1400.7,-82.857
1402.7,-82.868
1404.6,-82.882
1406.6,-82.9
1408.5,-82.92
1410.5,-82.936
1412.5,-82.943
1414.4,-82.939
1416.4,-82.928
1418.3,-82.912
1420.3,-82.897
1422.2,-82.886
1424.2,-82.879
1426.1,-82.877
1428.1,-82.881
1430,-82.89
1432,-82.902
1433.9,-82.917
1435.9,-82.93
1437.9,-82.94
1439.8,-82.951
1441.8,-82.967
1443.7,-82.992
1445.7,-83.028
1447.6,-83.071
1449.6,-83.111
1451.5,-83.137
1453.5,-83.14
1455.4,-83.121
1457.4,-83.084
1459.3,-83.042
1461.3,-83.004
1463.2,-82.98
1465.2,-82.971
1467.2,-82.976
1469.1,-82.991
1471.1,-83.012
1473,-83.039
1475,-83.072
1476.9,-83.111
1478.9,-83.158
1480.8,-83.208
1482.8,-83.255
1484.7,-83.294
1486.7,-83.319
1488.6,-83.33
1490.6,-83.33
1492.6,-83.326
1494.5,-83.326
1496.5,-83.331
1498.4,-83.339
1500.4,-83.343
1502.3,-83.335
1504.3,-83.313
1506.2,-83.278
1508.2,-83.238
1510.1,-83.201
1512.1,-83.177
1514,-83.173
1516,-83.19
1517.9,-83.226
1519.9,-83.274
1521.9,-83.328
1523.8,-83.382
1525.8,-83.432
1527.7,-83.476
1529.7,-83.514
1531.6,-83.547
1533.6,-83.573
1535.5,-83.588
1537.5,-83.59
1539.4,-83.576
1541.4,-83.547
1543.3,-83.508
1545.3,-83.468
1547.3,-83.436
1549.2,-83.421
1551.2,-83.426
1553.1,-83.451
1555.1,-83.491
1557,-83.537
1559,-83.582
1560.9,-83.62
1562.9,-83.648
1564.8,-83.668
1566.8,-83.684
1568.7,-83.701
1570.7,-83.721
1572.6,-83.744
1574.6,-83.766
1576.6,-83.781
1578.5,-83.784
1580.5,-83.775
1582.4,-83.755
1584.4,-83.73
1586.3,-83.702
1588.3,-83.674
1590.2,-83.645
1592.2,-83.614
1594.1,-83.583
1596.1,-83.555
1598,-83.539
1600,-83.54
1602,-83.56
1603.9,-83.594
1605.9,-83.632
1607.8,-83.664
1609.8,-83.682
1611.7,-83.69
1613.7,-83.694
1615.6,-83.705
1617.6,-83.729
1619.5,-83.767
1621.5,-83.812
1623.4,-83.856
1625.4,-83.891
1627.4,-83.909
1629.3,-83.907
1631.3,-83.884
1633.2,-83.842
1635.2,-83.788
1637.1,-83.733
1639.1,-83.686
1641,-83.658
1643,-83.652
1644.9,-83.667
1646.9,-83.696
1648.8,-83.731
1650.8,-83.765
1652.7,-83.797
1654.7,-83.828
1656.7,-83.86
1658.6,-83.896
1660.6,-83.938
1662.5,-83.982
1664.5,-84.027
1666.4,-84.069
1668.4,-84.106
1670.3,-84.135
1672.3,-84.155
1674.2,-84.166
1676.2,-84.168
1678.1,-84.161
1680.1,-84.147
1682.1,-84.129
1684,-84.112
1686,-84.098
1687.9,-84.091
1689.9,-84.09
1691.8,-84.093
1693.8,-84.1
1695.7,-84.107
1697.7,-84.112
1699.6,-84.115
1701.6,-84.117
1703.5,-84.121
1705.5,-84.128
1707.4,-84.141
1709.4,-84.16
1711.4,-84.183
1713.3,-84.208
1715.3,-84.232
1717.2,-84.253
1719.2,-84.271
1721.1,-84.288
1723.1,-84.304
1725,-84.319
1727,-84.333
1728.9,-84.342
1730.9,-84.346
1732.8,-84.343
1734.8,-84.336
1736.8,-84.327
1738.7,-84.318
1740.7,-84.311
1742.6,-84.308
1744.6,-84.307
1746.5,-84.307
1748.5,-84.306
1750.4,-84.302
1752.4,-84.293
1754.3,-84.278
1756.3,-84.259
1758.2,-84.24
1760.2,-84.226
1762.1,-84.218
1764.1,-84.22
1766.1,-84.228
1768,-84.239
1770,-84.248
1771.9,-84.254
1773.9,-84.257
1775.8,-84.26
1777.8,-84.271
1779.7,-84.294
1781.7,-84.334
1783.6,-84.389
1785.6,-84.455
1787.5,-84.527
1789.5,-84.598
1791.5,-84.663
1793.4,-84.72
1795.4,-84.767
1797.3,-84.8
1799.3,-84.814
1801.2,-84.807
1803.2,-84.777
1805.1,-84.731
1807.1,-84.676
1809,-84.623
1811,-84.581
1812.9,-84.556
1814.9,-84.548
1816.8,-84.553
1818.8,-84.565
1820.8,-84.578
1822.7,-84.586
1824.7,-84.593
1826.6,-84.601
1828.6,-84.615
1830.5,-84.635
1832.5,-84.657
1834.4,-84.674
1836.4,-84.678
1838.3,-84.665
1840.3,-84.637
1842.2,-84.6
1844.2,-84.562
1846.2,-84.531
1848.1,-84.508
1850.1,-84.492
1852,-84.476
1854,-84.458
1855.9,-84.434
1857.9,-84.408
1859.8,-84.385
1861.8,-84.372
1863.7,-84.372
1865.7,-84.389
1867.6,-84.423
1869.6,-84.473
1871.6,-84.535
1873.5,-84.605
1875.5,-84.674
1877.4,-84.732
1879.4,-84.773
1881.3,-84.794
1883.3,-84.799
1885.2,-84.797
1887.2,-84.801
1889.1,-84.815
1891.1,-84.84
1893,-84.868
1895,-84.889
1896.9,-84.893
1898.9,-84.879
1900.9,-84.848
1902.8,-84.807
1904.8,-84.764
1906.7,-84.725
1908.7,-84.697
1910.6,-84.681
1912.6,-84.675
1914.5,-84.673
1916.5,-84.671
1918.4,-84.664
1920.4,-84.656
1922.3,-84.649
1924.3,-84.651
1926.3,-84.665
1928.2,-84.691
1930.2,-84.723
1932.1,-84.756
1934.1,-84.785
1936,-84.81
1938,-84.835
1939.9,-84.862
1941.9,-84.895
1943.8,-84.928
1945.8,-84.954
1947.7,-84.963
1949.7,-84.951
1951.6,-84.917
1953.6,-84.87
1955.6,-84.822
1957.5,-84.787
1959.5,-84.773
1961.4,-84.785
1963.4,-84.82
1965.3,-84.871
1967.3,-84.927
1969.2,-84.98
1971.2,-85.023
1973.1,-85.055
1975.1,-85.076
1977,-85.086
1979,-85.085
1981,-85.073
1982.9,-85.053
1984.9,-85.03
1986.8,-85.007
1988.8,-84.992
1990.7,-84.985
1992.7,-84.985
1994.6,-84.987
1996.6,-84.987
1998.5,-84.984
2000.5,-84.978
2002.4,-84.974
2004.4,-84.976
2006.3,-84.987
2008.3,-85.008
2010.3,-85.036
2012.2,-85.066
2014.2,-85.094
2016.1,-85.118
2018.1,-85.135
2020,-85.149
2022,-85.164
2023.9,-85.186
2025.9,-85.217
2027.8,-85.26
2029.8,-85.31
2031.7,-85.36
2033.7,-85.398
2035.7,-85.416
2037.6,-85.406
2039.6,-85.371
2041.5,-85.317
2043.5,-85.258
2045.4,-85.206
2047.4,-85.172
2049.3,-85.16
2051.3,-85.167
2053.2,-85.186
2055.2,-85.209
2057.1,-85.229
2059.1,-85.246
2061.1,-85.259
2063,-85.273
2065,-85.288
2066.9,-85.306
2068.9,-85.323
2070.8,-85.34
2072.8,-85.356
2074.7,-85.371
2076.7,-85.387
2078.6,-85.405
2080.6,-85.424
2082.5,-85.44
2084.5,-85.451
2086.4,-85.458
2088.4,-85.461
2090.4,-85.464
2092.3,-85.47
2094.3,-85.48
2096.2,-85.493
2098.2,-85.508
2100.1,-85.523
2102.1,-85.538
2104,-85.552
2106,-85.564
2107.9,-85.571
2109.9,-85.573
2111.8,-85.571
2113.8,-85.565
2115.8,-85.559
2117.7,-85.55
2119.7,-85.54
2121.6,-85.524
2123.6,-85.502
2125.5,-85.475
2127.5,-85.445
2129.4,-85.419
2131.4,-85.401
2133.3,-85.397
2135.3,-85.409
2137.2,-85.432
2139.2,-85.462
2141.1,-85.487
2143.1,-85.502
2145.1,-85.504
2147,-85.495
2149,-85.483
2150.9,-85.474
2152.9,-85.47
2154.8,-85.47
2156.8,-85.472
2158.7,-85.471
2160.7,-85.466
2162.6,-85.456
2164.6,-85.444
2166.5,-85.431
2168.5,-85.42
2170.5,-85.413
2172.4,-85.414
2174.4,-85.428
2176.3,-85.458
2178.3,-85.504
2180.2,-85.561
2182.2,-85.619
2184.1,-85.666
2186.1,-85.695
2188,-85.705
2190,-85.7
2191.9,-85.69
2193.9,-85.683
2195.8,-85.681
2197.8,-85.682
2199.8,-85.68
2201.7,-85.668
2203.7,-85.644
2205.6,-85.61
2207.6,-85.574
2209.5,-85.543
2211.5,-85.526
2213.4,-85.524
2215.4,-85.537
2217.3,-85.56
2219.3,-85.586
2221.2,-85.606
2223.2,-85.617
2225.2,-85.616
2227.1,-85.603
2229.1,-85.583
2231,-85.561
2233,-85.547
2234.9,-85.549
2236.9,-85.574
2238.8,-85.626
2240.8,-85.699
2242.7,-85.78
2244.7,-85.853
2246.6,-85.903
2248.6,-85.924
2250.5,-85.915
2252.5,-85.886
2254.5,-85.847
2256.4,-85.81
2258.4,-85.782
2260.3,-85.767
2262.3,-85.764
2264.2,-85.77
2266.2,-85.782
2268.1,-85.796
2270.1,-85.813
2272,-85.836
2274,-85.865
2275.9,-85.902
2277.9,-85.945
2279.9,-85.99
2281.8,-86.032
2283.8,-86.068
2285.7,-86.096
2287.7,-86.115
2289.6,-86.124
2291.6,-86.12
2293.5,-86.102
2295.5,-86.068
2297.4,-86.018
2299.4,-85.958
2301.3,-85.894
2303.3,-85.832
2305.3,-85.78
2307.2,-85.742
2309.2,-85.722
2311.1,-85.722
2313.1,-85.744
2315,-85.784
2317,-85.836
2318.9,-85.891
2320.9,-85.936
2322.8,-85.965
2324.8,-85.974
2326.7,-85.967
2328.7,-85.952
2330.6,-85.938
2332.6,-85.935
2334.6,-85.946
2336.5,-85.973
2338.5,-86.013
2340.4,-86.063
2342.4,-86.119
2344.3,-86.178
2346.3,-86.236
2348.2,-86.288
2350.2,-86.331
2352.1,-86.36
2354.1,-86.373
2356,-86.37
2358,-86.354
2360,-86.326
2361.9,-86.291
2363.9,-86.255
2365.8,-86.225
2367.8,-86.209
2369.7,-86.208
2371.7,-86.221
2373.6,-86.242
2375.6,-86.26
2377.5,-86.267
2379.5,-86.258
2381.4,-86.234
2383.4,-86.201
2385.3,-86.166
2387.3,-86.136
2389.3,-86.116
2391.2,-86.108
2393.2,-86.113
2395.1,-86.132
2397.1,-86.163
2399,-86.202
2401,-86.243
2402.9,-86.278
2404.9,-86.299
2406.8,-86.299
2408.8,-86.278
2410.7,-86.244
2412.7,-86.21
2414.7,-86.188
2416.6,-86.189
2418.6,-86.215
2420.5,-86.263
2422.5,-86.324
2424.4,-86.386
2426.4,-86.437
2428.3,-86.472
2430.3,-86.485
2432.2,-86.476
2434.2,-86.449
2436.1,-86.407
2438.1,-86.358
2440,-86.306
2442,-86.259
2444,-86.222
2445.9,-86.198
2447.9,-86.189
2449.8,-86.192
2451.8,-86.202
2453.7,-86.216
2455.7,-86.23
2457.6,-86.242
2459.6,-86.252
2461.5,-86.261
2463.5,-86.27
2465.4,-86.279
2467.4,-86.29
2469.4,-86.304
2471.3,-86.325
2473.3,-86.353
2475.2,-86.388
2477.2,-86.425
2479.1,-86.458
2481.1,-86.482
2483,-86.496
2485,-86.505
2486.9,-86.515
2488.9,-86.529
2490.8,-86.549
2492.8,-86.57
2494.7,-86.585
2496.7,-86.588
2498.7,-86.574
2500.6,-86.543
2502.6,-86.5
2504.5,-86.449
2506.5,-86.396
2508.4,-86.343
2510.4,-86.295
2512.3,-86.253
2514.3,-86.221
2516.2,-86.199
2518.2,-86.189
2520.1,-86.189
2522.1,-86.2
2524.1,-86.219
2526,-86.246
2528,-86.283
2529.9,-86.329
2531.9,-86.383
2533.8,-86.442
2535.8,-86.498
2537.7,-86.544
2539.7,-86.577
2541.6,-86.595
2543.6,-86.6
2545.5,-86.596
2547.5,-86.588
2549.5,-86.578
2551.4,-86.567
2553.4,-86.557
2555.3,-86.547
2557.3,-86.535
2559.2,-86.521
2561.2,-86.503
2563.1,-86.485
2565.1,-86.471
2567,-86.465
2569,-86.471
2570.9,-86.488
2572.9,-86.514
2574.8,-86.542
2576.8,-86.569
2578.8,-86.589
2580.7,-86.602
2582.7,-86.608
2584.6,-86.612
2586.6,-86.617
2588.5,-86.624
2590.5,-86.633
2592.4,-86.644
2594.4,-86.656
2596.3,-86.669
2598.3,-86.686
2600.2,-86.711
2602.2,-86.744
2604.2,-86.787
2606.1,-86.836
2608.1,-86.888
2610,-86.942
2612,-86.991
2613.9,-87.035
2615.9,-87.068
2617.8,-87.084
2619.8,-87.079
2621.7,-87.048
2623.7,-86.991
2625.6,-86.914
2627.6,-86.828
2629.5,-86.744
2631.5,-86.676
2633.5,-86.631
2635.4,-86.612
2637.4,-86.616
2639.3,-86.638
2641.3,-86.67
2643.2,-86.705
2645.2,-86.741
2647.1,-86.774
2649.1,-86.806
2651,-86.84
2653,-86.874
2654.9,-86.909
2656.9,-86.942
2658.9,-86.967
2660.8,-86.983
2662.8,-86.988
2664.7,-86.986
2666.7,-86.983
2668.6,-86.986
2670.6,-87
2672.5,-87.026
2674.5,-87.06
2676.4,-87.094
2678.4,-87.12
2680.3,-87.132
2682.3,-87.126
2684.2,-87.105
2686.2,-87.07
2688.2,-87.026
2690.1,-86.977
2692.1,-86.929
2694,-86.889
2696,-86.86
2697.9,-86.846
2699.9,-86.844
2701.8,-86.852
2703.8,-86.863
2705.7,-86.872
2707.7,-86.877
2709.6,-86.881
2711.6,-86.892
2713.6,-86.915
2715.5,-86.954
2717.5,-87.006
2719.4,-87.064
2721.4,-87.12
2723.3,-87.165
2725.3,-87.195
2727.2,-87.21
2729.2,-87.211
2731.1,-87.2
2733.1,-87.18
2735,-87.15
2737,-87.112
2738.9,-87.068
2740.9,-87.022
2742.9,-86.982
2744.8,-86.953
2746.8,-86.938
2748.7,-86.939
2750.7,-86.953
2752.6,-86.979
2754.6,-87.012
2756.5,-87.048
2758.5,-87.083
2760.4,-87.113
2762.4,-87.135
2764.3,-87.149
2766.3,-87.159
2768.3,-87.165
2770.2,-87.17
2772.2,-87.173
2774.1,-87.174
2776.1,-87.172
2778,-87.172
2780,-87.179
2781.9,-87.197
2783.9,-87.228
2785.8,-87.27
2787.8,-87.316
2789.7,-87.358
2791.7,-87.389
2793.7,-87.407
2795.6,-87.413
2797.6,-87.413
2799.5,-87.41
2801.5,-87.409
2803.4,-87.41
2805.4,-87.412
2807.3,-87.414
2809.3,-87.415
2811.2,-87.413
2813.2,-87.409
2815.1,-87.401
2817.1,-87.39
2819,-87.372
2821,-87.347
2823,-87.313
2824.9,-87.271
2826.9,-87.228
2828.8,-87.189
2830.8,-87.162
2832.7,-87.152
2834.7,-87.159
2836.6,-87.18
2838.6,-87.206
2840.5,-87.23
2842.5,-87.245
2844.4,-87.249
2846.4,-87.246
2848.4,-87.24
2850.3,-87.239
2852.3,-87.25
2854.2,-87.275
2856.2,-87.313
2858.1,-87.357
2860.1,-87.395
2862,-87.417
2864,-87.414
2865.9,-87.388
2867.9,-87.346
2869.8,-87.3
2871.8,-87.263
2873.7,-87.244
2875.7,-87.245
2877.7,-87.263
2879.6,-87.292
2881.6,-87.321
2883.5,-87.346
2885.5,-87.361
2887.4,-87.367
2889.4,-87.369
2891.3,-87.373
2893.3,-87.382
2895.2,-87.399
2897.2,-87.423
2899.1,-87.453
2901.1,-87.486
2903.1,-87.518
2905,-87.544
2907,-87.56
2908.9,-87.56
2910.9,-87.542
2912.8,-87.502
2914.8,-87.444
2916.7,-87.375
2918.7,-87.307
2920.6,-87.253
2922.6,-87.223
2924.5,-87.224
2926.5,-87.252
2928.4,-87.298
2930.4,-87.349
2932.4,-87.391
2934.3,-87.419
2936.3,-87.435
2938.2,-87.447
2940.2,-87.465
2942.1,-87.496
2944.1,-87.537
2946,-87.583
2948,-87.624
2949.9,-87.652
2951.9,-87.665
2953.8,-87.668
2955.8,-87.667
2957.8,-87.667
2959.7,-87.671
2961.7,-87.678
2963.6,-87.684
2965.6,-87.689
2967.5,-87.691
2969.5,-87.689
2971.4,-87.681
2973.4,-87.665
2975.3,-87.637
2977.3,-87.596
2979.2,-87.543
2981.2,-87.486
2983.2,-87.435
2985.1,-87.399
2987.1,-87.386
2989,-87.399
2991,-87.433
2992.9,-87.481
2994.9,-87.536
2996.8,-87.59
2998.8,-87.64
3000.7,-87.683
3002.7,-87.719
3004.6,-87.748
3006.6,-87.767
3008.5,-87.777
3010.5,-87.778
3012.5,-87.774
3014.4,-87.768
3016.4,-87.763
3018.3,-87.758
3020.3,-87.751
3022.2,-87.737
3024.2,-87.714
3026.1,-87.682
3028.1,-87.647
3030,-87.617
3032,-87.599
3033.9,-87.598
3035.9,-87.615
3037.9,-87.643
3039.8,-87.673
3041.8,-87.696
3043.7,-87.708
3045.7,-87.713
3047.6,-87.716
3049.6,-87.726
3051.5,-87.749
3053.5,-87.785
3055.4,-87.827
3057.4,-87.868
3059.3,-87.9
3061.3,-87.92
3063.2,-87.928
3065.2,-87.928
3067.2,-87.923
3069.1,-87.914
3071.1,-87.903
3073,-87.889
3075,-87.868
3076.9,-87.842
3078.9,-87.81
3080.8,-87.777
3082.8,-87.748
3084.7,-87.727
3086.7,-87.719
3088.6,-87.725
3090.6,-87.742
3092.6,-87.767
3094.5,-87.797
3096.5,-87.825
3098.4,-87.849
3100.4,-87.865
3102.3,-87.873
3104.3,-87.874
3106.2,-87.875
3108.2,-87.88
3110.1,-87.89
3112.1,-87.906
3114,-87.923
3116,-87.937
3117.9,-87.943
3119.9,-87.94
3121.9,-87.93
3123.8,-87.918
3125.8,-87.912
3127.7,-87.915
3129.7,-87.927
3131.6,-87.943
3133.6,-87.953
3135.5,-87.946
3137.5,-87.919
3139.4,-87.878
3141.4,-87.833
3143.3,-87.795
3145.3,-87.773
3147.3,-87.77
3149.2,-87.781
3151.2,-87.802
3153.1,-87.827
3155.1,-87.853
3157,-87.88
3159,-87.907
3160.9,-87.935
3162.9,-87.963
3164.8,-87.99
3166.8,-88.012
3168.7,-88.026
3170.7,-88.03
3172.6,-88.023
3174.6,-88.01
3176.6,-87.993
3178.5,-87.979
3180.5,-87.973
3182.4,-87.978
3184.4,-87.993
3186.3,-88.015
3188.3,-88.038
3190.2,-88.059
3192.2,-88.074
3194.1,-88.086
3196.1,-88.097
3198,-88.107
3200,-88.116
3202,-88.119
3203.9,-88.111
3205.9,-88.091
3207.8,-88.057
3209.8,-88.016
3211.7,-87.973
3213.7,-87.935
3215.6,-87.906
3217.6,-87.887
3219.5,-87.88
3221.5,-87.883
3223.4,-87.899
3225.4,-87.929
3227.4,-87.975
3229.3,-88.035
3231.3,-88.104
3233.2,-88.174
3235.2,-88.236
3237.1,-88.28
3239.1,-88.302
3241,-88.303
3243,-88.287
3244.9,-88.262
3246.9,-88.235
3248.8,-88.211
3250.8,-88.19
3252.7,-88.17
3254.7,-88.149
3256.7,-88.124
3258.6,-88.095
3260.6,-88.064
3262.5,-88.036
3264.5,-88.015
3266.4,-88.003
3268.4,-87.999
3270.3,-88.002
3272.3,-88.012
3274.2,-88.031
3276.2,-88.061
3278.1,-88.103
3280.1,-88.155
3282.1,-88.211
3284,-88.265
3286,-88.311
3287.9,-88.346
3289.9,-88.369
3291.8,-88.383
3293.8,-88.39
3295.7,-88.392
3297.7,-88.388
3299.6,-88.377
3301.6,-88.357
3303.5,-88.329
3305.5,-88.296
3307.4,-88.259
3309.4,-88.222
3311.4,-88.185
3313.3,-88.147
3315.3,-88.108
3317.2,-88.066
3319.2,-88.023
3321.1,-87.983
3323.1,-87.951
3325,-87.931
3327,-87.926
3328.9,-87.937
3330.9,-87.961
3332.8,-87.996
3334.8,-88.037
3336.8,-88.082
3338.7,-88.127
3340.7,-88.171
3342.6,-88.212
3344.6,-88.247
3346.5,-88.273
3348.5,-88.286
3350.4,-88.285
3352.4,-88.273
3354.3,-88.255
3356.3,-88.237
3358.2,-88.225
3360.2,-88.222
3362.1,-88.228
3364.1,-88.243
3366.1,-88.264
3368,-88.286
3370,-88.306
3371.9,-88.317
3373.9,-88.316
3375.8,-88.303
3377.8,-88.284
3379.7,-88.27
3381.7,-88.27
3383.6,-88.29
3385.6,-88.332
3387.5,-88.391
3389.5,-88.458
3391.5,-88.525
3393.4,-88.583
3395.4,-88.625
3397.3,-88.647
3399.3,-88.649
3401.2,-88.634
3403.2,-88.608
3405.1,-88.582
3407.1,-88.563
3409,-88.556
3411,-88.559
3412.9,-88.564
3414.9,-88.563
3416.8,-88.549
3418.8,-88.519
3420.8,-88.477
3422.7,-88.431
3424.7,-88.388
3426.6,-88.354
3428.6,-88.332
3430.5,-88.322
3432.5,-88.322
3434.4,-88.328
3436.4,-88.336
3438.3,-88.341
3440.3,-88.341
3442.2,-88.334
3444.2,-88.322
3446.2,-88.306
3448.1,-88.291
3450.1,-88.279
3452,-88.271
3454,-88.268
3455.9,-88.269
3457.9,-88.273
3459.8,-88.277
3461.8,-88.28
3463.7,-88.28
3465.7,-88.278
3467.6,-88.275
3469.6,-88.276
3471.6,-88.283
3473.5,-88.298
3475.5,-88.323
3477.4,-88.357
3479.4,-88.397
3481.3,-88.442
3483.3,-88.488
3485.2,-88.533
3487.2,-88.577
3489.1,-88.618
3491.1,-88.655
3493,-88.686
3495,-88.706
3496.9,-88.713
3498.9,-88.705
3500.9,-88.682
3502.8,-88.651
3504.8,-88.622
3506.7,-88.604
3508.7,-88.604
3510.6,-88.622
3512.6,-88.652
3514.5,-88.682
3516.5,-88.699
3518.4,-88.693
3520.4,-88.665
3522.3,-88.621
3524.3,-88.574
3526.3,-88.537
3528.2,-88.517
3530.2,-88.514
3532.1,-88.525
3534.1,-88.54
3536,-88.552
3538,-88.555
3539.9,-88.546
3541.9,-88.526
3543.8,-88.499
3545.8,-88.471
3547.7,-88.448
3549.7,-88.434
3551.6,-88.432
3553.6,-88.445
3555.6,-88.472
3557.5,-88.508
3559.5,-88.552
3561.4,-88.6
3563.4,-88.645
3565.3,-88.684
3567.3,-88.713
3569.2,-88.728
3571.2,-88.727
3573.1,-88.711
3575.1,-88.681
3577,-88.64
3579,-88.593
3581,-88.547
3582.9,-88.508
3584.9,-88.486
3586.8,-88.485
3588.8,-88.507
3590.7,-88.548
3592.7,-88.6
3594.6,-88.654
3596.6,-88.701
3598.5,-88.738
3600.5,-88.765
3602.4,-88.785
3604.4,-88.799
3606.3,-88.807
3608.3,-88.802
3610.3,-88.783
3612.2,-88.747
3614.2,-88.699
3616.1,-88.648
3618.1,-88.603
3620,-88.572
3622,-88.561
3623.9,-88.57
3625.9,-88.595
3627.8,-88.63
3629.8,-88.67
3631.7,-88.707
3633.7,-88.736
3635.7,-88.754
3637.6,-88.763
3639.6,-88.763
3641.5,-88.76
3643.5,-88.757
3645.4,-88.758
3647.4,-88.765
3649.3,-88.777
3651.3,-88.795
3653.2,-88.816
3655.2,-88.834
3657.1,-88.844
3659.1,-88.843
3661.1,-88.83
3663,-88.808
3665,-88.788
3666.9,-88.779
3668.9,-88.786
3670.8,-88.809
3672.8,-88.843
3674.7,-88.876
3676.7,-88.898
3678.6,-88.905
3680.6,-88.896
3682.5,-88.879
3684.5,-88.861
3686.4,-88.85
3688.4,-88.846
3690.4,-88.848
3692.3,-88.851
3694.3,-88.85
3696.2,-88.844
3698.2,-88.833
3700.1,-88.82
3702.1,-88.81
3704,-88.804
3706,-88.802
3707.9,-88.804
3709.9,-88.804
3711.8,-88.802
3713.8,-88.797
3715.8,-88.789
3717.7,-88.781
3719.7,-88.778
3721.6,-88.785
3723.6,-88.804
3725.5,-88.837
3727.5,-88.882
3729.4,-88.936
3731.4,-88.99
3733.3,-89.035
3735.3,-89.065
3737.2,-89.075
3739.2,-89.064
3741.1,-89.033
3743.1,-88.988
3745.1,-88.935
3747,-88.877
3749,-88.821
3750.9,-88.77
3752.9,-88.727
3754.8,-88.694
3756.8,-88.674
3758.7,-88.667
3760.7,-88.675
3762.6,-88.698
3764.6,-88.734
3766.5,-88.78
3768.5,-88.83
3770.5,-88.881
3772.4,-88.929
3774.4,-88.97
3776.3,-89.003
3778.3,-89.027
3780.2,-89.039
3782.2,-89.036
3784.1,-89.02
3786.1,-88.992
3788,-88.956
3790,-88.921
3791.9,-88.892
3793.9,-88.875
3795.8,-88.873
3797.8,-88.886
3799.8,-88.912
3801.7,-88.947
3803.7,-88.984
3805.6,-89.016
3807.6,-89.037
3809.5,-89.043
3811.5,-89.036
3813.4,-89.018
3815.4,-88.996
3817.3,-88.974
3819.3,-88.957
3821.2,-88.948
3823.2,-88.948
3825.2,-88.957
3827.1,-88.975
3829.1,-88.996
3831,-89.018
3833,-89.035
3834.9,-89.045
3836.9,-89.047
3838.8,-89.04
3840.8,-89.024
3842.7,-89.001
3844.7,-88.973
3846.6,-88.944
3848.6,-88.919
3850.5,-88.903
3852.5,-88.899
3854.5,-88.906
3856.4,-88.922
3858.4,-88.944
3860.3,-88.969
3862.3,-88.995
3864.2,-89.019
3866.2,-89.041
3868.1,-89.057
3870.1,-89.067
3872,-89.07
3874,-89.065
3875.9,-89.056
3877.9,-89.044
3879.9,-89.036
3881.8,-89.034
3883.8,-89.041
3885.7,-89.058
3887.7,-89.083
3889.6,-89.112
3891.6,-89.14
3893.5,-89.161
3895.5,-89.169
3897.4,-89.166
3899.4,-89.152
3901.3,-89.133
3903.3,-89.114
3905.3,-89.1
3907.2,-89.094
3909.2,-89.095
3911.1,-89.1
3913.1,-89.105
3915,-89.107
3917,-89.105
3918.9,-89.102
3920.9,-89.097
3922.8,-89.092
3924.8,-89.087
3926.7,-89.081
3928.7,-89.074
3930.6,-89.07
3932.6,-89.07
3934.6,-89.08
3936.5,-89.1
3938.5,-89.127
3940.4,-89.157
3942.4,-89.181
3944.3,-89.192
3946.3,-89.185
3948.2,-89.162
3950.2,-89.131
3952.1,-89.101
3954.1,-89.082
3956,-89.081
3958,-89.096
3960,-89.123
3961.9,-89.156
3963.9,-89.188
3965.8,-89.215
3967.8,-89.24
3969.7,-89.261
3971.7,-89.281
3973.6,-89.297
3975.6,-89.308
3977.5,-89.309
3979.5,-89.3
3981.4,-89.282
3983.4,-89.261
3985.3,-89.243
3987.3,-89.231
3989.3,-89.228
3991.2,-89.231
3993.2,-89.236
3995.1,-89.24
3997.1,-89.24
3999,-89.239
4001,-89.24
4002.9,-89.248
4004.9,-89.264
4006.8,-89.29
4008.8,-89.322
4010.7,-89.354
4012.7,-89.38
4014.7,-89.394
4016.6,-89.393
4018.6,-89.376
4020.5,-89.345
4022.5,-89.307
4024.4,-89.269
4026.4,-89.238
4028.3,-89.22
4030.3,-89.217
4032.2,-89.229
4034.2,-89.251
4036.1,-89.278
4038.1,-89.301
4040,-89.318
4042,-89.325
4044,-89.324
4045.9,-89.321
4047.9,-89.321
4049.8,-89.33
4051.8,-89.349
4053.7,-89.377
4055.7,-89.41
4057.6,-89.443
4059.6,-89.47
4061.5,-89.488
4063.5,-89.493
4065.4,-89.481
4067.4,-89.452
4069.4,-89.409
4071.3,-89.356
4073.3,-89.302
4075.2,-89.256
4077.2,-89.222
4079.1,-89.204
4081.1,-89.2
4083,-89.205
4085,-89.212
4086.9,-89.219
4088.9,-89.225
4090.8,-89.231
4092.8,-89.242
4094.7,-89.258
4096.7,-89.281
4098.7,-89.308
4100.6,-89.337
4102.6,-89.367
4104.5,-89.396
4106.5,-89.423
4108.4,-89.446
4110.4,-89.462
4112.3,-89.468
4114.3,-89.465
4116.2,-89.455
4118.2,-89.444
4120.1,-89.437
4122.1,-89.44
4124.1,-89.451
4126,-89.467
4128,-89.48
4129.9,-89.482
4131.9,-89.468
4133.8,-89.438
4135.8,-89.394
4137.7,-89.343
4139.7,-89.294
4141.6,-89.255
4143.6,-89.234
4145.5,-89.233
4147.5,-89.256
4149.5,-89.299
4151.4,-89.357
4153.4,-89.419
4155.3,-89.474
4157.3,-89.51
4159.2,-89.524
4161.2,-89.518
4163.1,-89.501
4165.1,-89.485
4167,-89.481
4169,-89.494
4170.9,-89.524
4172.9,-89.565
4174.8,-89.606
4176.8,-89.636
4178.8,-89.646
4180.7,-89.631
4182.7,-89.596
4184.6,-89.551
4186.6,-89.507
4188.5,-89.472
4190.5,-89.449
4192.4,-89.434
4194.4,-89.421
4196.3,-89.405
4198.3,-89.385
4200.2,-89.362
4202.2,-89.344
4204.2,-89.337
4206.1,-89.348
4208.1,-89.377
4210,-89.418
4212,-89.463
4213.9,-89.502
4215.9,-89.525
4217.8,-89.529
4219.8,-89.517
4221.7,-89.494
4223.7,-89.468
4225.6,-89.446
4227.6,-89.431
4229.5,-89.426
4231.5,-89.431
4233.5,-89.447
4235.4,-89.473
4237.4,-89.509
4239.3,-89.552
4241.3,-89.597
4243.2,-89.639
4245.2,-89.675
4247.1,-89.701
4249.1,-89.721
4251,-89.736
4253,-89.753
4254.9,-89.774
4256.9,-89.799
4258.9,-89.821
4260.8,-89.832
4262.8,-89.823
4264.7,-89.793
4266.7,-89.746
4268.6,-89.693
4270.6,-89.647
4272.5,-89.619
4274.5,-89.614
4276.4,-89.629
4278.4,-89.658
4280.3,-89.691
4282.3,-89.719
4284.2,-89.739
4286.2,-89.751
4288.2,-89.758
4290.1,-89.765
4292.1,-89.773
4294,-89.779
4296,-89.779
4297.9,-89.767
4299.9,-89.74
4301.8,-89.702
4303.8,-89.658
4305.7,-89.618
4307.7,-89.589
4309.6,-89.574
4311.6,-89.569
4313.6,-89.567
4315.5,-89.561
4317.5,-89.544
4319.4,-89.52
4321.4,-89.493
4323.3,-89.473
4325.3,-89.467
4327.2,-89.478
4329.2,-89.504
4331.1,-89.539
4333.1,-89.573
4335,-89.597
4337,-89.607
4338.9,-89.6
4340.9,-89.582
4342.9,-89.56
4344.8,-89.544
4346.8,-89.54
4348.7,-89.552
4350.7,-89.58
4352.6,-89.621
4354.6,-89.669
4356.5,-89.719
4358.5,-89.767
4360.4,-89.809
4362.4,-89.843
4364.3,-89.87
4366.3,-89.89
4368.3,-89.902
4370.2,-89.906
4372.2,-89.903
4374.1,-89.894
4376.1,-89.882
4378,-89.87
4380,-89.862
4381.9,-89.858
4383.9,-89.857
4385.8,-89.857
4387.8,-89.858
4389.7,-89.855
4391.7,-89.848
4393.7,-89.836
4395.6,-89.821
4397.6,-89.804
4399.5,-89.787
4401.5,-89.774
4403.4,-89.764
4405.4,-89.759
4407.3,-89.758
4409.3,-89.759
4411.2,-89.763
4413.2,-89.77
4415.1,-89.779
4417.1,-89.789
4419,-89.796
4421,-89.797
4423,-89.79
4424.9,-89.777
4426.9,-89.763
4428.8,-89.753
4430.8,-89.75
4432.7,-89.754
4434.7,-89.765
4436.6,-89.777
4438.6,-89.787
4440.5,-89.793
4442.5,-89.792
4444.4,-89.788
4446.4,-89.783
4448.4,-89.778
4450.3,-89.774
4452.3,-89.769
4454.2,-89.76
4456.2,-89.745
4458.1,-89.725
4460.1,-89.703
4462,-89.683
4464,-89.667
4465.9,-89.659
4467.9,-89.659
4469.8,-89.667
4471.8,-89.681
4473.7,-89.704
4475.7,-89.737
4477.7,-89.782
4479.6,-89.841
4481.6,-89.911
4483.5,-89.985
4485.5,-90.053
4487.4,-90.102
4489.4,-90.123
4491.3,-90.117
4493.3,-90.091
4495.2,-90.06
4497.2,-90.039
4499.1,-90.038
4501.1,-90.056
4503.1,-90.088
4505,-90.121
4507,-90.142
4508.9,-90.142
4510.9,-90.118
4512.8,-90.075
4514.8,-90.021
4516.7,-89.966
4518.7,-89.918
4520.6,-89.88
4522.6,-89.851
4524.5,-89.83
4526.5,-89.813
4528.4,-89.799
4530.4,-89.789
4532.4,-89.782
4534.3,-89.779
4536.3,-89.778
4538.2,-89.78
4540.2,-89.783
4542.1,-89.789
4544.1,-89.8
4546,-89.815
4548,-89.832
4549.9,-89.849
4551.9,-89.859
4553.8,-89.861
4555.8,-89.854
4557.8,-89.841
4559.7,-89.826
4561.7,-89.815
4563.6,-89.811
4565.6,-89.812
4567.5,-89.816
4569.5,-89.821
4571.4,-89.823
4573.4,-89.824
4575.3,-89.824
4577.3,-89.827
4579.2,-89.835
4581.2,-89.85
4583.2,-89.874
4585.1,-89.907
4587.1,-89.947
4589,-89.988
4591,-90.023
4592.9,-90.047
4594.9,-90.058
4596.8,-90.058
4598.8,-90.053
4600.7,-90.048
4602.7,-90.043
4604.6,-90.038
4606.6,-90.033
4608.5,-90.027
4610.5,-90.026
4612.5,-90.031
4614.4,-90.048
4616.4,-90.078
4618.3,-90.119
4620.3,-90.17
4622.2,-90.226
4624.2,-90.281
4626.1,-90.329
4628.1,-90.361
4630,-90.373
4632,-90.364
4633.9,-90.34
4635.9,-90.311
4637.9,-90.286
4639.8,-90.271
4641.8,-90.265
4643.7,-90.261
4645.7,-90.248
4647.6,-90.221
4649.6,-90.176
4651.5,-90.121
4653.5,-90.067
4655.4,-90.025
4657.4,-90.003
4659.3,-90
4661.3,-90.012
4663.2,-90.03
4665.2,-90.044
4667.2,-90.05
4669.1,-90.048
4671.1,-90.039
4673,-90.032
4675,-90.034
4676.9,-90.05
4678.9,-90.083
4680.8,-90.13
4682.8,-90.183
4684.7,-90.232
4686.7,-90.267
4688.6,-90.285
4690.6,-90.285
4692.6,-90.274
4694.5,-90.258
4696.5,-90.24
4698.4,-90.223
4700.4,-90.205
4702.3,-90.184
4704.3,-90.161
4706.2,-90.135
4708.2,-90.109
4710.1,-90.083
4712.1,-90.06
4714,-90.039
4716,-90.021
4717.9,-90.005
4719.9,-89.994
4721.9,-89.99
4723.8,-89.996
4725.8,-90.015
4727.7,-90.047
4729.7,-90.089
4731.6,-90.136
4733.6,-90.178
4735.5,-90.203
4737.5,-90.204
4739.4,-90.182
4741.4,-90.144
4743.3,-90.104
4745.3,-90.077
4747.3,-90.073
4749.2,-90.096
4751.2,-90.146
4753.1,-90.214
4755.1,-90.286
4757,-90.35
4759,-90.393
4760.9,-90.41
4762.9,-90.403
4764.8,-90.377
4766.8,-90.34
4768.7,-90.297
4770.7,-90.25
4772.6,-90.2
4774.6,-90.15
4776.6,-90.103
4778.5,-90.067
4780.5,-90.047
4782.4,-90.049
4784.4,-90.071
4786.3,-90.107
4788.3,-90.149
4790.2,-90.187
4792.2,-90.214
4794.1,-90.23
4796.1,-90.237
4798,-90.238
4800,-90.236
4802,-90.233
4803.9,-90.225
4805.9,-90.212
4807.8,-90.197
4809.8,-90.183
4811.7,-90.178
4813.7,-90.188
4815.6,-90.212
4817.6,-90.247
4819.5,-90.286
4821.5,-90.32
4823.4,-90.347
4825.4,-90.367
4827.4,-90.385
4829.3,-90.403
4831.3,-90.426
4833.2,-90.452
4835.2,-90.477
4837.1,-90.499
4839.1,-90.513
4841,-90.515
4843,-90.5
4844.9,-90.468
4846.9,-90.425
4848.8,-90.379
4850.8,-90.342
4852.7,-90.325
4854.7,-90.331
4856.7,-90.357
4858.6,-90.393
4860.6,-90.428
4862.5,-90.45
4864.5,-90.456
4866.4,-90.444
4868.4,-90.42
4870.3,-90.388
4872.3,-90.355
4874.2,-90.328
4876.2,-90.312
4878.1,-90.308
4880.1,-90.316
4882.1,-90.334
4884,-90.359
4886,-90.388
4887.9,-90.421
4889.9,-90.458
4891.8,-90.498
4893.8,-90.537
4895.7,-90.569
4897.7,-90.589
4899.6,-90.596
4901.6,-90.589
4903.5,-90.574
4905.5,-90.555
4907.4,-90.536
4909.4,-90.517
4911.4,-90.499
4913.3,-90.484
4915.3,-90.474
4917.2,-90.472
4919.2,-90.477
4921.1,-90.485
4923.1,-90.492
4925,-90.49
4927,-90.475
4928.9,-90.449
4930.9,-90.416
4932.8,-90.382
4934.8,-90.353
4936.8,-90.333
4938.7,-90.323
4940.7,-90.319
4942.6,-90.318
4944.6,-90.319
4946.5,-90.321
4948.5,-90.327
4950.4,-90.338
4952.4,-90.358
4954.3,-90.387
4956.3,-90.423
4958.2,-90.463
4960.2,-90.501
4962.1,-90.533
4964.1,-90.553
4966.1,-90.558
4968,-90.547
4970,-90.52
4971.9,-90.481
4973.9,-90.433
4975.8,-90.384
4977.8,-90.34
4979.7,-90.306
4981.7,-90.288
4983.6,-90.288
4985.6,-90.305
4987.5,-90.334
4989.5,-90.368
4991.5,-90.399
4993.4,-90.424
4995.4,-90.441
4997.3,-90.453
4999.3,-90.463
5001.2,-90.475
5003.2,-90.489
5005.1,-90.501
5007.1,-90.509
5009,-90.509
5011,-90.502
5012.9,-90.489
5014.9,-90.473
5016.8,-90.46
5018.8,-90.455
5020.8,-90.465
5022.7,-90.494
5024.7,-90.542
5026.6,-90.603
5028.6,-90.666
5030.5,-90.717
5032.5,-90.743
5034.4,-90.738
5036.4,-90.706
5038.3,-90.655
5040.3,-90.6
5042.2,-90.554
5044.2,-90.526
5046.2,-90.517
5048.1,-90.524
5050.1,-90.543
5052,-90.567
5054,-90.591
5055.9,-90.61
5057.9,-90.622
5059.8,-90.625
5061.8,-90.62
5063.7,-90.609
5065.7,-90.594
5067.6,-90.579
5069.6,-90.568
5071.6,-90.56
5073.5,-90.554
5075.5,-90.548
5077.4,-90.541
5079.4,-90.531
5081.3,-90.521
5083.3,-90.512
5085.2,-90.507
5087.2,-90.506
5089.1,-90.512
5091.1,-90.525
5093,-90.548
5095,-90.578
5096.9,-90.617
5098.9,-90.66
5100.9,-90.702
5102.8,-90.734
5104.8,-90.75
5106.7,-90.747
5108.7,-90.727
5110.6,-90.698
5112.6,-90.67
5114.5,-90.652
5116.5,-90.649
5118.4,-90.659
5120.4,-90.674
5122.3,-90.686
5124.3,-90.688
5126.3,-90.678
5128.2,-90.66
5130.2,-90.64
5132.1,-90.624
5134.1,-90.621
5136,-90.632
5138,-90.659
5139.9,-90.697
5141.9,-90.744
5143.8,-90.792
5145.8,-90.836
5147.7,-90.868
5149.7,-90.885
5151.6,-90.883
5153.6,-90.865
5155.6,-90.835
5157.5,-90.8
5159.5,-90.769
5161.4,-90.749
5163.4,-90.741
5165.3,-90.744
5167.3,-90.753
5169.2,-90.762
5171.2,-90.765
5173.1,-90.759
5175.1,-90.746
5177,-90.729
5179,-90.711
5181,-90.695
5182.9,-90.682
5184.9,-90.672
5186.8,-90.668
5188.8,-90.673
5190.7,-90.691
5192.7,-90.721
5194.6,-90.763
5196.6,-90.814
5198.5,-90.866
5200.5,-90.916
5202.4,-90.956
5204.4,-90.981
5206.3,-90.986
5208.3,-90.97
5210.3,-90.939
5212.2,-90.9
5214.2,-90.863
5216.1,-90.835
5218.1,-90.821
5220,-90.819
5222,-90.823
5223.9,-90.826
5225.9,-90.819
5227.8,-90.8
5229.8,-90.773
5231.7,-90.746
5233.7,-90.728
5235.7,-90.726
5237.6,-90.741
5239.6,-90.766
5241.5,-90.795
5243.5,-90.82
5245.4,-90.839
5247.4,-90.854
5249.3,-90.871
5251.3,-90.896
5253.2,-90.933
5255.2,-90.979
5257.1,-91.028
5259.1,-91.073
5261.1,-91.103
5263,-91.114
5265,-91.105
5266.9,-91.081
5268.9,-91.049
5270.8,-91.015
5272.8,-90.985
5274.7,-90.958
5276.7,-90.933
5278.6,-90.908
5280.6,-90.878
5282.5,-90.842
5284.5,-90.798
5286.4,-90.749
5288.4,-90.702
5290.4,-90.668
5292.3,-90.654
5294.3,-90.667
5296.2,-90.705
5298.2,-90.761
5300.1,-90.823
5302.1,-90.878
5304,-90.919
5306,-90.942
5307.9,-90.951
5309.9,-90.951
5311.8,-90.948
5313.8,-90.944
5315.8,-90.938
5317.7,-90.931
5319.7,-90.92
5321.6,-90.907
5323.6,-90.893
5325.5,-90.881
5327.5,-90.871
5329.4,-90.863
5331.4,-90.853
5333.3,-90.839
5335.3,-90.822
5337.2,-90.805
5339.2,-90.793
5341.1,-90.789
5343.1,-90.798
5345.1,-90.818
5347,-90.845
5349,-90.873
5350.9,-90.897
5352.9,-90.913
5354.8,-90.92
5356.8,-90.922
5358.7,-90.921
5360.7,-90.922
5362.6,-90.926
5364.6,-90.934
5366.5,-90.946
5368.5,-90.962
5370.5,-90.98
5372.4,-90.999
5374.4,-91.016
5376.3,-91.028
5378.3,-91.033
5380.2,-91.033
5382.2,-91.029
5384.1,-91.025
5386.1,-91.022
5388,-91.02
5390,-91.019
5391.9,-91.017
5393.9,-91.012
5395.8,-91.002
5397.8,-90.99
5399.8,-90.975
5401.7,-90.962
5403.7,-90.953
5405.6,-90.95
5407.6,-90.953
5409.5,-90.959
5411.5,-90.968
5413.4,-90.975
5415.4,-90.981
5417.3,-90.988
5419.3,-91.001
5421.2,-91.022
5423.2,-91.052
5425.2,-91.086
5427.1,-91.117
5429.1,-91.134
5431,-91.132
5433,-91.107
5434.9,-91.059
5436.9,-90.993
5438.8,-90.916
5440.8,-90.837
5442.7,-90.766
5444.7,-90.713
5446.6,-90.682
5448.6,-90.675
5450.5,-90.689
5452.5,-90.718
5454.5,-90.751
5456.4,-90.782
5458.4,-90.805
5460.3,-90.82
5462.3,-90.829
5464.2,-90.84
5466.2,-90.86
5468.1,-90.891
5470.1,-90.934
5472,-90.984
5474,-91.033
5475.9,-91.07
5477.9,-91.089
5479.9,-91.087
5481.8,-91.065
5483.8,-91.03
5485.7,-90.988
5487.7,-90.946
5489.6,-90.909
5491.6,-90.883
5493.5,-90.871
5495.5,-90.874
5497.4,-90.895
5499.4,-90.931
5501.3,-90.978
5503.3,-91.031
5505.3,-91.081
5507.2,-91.124
5509.2,-91.157
5511.1,-91.181
5513.1,-91.195
5515,-91.199
5517,-91.194
5518.9,-91.179
5520.9,-91.153
5522.8,-91.12
5524.8,-91.082
5526.7,-91.046
5528.7,-91.015
5530.6,-90.992
5532.6,-90.978
5534.6,-90.973
5536.5,-90.974
5538.5,-90.981
5540.4,-90.989
5542.4,-90.996
5544.3,-90.997
5546.3,-90.991
5548.2,-90.979
5550.2,-90.967
5552.1,-90.961
5554.1,-90.966
5556,-90.986
5558,-91.018
5560,-91.056
5561.9,-91.095
5563.9,-91.127
5565.8,-91.149
5567.8,-91.158
5569.7,-91.151
5571.7,-91.128
5573.6,-91.094
5575.6,-91.055
5577.5,-91.019
5579.5,-90.995
5581.4,-90.986
5583.4,-90.992
5585.3,-91.008
5587.3,-91.026
5589.3,-91.04
5591.2,-91.046
5593.2,-91.045
5595.1,-91.043
5597.1,-91.044
5599,-91.053
5601,-91.071
5602.9,-91.094
5604.9,-91.117
5606.8,-91.133
5608.8,-91.136
5610.7,-91.124
5612.7,-91.095
5614.7,-91.053
5616.6,-91.004
5618.6,-90.955
5620.5,-90.917
5622.5,-90.895
5624.4,-90.892
5626.4,-90.908
5628.3,-90.939
5630.3,-90.977
5632.2,-91.018
5634.2,-91.058
5636.1,-91.095
5638.1,-91.129
5640,-91.163
5642,-91.195
5644,-91.227
5645.9,-91.258
5647.9,-91.287
5649.8,-91.312
5651.8,-91.333
5653.7,-91.345
5655.7,-91.347
5657.6,-91.337
5659.6,-91.316
5661.5,-91.29
5663.5,-91.263
5665.4,-91.242
5667.4,-91.228
5669.4,-91.222
5671.3,-91.222
5673.3,-91.223
5675.2,-91.222
5677.2,-91.217
5679.1,-91.208
5681.1,-91.195
5683,-91.18
5685,-91.165
5686.9,-91.151
5688.9,-91.138
5690.8,-91.127
5692.8,-91.117
5694.7,-91.111
5696.7,-91.113
5698.7,-91.125
5700.6,-91.148
5702.6,-91.181
5704.5,-91.219
5706.5,-91.257
5708.4,-91.29
5710.4,-91.315
5712.3,-91.331
5714.3,-91.337
5716.2,-91.337
5718.2,-91.335
5720.1,-91.335
5722.1,-91.34
5724.1,-91.348
5726,-91.359
5728,-91.369
5729.9,-91.376
5731.9,-91.377
5733.8,-91.374
5735.8,-91.37
5737.7,-91.37
5739.7,-91.375
5741.6,-91.388
5743.6,-91.406
5745.5,-91.427
5747.5,-91.448
5749.5,-91.469
5751.4,-91.491
5753.4,-91.512
5755.3,-91.532
5757.3,-91.548
5759.2,-91.555
5761.2,-91.552
5763.1,-91.542
5765.1,-91.528
5767,-91.516
5769,-91.508
5770.9,-91.504
5772.9,-91.502
5774.8,-91.5
5776.8,-91.495
5778.8,-91.485
5780.7,-91.469
5782.7,-91.449
5784.6,-91.425
5786.6,-91.399
5788.5,-91.372
5790.5,-91.344
5792.4,-91.317
5794.4,-91.291
5796.3,-91.268
5798.3,-91.253
5800.2,-91.249
5802.2,-91.258
5804.2,-91.281
5806.1,-91.315
5808.1,-91.355
5810,-91.394
5812,-91.426
5813.9,-91.446
5815.9,-91.455
5817.8,-91.456
5819.8,-91.455
5821.7,-91.457
5823.7,-91.465
5825.6,-91.48
5827.6,-91.496
5829.5,-91.51
5831.5,-91.518
5833.5,-91.518
5835.4,-91.513
5837.4,-91.505
5839.3,-91.498
5841.3,-91.493
5843.2,-91.488
5845.2,-91.484
5847.1,-91.48
5849.1,-91.476
5851,-91.477
5853,-91.485
5854.9,-91.502
5856.9,-91.53
5858.9,-91.566
5860.8,-91.604
5862.8,-91.638
5864.7,-91.661
5866.7,-91.67
5868.6,-91.665
5870.6,-91.65
5872.5,-91.631
5874.5,-91.613
5876.4,-91.597
5878.4,-91.583
5880.3,-91.569
5882.3,-91.554
5884.2,-91.539
5886.2,-91.524
5888.2,-91.514
5890.1,-91.511
5892.1,-91.515
5894,-91.525
5896,-91.539
5897.9,-91.553
5899.9,-91.562
5901.8,-91.564
5903.8,-91.558
5905.7,-91.546
5907.7,-91.53
5909.6,-91.513
5911.6,-91.497
5913.6,-91.485
5915.5,-91.481
5917.5,-91.49
5919.4,-91.513
5921.4,-91.553
5923.3,-91.607
5925.3,-91.669
5927.2,-91.731
5929.2,-91.781
5931.1,-91.814
5933.1,-91.825
5935,-91.816
5937,-91.793
5938.9,-91.761
5940.9,-91.729
5942.9,-91.704
5944.8,-91.693
5946.8,-91.698
5948.7,-91.719
5950.7,-91.749
5952.6,-91.779
5954.6,-91.796
5956.5,-91.793
5958.5,-91.768
5960.4,-91.726
5962.4,-91.679
5964.3,-91.64
5966.3,-91.621
5968.3,-91.626
5970.2,-91.655
5972.2,-91.702
5974.1,-91.757
5976.1,-91.808
5978,-91.848
5980,-91.872
5981.9,-91.881
5983.9,-91.876
5985.8,-91.861
5987.8,-91.84
5989.7,-91.815
5991.7,-91.791
5993.7,-91.771
5995.6,-91.759
5997.6,-91.758
5999.5,-91.769
6001.5,-91.793
6003.4,-91.824
6005.4,-91.858
6007.3,-91.888
6009.3,-91.91
6011.2,-91.924
6013.2,-91.932
6015.1,-91.938
6017.1,-91.944
6019,-91.953
6021,-91.969
6023,-91.992
6024.9,-92.024
6026.9,-92.061
6028.8,-92.1
6030.8,-92.133
6032.7,-92.15
6034.7,-92.145
6036.6,-92.114
6038.6,-92.059
6040.5,-91.987
6042.5,-91.907
6044.4,-91.828
6046.4,-91.759
6048.4,-91.706
6050.3,-91.674
6052.3,-91.666
6054.2,-91.684
6056.2,-91.727
6058.1,-91.79
6060.1,-91.869
6062,-91.956
6064,-92.044
6065.9,-92.129
6067.9,-92.205
6069.8,-92.269
6071.8,-92.317
6073.7,-92.35
6075.7,-92.37
6077.7,-92.381
6079.6,-92.39
6081.6,-92.399
6083.5,-92.409
6085.5,-92.421
6087.4,-92.433
6089.4,-92.448
6091.3,-92.465
6093.3,-92.486
6095.2,-92.507
6097.2,-92.525
6099.1,-92.537
6101.1,-92.545
6103.1,-92.549
6105,-92.551
6107,-92.55
6108.9,-92.544
6110.9,-92.531
6112.8,-92.51
6114.8,-92.489
6116.7,-92.476
6118.7,-92.477
6120.6,-92.495
6122.6,-92.525
6124.5,-92.554
6126.5,-92.575
6128.4,-92.578
6130.4,-92.565
6132.4,-92.541
6134.3,-92.511
6136.3,-92.484
6138.2,-92.463
6140.2,-92.452
6142.1,-92.451
6144.1,-92.459
6146,-92.477
6148,-92.505
6149.9,-92.54
6151.9,-92.58
6153.8,-92.618
6155.8,-92.649
6157.8,-92.669
6159.7,-92.675
6161.7,-92.669
6163.6,-92.656
6165.6,-92.638
6167.5,-92.617
6169.5,-92.596
6171.4,-92.578
6173.4,-92.568
6175.3,-92.569
6177.3,-92.583
6179.2,-92.609
6181.2,-92.643
6183.2,-92.679
6185.1,-92.713
6187.1,-92.74
6189,-92.759
6191,-92.776
6192.9,-92.796
6194.9,-92.826
6196.8,-92.87
6198.8,-92.929
6200.7,-93.001
6202.7,-93.077
6204.6,-93.148
6206.6,-93.205
6208.5,-93.243
6210.5,-93.26
6212.5,-93.257
6214.4,-93.239
6216.4,-93.214
6218.3,-93.188
6220.3,-93.167
6222.2,-93.152
6224.2,-93.144
6226.1,-93.14
6228.1,-93.137
6230,-93.132
6232,-93.122
6233.9,-93.11
6235.9,-93.097
6237.9,-93.088
6239.8,-93.086
6241.8,-93.092
6243.7,-93.107
6245.7,-93.128
6247.6,-93.151
6249.6,-93.173
6251.5,-93.191
6253.5,-93.207
6255.4,-93.222
6257.4,-93.239
6259.3,-93.257
6261.3,-93.274
6263.2,-93.288
6265.2,-93.293
6267.2,-93.291
6269.1,-93.286
6271.1,-93.286
6273,-93.297
6275,-93.324
6276.9,-93.368
6278.9,-93.422
6280.8,-93.478
6282.8,-93.527
6284.7,-93.564
6286.7,-93.587
6288.6,-93.599
6290.6,-93.606
6292.6,-93.612
6294.5,-93.623
6296.5,-93.639
6298.4,-93.66
6300.4,-93.683
6302.3,-93.704
6304.3,-93.721
6306.2,-93.733
6308.2,-93.744
6310.1,-93.756
6312.1,-93.771
6314,-93.79
6316,-93.81
6317.9,-93.827
6319.9,-93.837
6321.9,-93.839
6323.8,-93.834
6325.8,-93.826
6327.7,-93.818
6329.7,-93.81
6331.6,-93.803
6333.6,-93.794
6335.5,-93.786
6337.5,-93.781
6339.4,-93.783
6341.4,-93.794
6343.3,-93.813
6345.3,-93.837
6347.3,-93.86
6349.2,-93.879
6351.2,-93.894
6353.1,-93.911
6355.1,-93.934
6357,-93.971
6359,-94.023
6360.9,-94.087
6362.9,-94.155
6364.8,-94.216
6366.8,-94.26
6368.7,-94.283
6370.7,-94.285
6372.6,-94.276
6374.6,-94.264
6376.6,-94.258
6378.5,-94.264
6380.5,-94.284
6382.4,-94.313
6384.4,-94.347
6386.3,-94.378
6388.3,-94.399
6390.2,-94.407
6392.2,-94.403
6394.1,-94.39
6396.1,-94.377
6398,-94.372
6400,-94.382
6402,-94.41
6403.9,-94.451
6405.9,-94.5
6407.8,-94.547
6409.8,-94.582
6411.7,-94.603
6413.7,-94.612
6415.6,-94.618
6417.6,-94.631
6419.5,-94.66
6421.5,-94.704
6423.4,-94.757
6425.4,-94.809
6427.4,-94.85
6429.3,-94.874
6431.3,-94.883
6433.2,-94.883
6435.2,-94.883
6437.1,-94.889
6439.1,-94.905
6441,-94.931
6443,-94.964
6444.9,-95.001
6446.9,-95.039
6448.8,-95.073
6450.8,-95.105
6452.7,-95.133
6454.7,-95.16
6456.7,-95.188
6458.6,-95.216
6460.6,-95.245
6462.5,-95.271
6464.5,-95.293
6466.4,-95.309
6468.4,-95.321
6470.3,-95.332
6472.3,-95.343
6474.2,-95.356
6476.2,-95.37
6478.1,-95.384
6480.1,-95.397
6482.1,-95.409
6484,-95.42
6486,-95.434
6487.9,-95.452
6489.9,-95.474
6491.8,-95.498
6493.8,-95.52
6495.7,-95.539
6497.7,-95.554
6499.6,-95.568
6501.6,-95.586
6503.5,-95.609
6505.5,-95.637
6507.4,-95.664
6509.4,-95.682
6511.4,-95.684
6513.3,-95.67
6515.3,-95.643
6517.2,-95.612
6519.2,-95.585
6521.1,-95.569
6523.1,-95.568
6525,-95.581
6527,-95.608
6528.9,-95.646
6530.9,-95.696
6532.8,-95.757
6534.8,-95.83
6536.8,-95.914
6538.7,-96.006
6540.7,-96.101
6542.6,-96.193
6544.6,-96.277
6546.5,-96.347
6548.5,-96.399
6550.4,-96.433
6552.4,-96.448
6554.3,-96.447
6556.3,-96.435
6558.2,-96.418
6560.2,-96.403
6562.1,-96.396
6564.1,-96.402
6566.1,-96.424
6568,-96.461
6570,-96.508
6571.9,-96.554
6573.9,-96.592
6575.8,-96.617
6577.8,-96.628
6579.7,-96.629
6581.7,-96.627
6583.6,-96.626
6585.6,-96.628
6587.5,-96.63
6589.5,-96.631
6591.5,-96.629
6593.4,-96.626
6595.4,-96.627
6597.3,-96.638
6599.3,-96.662
6601.2,-96.701
6603.2,-96.756
6605.1,-96.825
6607.1,-96.907
6609,-97.001
6611,-97.106
6612.9,-97.217
6614.9,-97.328
6616.8,-97.428
6618.8,-97.51
6620.8,-97.569
6622.7,-97.607
6624.7,-97.629
6626.6,-97.642
6628.6,-97.649
6630.5,-97.651
6632.5,-97.649
6634.4,-97.644
6636.4,-97.639
6638.3,-97.639
6640.3,-97.648
6642.2,-97.667
6644.2,-97.695
6646.2,-97.727
6648.1,-97.759
6650.1,-97.79
6652,-97.818
6654,-97.845
6655.9,-97.873
6657.9,-97.904
6659.8,-97.936
6661.8,-97.968
6663.7,-97.999
6665.7,-98.027
6667.6,-98.056
6669.6,-98.085
6671.6,-98.119
6673.5,-98.157
6675.5,-98.203
6677.4,-98.255
6679.4,-98.311
6681.3,-98.37
6683.3,-98.425
6685.2,-98.472
6687.2,-98.508
6689.1,-98.53
6691.1,-98.539
6693,-98.541
6695,-98.539
6696.9,-98.541
6698.9,-98.552
6700.9,-98.576
6702.8,-98.615
6704.8,-98.67
6706.7,-98.739
6708.7,-98.818
6710.6,-98.903
6712.6,-98.985
6714.5,-99.058
6716.5,-99.118
6718.4,-99.161
6720.4,-99.189
6722.3,-99.205
6724.3,-99.216
6726.3,-99.226
6728.2,-99.239
6730.2,-99.256
6732.1,-99.273
6734.1,-99.287
6736,-99.294
6738,-99.291
6739.9,-99.281
6741.9,-99.267
6743.8,-99.255
6745.8,-99.253
6747.7,-99.265
6749.7,-99.293
6751.6,-99.337
6753.6,-99.395
6755.6,-99.463
6757.5,-99.542
6759.5,-99.629
6761.4,-99.723
6763.4,-99.822
6765.3,-99.918
6767.3,-100.01
6769.2,-100.08
6771.2,-100.14
6773.1,-100.18
6775.1,-100.21
6777,-100.25
6779,-100.28
6781,-100.32
6782.9,-100.36
6784.9,-100.39
6786.8,-100.42
6788.8,-100.45
6790.7,-100.49
6792.7,-100.54
6794.6,-100.61
6796.6,-100.7
6798.5,-100.78
6800.5,-100.86
6802.4,-100.91
6804.4,-100.95
6806.3,-100.96
6808.3,-100.98
6810.3,-100.99
6812.2,-101.01
6814.2,-101.05
6816.1,-101.1
6818.1,-101.15
6820,-101.21
6822,-101.26
6823.9,-101.31
6825.9,-101.36
6827.8,-101.41
6829.8,-101.47
6831.7,-101.52
6833.7,-101.57
6835.7,-101.61
6837.6,-101.64
6839.6,-101.65
6841.5,-101.66
6843.5,-101.66
6845.4,-101.67
6847.4,-101.68
6849.3,-101.7
6851.3,-101.72
6853.2,-101.72
6855.2,-101.73
6857.1,-101.74
6859.1,-101.76
6861.1,-101.8
6863,-101.86
6865,-101.93
6866.9,-102.01
6868.9,-102.09
6870.8,-102.17
6872.8,-102.24
6874.7,-102.3
6876.7,-102.36
6878.6,-102.43
6880.6,-102.5
6882.5,-102.58
6884.5,-102.66
6886.4,-102.72
6888.4,-102.77
6890.4,-102.79
6892.3,-102.8
6894.3,-102.79
6896.2,-102.77
6898.2,-102.75
6900.1,-102.75
6902.1,-102.77
6904,-102.82
6906,-102.9
6907.9,-102.99
6909.9,-103.1
6911.8,-103.2
6913.8,-103.3
6915.8,-103.37
6917.7,-103.43
6919.7,-103.48
6921.6,-103.53
6923.6,-103.58
6925.5,-103.64
6927.5,-103.72
6929.4,-103.79
6931.4,-103.87
6933.3,-103.94
6935.3,-103.98
6937.2,-104.01
6939.2,-104.03
6941.1,-104.04
6943.1,-104.05
6945.1,-104.08
6947,-104.12
6949,-104.19
6950.9,-104.27
6952.9,-104.38
6954.8,-104.49
6956.8,-104.6
6958.7,-104.7
6960.7,-104.78
6962.6,-104.83
6964.6,-104.87
6966.5,-104.89
6968.5,-104.92
6970.5,-104.95
6972.4,-104.99
6974.4,-105.05
6976.3,-105.12
6978.3,-105.2
6980.2,-105.27
6982.2,-105.34
6984.1,-105.39
6986.1,-105.43
6988,-105.46
6990,-105.48
6991.9,-105.5
6993.9,-105.52
6995.8,-105.54
6997.8,-105.57
6999.8,-105.62
7001.7,-105.66
7003.7,-105.71
7005.6,-105.76
7007.6,-105.81
7009.5,-105.87
7011.5,-105.94
7013.4,-106.01
7015.4,-106.09
7017.3,-106.17
7019.3,-106.24
7021.2,-106.32
7023.2,-106.38
7025.2,-106.45
7027.1,-106.5
7029.1,-106.56
7031,-106.62
7033,-106.68
7034.9,-106.76
7036.9,-106.84
7038.8,-106.91
7040.8,-106.98
7042.7,-107.04
7044.7,-107.1
7046.6,-107.15
7048.6,-107.21
7050.5,-107.28
7052.5,-107.35
7054.5,-107.42
7056.4,-107.5
7058.4,-107.57
7060.3,-107.63
7062.3,-107.69
7064.2,-107.74
7066.2,-107.79
7068.1,-107.84
7070.1,-107.9
7072,-107.96
7074,-108.03
7075.9,-108.11
7077.9,-108.2
7079.9,-108.29
7081.8,-108.37
7083.8,-108.44
7085.7,-108.49
7087.7,-108.53
7089.6,-108.56
7091.6,-108.59
7093.5,-108.62
7095.5,-108.67
7097.4,-108.73
7099.4,-108.81
7101.3,-108.88
7103.3,-108.96
7105.3,-109.05
7107.2,-109.13
7109.2,-109.21
7111.1,-109.3
7113.1,-109.39
7115,-109.47
7117,-109.56
7118.9,-109.64
7120.9,-109.72
7122.8,-109.8
7124.8,-109.87
7126.7,-109.92
7128.7,-109.96
7130.6,-109.99
7132.6,-110.03
7134.6,-110.07
7136.5,-110.15
7138.5,-110.24
7140.4,-110.36
7142.4,-110.48
7144.3,-110.59
7146.3,-110.69
7148.2,-110.78
7150.2,-110.85
7152.1,-110.91
7154.1,-110.97
7156,-111.04
7158,-111.1
7160,-111.17
7161.9,-111.23
7163.9,-111.29
7165.8,-111.35
7167.8,-111.41
7169.7,-111.46
7171.7,-111.52
7173.6,-111.59
7175.6,-111.66
7177.5,-111.73
7179.5,-111.81
7181.4,-111.89
7183.4,-111.98
7185.3,-112.06
7187.3,-112.14
7189.3,-112.21
7191.2,-112.26
7193.2,-112.3
7195.1,-112.33
7197.1,-112.36
7199,-112.38
7201,-112.41
7202.9,-112.44
7204.9,-112.49
7206.8,-112.55
7208.8,-112.63
7210.7,-112.72
7212.7,-112.83
7214.7,-112.94
7216.6,-113.07
7218.6,-113.19
7220.5,-113.31
7222.5,-113.42
7224.4,-113.52
7226.4,-113.61
7228.3,-113.69
7230.3,-113.76
7232.2,-113.82
7234.2,-113.89
7236.1,-113.96
7238.1,-114.02
7240,-114.09
7242,-114.16
7244,-114.22
7245.9,-114.28
7247.9,-114.34
7249.8,-114.4
7251.8,-114.47
7253.7,-114.54
7255.7,-114.61
7257.6,-114.7
7259.6,-114.8
7261.5,-114.9
7263.5,-115.01
7265.4,-115.11
7267.4,-115.21
7269.4,-115.28
7271.3,-115.34
7273.3,-115.39
7275.2,-115.43
7277.2,-115.49
7279.1,-115.55
7281.1,-115.64
7283,-115.73
7285,-115.84
7286.9,-115.94
7288.9,-116.05
7290.8,-116.15
7292.8,-116.24
7294.7,-116.33
7296.7,-116.42
7298.7,-116.5
7300.6,-116.58
7302.6,-116.67
7304.5,-116.76
7306.5,-116.86
7308.4,-116.96
7310.4,-117.07
7312.3,-117.17
7314.3,-117.26
7316.2,-117.33
7318.2,-117.39
7320.1,-117.43
7322.1,-117.46
7324.1,-117.5
7326,-117.55
7328,-117.6
7329.9,-117.66
7331.9,-117.73
7333.8,-117.81
7335.8,-117.9
7337.7,-118
7339.7,-118.11
7341.6,-118.22
7343.6,-118.34
7345.5,-118.46
7347.5,-118.58
7349.5,-118.69
7351.4,-118.79
7353.4,-118.88
7355.3,-118.96
7357.3,-119.03
7359.2,-119.1
7361.2,-119.17
7363.1,-119.24
7365.1,-119.31
7367,-119.38
7369,-119.46
7370.9,-119.55
7372.9,-119.65
7374.8,-119.75
7376.8,-119.85
7378.8,-119.94
7380.7,-120.02
7382.7,-120.08
7384.6,-120.12
7386.6,-120.16
7388.5,-120.2
7390.5,-120.25
7392.4,-120.31
7394.4,-120.37
7396.3,-120.44
7398.3,-120.52
7400.2,-120.6
7402.2,-120.68
7404.2,-120.78
7406.1,-120.88
7408.1,-121
7410,-121.11
7412,-121.22
7413.9,-121.33
7415.9,-121.43
7417.8,-121.52
7419.8,-121.6
7421.7,-121.67
7423.7,-121.73
7425.6,-121.78
7427.6,-121.82
7429.5,-121.86
7431.5,-121.89
7433.5,-121.93
7435.4,-121.98
7437.4,-122.03
7439.3,-122.09
7441.3,-122.14
7443.2,-122.2
7445.2,-122.26
7447.1,-122.32
7449.1,-122.4
7451,-122.49
7453,-122.59
7454.9,-122.69
7456.9,-122.79
7458.9,-122.87
7460.8,-122.93
7462.8,-122.98
7464.7,-123.01
7466.7,-123.04
7468.6,-123.07
7470.6,-123.1
7472.5,-123.15
7474.5,-123.2
7476.4,-123.26
7478.4,-123.33
7480.3,-123.41
7482.3,-123.49
7484.2,-123.57
7486.2,-123.65
7488.2,-123.72
7490.1,-123.79
7492.1,-123.85
7494,-123.92
7496,-123.98
7497.9,-124.05
7499.9,-124.12
7501.8,-124.19
7503.8,-124.25
7505.7,-124.32
7507.7,-124.39
7509.6,-124.45
7511.6,-124.51
7513.6,-124.58
7515.5,-124.65
7517.5,-124.73
7519.4,-124.82
7521.4,-124.9
7523.3,-124.96
7525.3,-125.01
7527.2,-125.03
7529.2,-125.03
7531.1,-125.03
7533.1,-125.02
7535,-125.01
7537,-125
7538.9,-125.01
7540.9,-125.03
7542.9,-125.06
7544.8,-125.11
7546.8,-125.17
7548.7,-125.25
7550.7,-125.33
7552.6,-125.43
7554.6,-125.54
7556.5,-125.65
7558.5,-125.77
7560.4,-125.87
7562.4,-125.96
7564.3,-126.01
7566.3,-126.05
7568.3,-126.06
7570.2,-126.07
7572.2,-126.07
7574.1,-126.07
7576.1,-126.06
7578,-126.05
7580,-126.03
7581.9,-126
7583.9,-125.97
7585.8,-125.95
7587.8,-125.93
7589.7,-125.93
7591.7,-125.95
7593.7,-125.97
7595.6,-126.01
7597.6,-126.05
7599.5,-126.1
7601.5,-126.14
7603.4,-126.17
7605.4,-126.2
7607.3,-126.22
7609.3,-126.24
7611.2,-126.27
7613.2,-126.3
7615.1,-126.34
7617.1,-126.39
7619,-126.43
7621,-126.47
7623,-126.5
7624.9,-126.51
7626.9,-126.51
7628.8,-126.5
7630.8,-126.49
7632.7,-126.49
7634.7,-126.48
7636.6,-126.48
7638.6,-126.48
7640.5,-126.49
7642.5,-126.51
7644.4,-126.54
7646.4,-126.59
7648.4,-126.64
7650.3,-126.69
7652.3,-126.75
7654.2,-126.8
7656.2,-126.85
7658.1,-126.89
7660.1,-126.92
7662,-126.95
7664,-126.98
7665.9,-126.99
7667.9,-127
7669.8,-126.99
7671.8,-126.97
7673.7,-126.94
7675.7,-126.91
7677.7,-126.87
7679.6,-126.84
7681.6,-126.83
7683.5,-126.83
7685.5,-126.84
7687.4,-126.88
7689.4,-126.92
7691.3,-126.97
7693.3,-127.02
7695.2,-127.06
7697.2,-127.09
7699.1,-127.11
7701.1,-127.11
7703.1,-127.09
7705,-127.05
7707,-127
7708.9,-126.94
7710.9,-126.89
7712.8,-126.84
7714.8,-126.82
7716.7,-126.82
7718.7,-126.84
7720.6,-126.88
7722.6,-126.93
7724.5,-126.98
7726.5,-127.02
7728.4,-127.05
7730.4,-127.06
7732.4,-127.06
7734.3,-127.06
7736.3,-127.05
7738.2,-127.04
7740.2,-127.04
7742.1,-127.04
7744.1,-127.05
7746,-127.06
7748,-127.08
7749.9,-127.08
7751.9,-127.07
7753.8,-127.06
7755.8,-127.03
7757.8,-127.01
7759.7,-127
7761.7,-127
7763.6,-127.02
7765.6,-127.06
7767.5,-127.11
7769.5,-127.15
7771.4,-127.17
7773.4,-127.17
7775.3,-127.14
7777.3,-127.1
7779.2,-127.05
7781.2,-127
7783.2,-126.97
7785.1,-126.95
7787.1,-126.94
7789,-126.94
7791,-126.94
7792.9,-126.93
7794.9,-126.93
7796.8,-126.92
7798.8,-126.91
7800.7,-126.9
7802.7,-126.9
7804.6,-126.91
7806.6,-126.91
7808.5,-126.93
7810.5,-126.95
7812.5,-126.97
7814.4,-126.99
7816.4,-127.03
7818.3,-127.07
7820.3,-127.13
7822.2,-127.19
7824.2,-127.24
7826.1,-127.29
7828.1,-127.31
7830,-127.31
7832,-127.29
7833.9,-127.26
7835.9,-127.23
7837.9,-127.19
7839.8,-127.17
7841.8,-127.15
7843.7,-127.15
7845.7,-127.16
7847.6,-127.17
7849.6,-127.18
7851.5,-127.19
7853.5,-127.18
7855.4,-127.17
7857.4,-127.13
7859.3,-127.09
7861.3,-127.04
7863.2,-126.99
7865.2,-126.95
7867.2,-126.91
7869.1,-126.88
7871.1,-126.86
7873,-126.85
7875,-126.85
7876.9,-126.86
7878.9,-126.88
7880.8,-126.91
7882.8,-126.94
7884.7,-126.98
7886.7,-127.01
7888.6,-127.03
7890.6,-127.04
7892.6,-127.05
7894.5,-127.06
7896.5,-127.06
7898.4,-127.08
7900.4,-127.09
7902.3,-127.1
7904.3,-127.11
7906.2,-127.11
7908.2,-127.1
7910.1,-127.08
7912.1,-127.07
7914,-127.06
7916,-127.06
7917.9,-127.07
7919.9,-127.09
7921.9,-127.1
7923.8,-127.12
7925.8,-127.12
7927.7,-127.1
7929.7,-127.09
7931.6,-127.06
7933.6,-127.04
7935.5,-127.03
7937.5,-127.02
7939.4,-127.03
7941.4,-127.04
7943.3,-127.06
7945.3,-127.08
7947.3,-127.11
7949.2,-127.12
7951.2,-127.13
7953.1,-127.13
7955.1,-127.11
7957,-127.08
7959,-127.04
7960.9,-127.01
7962.9,-126.99
7964.8,-126.98
7966.8,-126.99
7968.7,-127.02
7970.7,-127.07
7972.6,-127.11
7974.6,-127.14
7976.6,-127.15
7978.5,-127.14
7980.5,-127.1
7982.4,-127.04
7984.4,-126.98
7986.3,-126.92
7988.3,-126.87
7990.2,-126.83
7992.2,-126.8
7994.1,-126.79
7996.1,-126.78
7998,-126.78
8000,-126.78
