0,-78.42
1.9536,-78.546
3.9072,-78.893
5.8608,-79.364
7.8144,-79.795
9.768,-79.996
11.722,-79.854
13.675,-79.408
15.629,-78.787
17.582,-78.109
19.536,-77.442
21.49,-76.815
23.443,-76.235
25.397,-75.701
27.35,-75.211
29.304,-74.758
31.258,-74.335
33.211,-73.935
35.165,-73.55
37.118,-73.18
39.072,-72.823
41.026,-72.478
42.979,-72.147
44.933,-71.827
46.886,-71.515
48.84,-71.211
50.794,-70.919
52.747,-70.646
54.701,-70.402
56.654,-70.193
58.608,-70.018
60.562,-69.872
62.515,-69.741
64.469,-69.614
66.422,-69.483
68.376,-69.349
70.33,-69.218
72.283,-69.1
74.237,-69
76.19,-68.92
78.144,-68.852
80.098,-68.787
82.051,-68.712
84.005,-68.614
85.958,-68.487
87.912,-68.328
89.866,-68.145
91.819,-67.947
93.773,-67.746
95.726,-67.552
97.68,-67.375
99.634,-67.222
101.59,-67.101
103.54,-67.019
105.49,-66.979
107.45,-66.977
109.4,-66.999
111.36,-67.021
113.31,-67.016
115.26,-66.963
117.22,-66.859
119.17,-66.714
121.12,-66.55
123.08,-66.39
125.03,-66.247
126.98,-66.126
128.94,-66.024
130.89,-65.939
132.84,-65.868
134.8,-65.816
136.75,-65.789
138.71,-65.788
140.66,-65.808
142.61,-65.836
144.57,-65.856
146.52,-65.855
148.47,-65.831
150.43,-65.792
152.38,-65.754
154.33,-65.732
156.29,-65.735
158.24,-65.766
160.2,-65.821
162.15,-65.89
164.1,-65.96
166.06,-66.011
168.01,-66.021
169.96,-65.972
171.92,-65.858
173.87,-65.688
175.82,-65.489
177.78,-65.292
179.73,-65.125
181.68,-65.005
183.64,-64.936
185.59,-64.912
187.55,-64.92
189.5,-64.949
191.45,-64.984
193.41,-65.013
195.36,-65.024
197.31,-65.007
199.27,-64.959
201.22,-64.885
203.17,-64.799
205.13,-64.714
207.08,-64.646
209.04,-64.604
210.99,-64.592
212.94,-64.606
214.9,-64.641
216.85,-64.687
218.8,-64.733
220.76,-64.773
222.71,-64.798
224.66,-64.804
226.62,-64.786
228.57,-64.743
230.53,-64.675
232.48,-64.586
234.43,-64.485
236.39,-64.383
238.34,-64.29
240.29,-64.22
242.25,-64.181
244.2,-64.177
246.15,-64.202
248.11,-64.244
250.06,-64.282
252.01,-64.299
253.97,-64.28
255.92,-64.226
257.88,-64.145
259.83,-64.056
261.78,-63.975
263.74,-63.914
265.69,-63.877
267.64,-63.856
269.6,-63.839
271.55,-63.815
273.5,-63.779
275.46,-63.736
277.41,-63.7
279.37,-63.686
281.32,-63.709
283.27,-63.777
285.23,-63.889
287.18,-64.039
289.13,-64.212
291.09,-64.388
293.04,-64.546
294.99,-64.666
296.95,-64.736
298.9,-64.753
300.85,-64.727
302.81,-64.674
304.76,-64.611
306.72,-64.554
308.67,-64.51
310.62,-64.48
312.58,-64.454
314.53,-64.42
316.48,-64.367
318.44,-64.289
320.39,-64.189
322.34,-64.082
324.3,-63.987
326.25,-63.924
328.21,-63.904
330.16,-63.929
332.11,-63.993
334.07,-64.08
336.02,-64.176
337.97,-64.265
339.93,-64.336
341.88,-64.379
343.83,-64.388
345.79,-64.361
347.74,-64.307
349.69,-64.243
351.65,-64.189
353.6,-64.166
355.56,-64.182
357.51,-64.235
359.46,-64.313
361.42,-64.397
363.37,-64.471
365.32,-64.529
367.28,-64.573
369.23,-64.607
371.18,-64.635
373.14,-64.656
375.09,-64.666
377.05,-64.659
379,-64.636
380.95,-64.603
382.91,-64.572
384.86,-64.551
386.81,-64.547
388.77,-64.559
390.72,-64.585
392.67,-64.62
394.63,-64.662
396.58,-64.711
398.53,-64.763
400.49,-64.816
402.44,-64.864
404.4,-64.903
406.35,-64.932
408.3,-64.95
410.26,-64.957
412.21,-64.95
414.16,-64.925
416.12,-64.88
418.07,-64.822
420.02,-64.763
421.98,-64.716
423.93,-64.693
425.89,-64.697
427.84,-64.726
429.79,-64.771
431.75,-64.821
433.7,-64.867
435.65,-64.9
437.61,-64.92
439.56,-64.927
441.51,-64.928
443.47,-64.927
445.42,-64.929
447.37,-64.935
449.33,-64.943
451.28,-64.947
453.24,-64.941
455.19,-64.92
457.14,-64.883
459.1,-64.832
461.05,-64.77
463,-64.703
464.96,-64.636
466.91,-64.573
468.86,-64.521
470.82,-64.485
472.77,-64.468
474.73,-64.473
476.68,-64.498
478.63,-64.537
480.59,-64.584
482.54,-64.63
484.49,-64.675
486.45,-64.717
488.4,-64.76
490.35,-64.804
492.31,-64.846
494.26,-64.881
496.21,-64.899
498.17,-64.897
500.12,-64.876
502.08,-64.846
504.03,-64.821
505.98,-64.817
507.94,-64.842
509.89,-64.9
511.84,-64.989
513.8,-65.096
515.75,-65.207
517.7,-65.304
519.66,-65.37
521.61,-65.392
523.57,-65.366
525.52,-65.299
527.47,-65.207
529.43,-65.109
531.38,-65.024
533.33,-64.965
535.29,-64.935
537.24,-64.933
539.19,-64.944
541.15,-64.955
543.1,-64.951
545.05,-64.923
547.01,-64.875
548.96,-64.819
550.92,-64.772
552.87,-64.75
554.82,-64.759
556.78,-64.797
558.73,-64.849
560.68,-64.894
562.64,-64.915
564.59,-64.904
566.54,-64.867
568.5,-64.823
570.45,-64.792
572.41,-64.791
574.36,-64.826
576.31,-64.89
578.27,-64.973
580.22,-65.064
582.17,-65.159
584.13,-65.255
586.08,-65.351
588.03,-65.442
589.99,-65.516
591.94,-65.556
593.89,-65.551
595.85,-65.497
597.8,-65.403
599.76,-65.285
601.71,-65.164
603.66,-65.061
605.62,-64.994
607.57,-64.976
609.52,-65.005
611.48,-65.072
613.43,-65.158
615.38,-65.241
617.34,-65.302
619.29,-65.335
621.25,-65.344
623.2,-65.34
625.15,-65.33
627.11,-65.318
629.06,-65.301
631.01,-65.274
632.97,-65.237
634.92,-65.193
636.87,-65.15
638.83,-65.117
640.78,-65.102
642.74,-65.112
644.69,-65.15
646.64,-65.22
648.6,-65.322
650.55,-65.451
652.5,-65.601
654.46,-65.761
656.41,-65.916
658.36,-66.051
660.32,-66.149
662.27,-66.2
664.22,-66.199
666.18,-66.153
668.13,-66.077
670.09,-65.991
672.04,-65.909
673.99,-65.841
675.95,-65.79
677.9,-65.755
679.85,-65.732
681.81,-65.717
683.76,-65.706
685.71,-65.691
687.67,-65.669
689.62,-65.633
691.58,-65.587
693.53,-65.538
695.48,-65.5
697.44,-65.486
699.39,-65.505
701.34,-65.555
703.3,-65.627
705.25,-65.703
707.2,-65.769
709.16,-65.811
711.11,-65.825
713.06,-65.813
715.02,-65.777
716.97,-65.726
718.93,-65.666
720.88,-65.606
722.83,-65.551
724.79,-65.51
726.74,-65.484
728.69,-65.476
730.65,-65.483
732.6,-65.504
734.55,-65.535
736.51,-65.576
738.46,-65.63
740.42,-65.699
742.37,-65.785
744.32,-65.883
746.28,-65.985
748.23,-66.079
750.18,-66.154
752.14,-66.204
754.09,-66.23
756.04,-66.239
758,-66.241
759.95,-66.245
761.9,-66.249
763.86,-66.249
765.81,-66.235
767.77,-66.2
769.72,-66.144
771.67,-66.073
773.63,-66
775.58,-65.942
777.53,-65.914
779.49,-65.93
781.44,-65.994
783.39,-66.104
785.35,-66.249
787.3,-66.408
789.26,-66.554
791.21,-66.661
793.16,-66.707
795.12,-66.689
797.07,-66.617
799.02,-66.515
800.98,-66.411
802.93,-66.33
804.88,-66.287
806.84,-66.283
808.79,-66.312
810.74,-66.358
812.7,-66.405
814.65,-66.441
816.61,-66.461
818.56,-66.469
820.51,-66.466
822.47,-66.457
824.42,-66.441
826.37,-66.419
828.33,-66.393
830.28,-66.366
832.23,-66.341
834.19,-66.322
836.14,-66.311
838.1,-66.309
840.05,-66.315
842,-66.327
843.96,-66.344
845.91,-66.367
847.86,-66.398
849.82,-66.44
851.77,-66.493
853.72,-66.557
855.68,-66.626
857.63,-66.691
859.58,-66.745
861.54,-66.777
863.49,-66.783
865.45,-66.762
867.4,-66.724
869.35,-66.68
871.31,-66.646
873.26,-66.628
875.21,-66.627
877.17,-66.635
879.12,-66.642
881.07,-66.633
883.03,-66.6
884.98,-66.543
886.94,-66.471
888.89,-66.401
890.84,-66.35
892.8,-66.332
894.75,-66.351
896.7,-66.401
898.66,-66.469
900.61,-66.543
902.56,-66.616
904.52,-66.688
906.47,-66.768
908.42,-66.862
910.38,-66.973
912.33,-67.099
914.29,-67.232
916.24,-67.364
918.19,-67.486
920.15,-67.586
922.1,-67.652
924.05,-67.671
926.01,-67.636
927.96,-67.547
929.91,-67.415
931.87,-67.256
933.82,-67.092
935.78,-66.94
937.73,-66.816
939.68,-66.73
941.64,-66.686
943.59,-66.678
945.54,-66.696
947.5,-66.729
949.45,-66.768
951.4,-66.809
953.36,-66.855
955.31,-66.907
957.26,-66.966
959.22,-67.025
961.17,-67.071
963.13,-67.097
965.08,-67.101
967.03,-67.088
968.99,-67.07
970.94,-67.058
972.89,-67.061
974.85,-67.079
976.8,-67.111
978.75,-67.153
980.71,-67.197
982.66,-67.236
984.62,-67.264
986.57,-67.278
988.52,-67.281
990.48,-67.28
992.43,-67.288
994.38,-67.313
996.34,-67.361
998.29,-67.429
1000.2,-67.51
1002.2,-67.598
1004.2,-67.689
1006.1,-67.782
1008.1,-67.88
1010,-67.978
1012,-68.069
1013.9,-68.14
1015.9,-68.179
1017.8,-68.181
1019.8,-68.15
1021.7,-68.098
1023.7,-68.04
1025.6,-67.992
1027.6,-67.964
1029.5,-67.962
1031.5,-67.985
1033.5,-68.025
1035.4,-68.072
1037.4,-68.114
1039.3,-68.14
1041.3,-68.141
1043.2,-68.114
1045.2,-68.062
1047.1,-67.996
1049.1,-67.932
1051,-67.884
1053,-67.865
1054.9,-67.882
1056.9,-67.93
1058.9,-67.995
1060.8,-68.061
1062.8,-68.112
1064.7,-68.14
1066.7,-68.147
1068.6,-68.136
1070.6,-68.115
1072.5,-68.082
1074.5,-68.035
1076.4,-67.974
1078.4,-67.903
1080.3,-67.83
1082.3,-67.77
1084.2,-67.732
1086.2,-67.724
1088.2,-67.741
1090.1,-67.776
1092.1,-67.817
1094,-67.853
1096,-67.876
1097.9,-67.884
1099.9,-67.882
1101.8,-67.876
1103.8,-67.874
1105.7,-67.884
1107.7,-67.908
1109.6,-67.943
1111.6,-67.983
1113.6,-68.015
1115.5,-68.033
1117.5,-68.037
1119.4,-68.035
1121.4,-68.041
1123.3,-68.067
1125.3,-68.12
1127.2,-68.199
1129.2,-68.299
1131.1,-68.41
1133.1,-68.52
1135,-68.616
1137,-68.684
1138.9,-68.712
1140.9,-68.694
1142.9,-68.632
1144.8,-68.539
1146.8,-68.433
1148.7,-68.332
1150.7,-68.249
1152.6,-68.187
1154.6,-68.146
1156.5,-68.119
1158.5,-68.103
1160.4,-68.097
1162.4,-68.104
1164.3,-68.127
1166.3,-68.172
1168.3,-68.239
1170.2,-68.327
1172.2,-68.432
1174.1,-68.548
1176.1,-68.666
1178,-68.774
1180,-68.86
1181.9,-68.909
1183.9,-68.912
1185.8,-68.872
1187.8,-68.8
1189.7,-68.716
1191.7,-68.642
1193.7,-68.593
1195.6,-68.576
1197.6,-68.59
1199.5,-68.625
1201.5,-68.666
1203.4,-68.697
1205.4,-68.707
1207.3,-68.692
1209.3,-68.658
1211.2,-68.616
1213.2,-68.577
1215.1,-68.548
1217.1,-68.532
1219,-68.529
1221,-68.536
1223,-68.552
1224.9,-68.581
1226.9,-68.624
1228.8,-68.684
1230.8,-68.764
1232.7,-68.864
1234.7,-68.981
1236.6,-69.105
1238.6,-69.222
1240.5,-69.31
1242.5,-69.351
1244.4,-69.329
1246.4,-69.242
1248.4,-69.101
1250.3,-68.927
1252.3,-68.747
1254.2,-68.587
1256.2,-68.467
1258.1,-68.398
1260.1,-68.385
1262,-68.424
1264,-68.509
1265.9,-68.629
1267.9,-68.769
1269.8,-68.916
1271.8,-69.054
1273.7,-69.171
1275.7,-69.26
1277.7,-69.323
1279.6,-69.362
1281.6,-69.378
1283.5,-69.37
1285.5,-69.337
1287.4,-69.279
1289.4,-69.204
1291.3,-69.125
1293.3,-69.056
1295.2,-69.011
1297.2,-68.996
1299.1,-69.012
1301.1,-69.053
1303.1,-69.106
1305,-69.158
1307,-69.197
1308.9,-69.221
1310.9,-69.232
1312.8,-69.24
1314.8,-69.251
1316.7,-69.266
1318.7,-69.28
1320.6,-69.283
1322.6,-69.265
1324.5,-69.225
1326.5,-69.165
1328.4,-69.094
1330.4,-69.022
1332.4,-68.957
1334.3,-68.905
1336.3,-68.87
1338.2,-68.851
1340.2,-68.845
1342.1,-68.847
1344.1,-68.852
1346,-68.856
1348,-68.858
1349.9,-68.86
1351.9,-68.865
1353.8,-68.875
1355.8,-68.891
1357.8,-68.912
1359.7,-68.941
1361.7,-68.977
1363.6,-69.025
1365.6,-69.087
1367.5,-69.164
1369.5,-69.251
1371.4,-69.336
1373.4,-69.404
1375.3,-69.441
1377.3,-69.441
1379.2,-69.407
1381.2,-69.35
1383.2,-69.284
1385.1,-69.22
1387.1,-69.161
1389,-69.108
1391,-69.062
1392.9,-69.029
1394.9,-69.014
1396.8,-69.023
1398.8,-69.055
1400.7,-69.104
1402.7,-69.158
1404.6,-69.206
1406.6,-69.241
1408.5,-69.265
1410.5,-69.283
1412.5,-69.303
1414.4,-69.327
1416.4,-69.354
1418.3,-69.377
1420.3,-69.392
1422.2,-69.394
1424.2,-69.381
1426.1,-69.353
1428.1,-69.314
1430,-69.265
1432,-69.214
1433.9,-69.167
1435.9,-69.13
1437.9,-69.109
1439.8,-69.105
1441.8,-69.119
1443.7,-69.151
1445.7,-69.196
1447.6,-69.25
1449.6,-69.304
1451.5,-69.351
1453.5,-69.386
1455.4,-69.412
1457.4,-69.436
1459.3,-69.468
1461.3,-69.514
1463.2,-69.576
1465.2,-69.647
1467.2,-69.716
1469.1,-69.77
1471.1,-69.801
1473,-69.809
1475,-69.806
1476.9,-69.807
1478.9,-69.824
1480.8,-69.857
1482.8,-69.901
1484.7,-69.944
1486.7,-69.98
1488.6,-70.009
1490.6,-70.037
1492.6,-70.071
1494.5,-70.112
1496.5,-70.157
1498.4,-70.194
1500.4,-70.215
1502.3,-70.214
1504.3,-70.191
1506.2,-70.156
1508.2,-70.117
1510.1,-70.086
1512.1,-70.071
1514,-70.074
1516,-70.093
1517.9,-70.119
1519.9,-70.138
1521.9,-70.139
1523.8,-70.115
1525.8,-70.067
1527.7,-70.004
1529.7,-69.939
1531.6,-69.881
1533.6,-69.836
1535.5,-69.808
1537.5,-69.802
1539.4,-69.822
1541.4,-69.873
1543.3,-69.953
1545.3,-70.056
1547.3,-70.161
1549.2,-70.246
1551.2,-70.287
1553.1,-70.267
1555.1,-70.188
1557,-70.062
1559,-69.912
1560.9,-69.763
1562.9,-69.637
1564.8,-69.547
1566.8,-69.501
1568.7,-69.496
1570.7,-69.523
1572.6,-69.566
1574.6,-69.608
1576.6,-69.636
1578.5,-69.646
1580.5,-69.647
1582.4,-69.65
1584.4,-69.671
1586.3,-69.719
1588.3,-69.794
1590.2,-69.891
1592.2,-69.995
1594.1,-70.09
1596.1,-70.161
1598,-70.2
1600,-70.208
1602,-70.195
1603.9,-70.175
1605.9,-70.161
1607.8,-70.162
1609.8,-70.177
1611.7,-70.202
1613.7,-70.226
1615.6,-70.239
1617.6,-70.236
1619.5,-70.215
1621.5,-70.181
1623.4,-70.14
1625.4,-70.097
1627.4,-70.054
1629.3,-70.013
1631.3,-69.974
1633.2,-69.937
1635.2,-69.904
1637.1,-69.879
1639.1,-69.862
1641,-69.855
1643,-69.856
1644.9,-69.866
1646.9,-69.882
1648.8,-69.904
1650.8,-69.933
1652.7,-69.968
1654.7,-70.006
1656.7,-70.045
1658.6,-70.079
1660.6,-70.101
1662.5,-70.108
1664.5,-70.102
1666.4,-70.088
1668.4,-70.076
1670.3,-70.079
1672.3,-70.105
1674.2,-70.157
1676.2,-70.231
1678.1,-70.316
1680.1,-70.403
1682.1,-70.481
1684,-70.548
1686,-70.606
1687.9,-70.66
1689.9,-70.713
1691.8,-70.765
1693.8,-70.813
1695.7,-70.853
1697.7,-70.882
1699.6,-70.896
1701.6,-70.893
1703.5,-70.873
1705.5,-70.835
1707.4,-70.78
1709.4,-70.712
1711.4,-70.637
1713.3,-70.562
1715.3,-70.494
1717.2,-70.434
1719.2,-70.385
1721.1,-70.343
1723.1,-70.303
1725,-70.259
1727,-70.209
1728.9,-70.157
1730.9,-70.112
1732.8,-70.087
1734.8,-70.093
1736.8,-70.137
1738.7,-70.218
1740.7,-70.331
1742.6,-70.464
1744.6,-70.606
1746.5,-70.747
1748.5,-70.877
1750.4,-70.991
1752.4,-71.081
1754.3,-71.142
1756.3,-71.17
1758.2,-71.163
1760.2,-71.122
1762.1,-71.057
1764.1,-70.978
1766.1,-70.898
1768,-70.825
1770,-70.765
1771.9,-70.717
1773.9,-70.678
1775.8,-70.65
1777.8,-70.634
1779.7,-70.637
1781.7,-70.661
1783.6,-70.709
1785.6,-70.778
1787.5,-70.867
1789.5,-70.973
1791.5,-71.089
1793.4,-71.21
1795.4,-71.322
1797.3,-71.41
1799.3,-71.457
1801.2,-71.456
1803.2,-71.405
1805.1,-71.314
1807.1,-71.198
1809,-71.073
1811,-70.954
1812.9,-70.855
1814.9,-70.785
1816.8,-70.749
1818.8,-70.75
1820.8,-70.784
1822.7,-70.841
1824.7,-70.909
1826.6,-70.973
1828.6,-71.023
1830.5,-71.056
1832.5,-71.079
1834.4,-71.103
1836.4,-71.138
1838.3,-71.188
1840.3,-71.252
1842.2,-71.318
1844.2,-71.377
1846.2,-71.421
1848.1,-71.449
1850.1,-71.462
1852,-71.465
1854,-71.459
1855.9,-71.443
1857.9,-71.414
1859.8,-71.368
1861.8,-71.306
1863.7,-71.23
1865.7,-71.145
1867.6,-71.062
1869.6,-70.99
1871.6,-70.934
1873.5,-70.897
1875.5,-70.873
1877.4,-70.857
1879.4,-70.842
1881.3,-70.828
1883.3,-70.821
1885.2,-70.829
1887.2,-70.86
1889.1,-70.919
1891.1,-71
1893,-71.092
1895,-71.181
1896.9,-71.259
1898.9,-71.323
1900.9,-71.375
1902.8,-71.42
1904.8,-71.457
1906.7,-71.484
1908.7,-71.495
1910.6,-71.492
1912.6,-71.479
1914.5,-71.468
1916.5,-71.469
1918.4,-71.488
1920.4,-71.521
1922.3,-71.557
1924.3,-71.582
1926.3,-71.586
1928.2,-71.566
1930.2,-71.529
1932.1,-71.487
1934.1,-71.453
1936,-71.434
1938,-71.426
1939.9,-71.419
1941.9,-71.4
1943.8,-71.36
1945.8,-71.302
1947.7,-71.237
1949.7,-71.18
1951.6,-71.148
1953.6,-71.149
1955.6,-71.186
1957.5,-71.255
1959.5,-71.35
1961.4,-71.461
1963.4,-71.578
1965.3,-71.684
1967.3,-71.766
1969.2,-71.81
1971.2,-71.808
1973.1,-71.765
1975.1,-71.696
1977,-71.624
1979,-71.567
1981,-71.538
1982.9,-71.541
1984.9,-71.568
1986.8,-71.608
1988.8,-71.65
1990.7,-71.682
1992.7,-71.701
1994.6,-71.71
1996.6,-71.715
1998.5,-71.727
2000.5,-71.751
2002.4,-71.785
2004.4,-71.818
2006.3,-71.833
2008.3,-71.81
2010.3,-71.742
2012.2,-71.641
2014.2,-71.53
2016.1,-71.438
2018.1,-71.386
2020,-71.382
2022,-71.421
2023.9,-71.487
2025.9,-71.562
2027.8,-71.63
2029.8,-71.684
2031.7,-71.723
2033.7,-71.749
2035.7,-71.767
2037.6,-71.781
2039.6,-71.793
2041.5,-71.804
2043.5,-71.818
2045.4,-71.837
2047.4,-71.864
2049.3,-71.897
2051.3,-71.933
2053.2,-71.966
2055.2,-71.993
2057.1,-72.01
2059.1,-72.019
2061.1,-72.02
2063,-72.016
2065,-72.01
2066.9,-72.008
2068.9,-72.016
2070.8,-72.039
2072.8,-72.083
2074.7,-72.146
2076.7,-72.225
2078.6,-72.313
2080.6,-72.403
2082.5,-72.484
2084.5,-72.544
2086.4,-72.575
2088.4,-72.568
2090.4,-72.524
2092.3,-72.45
2094.3,-72.356
2096.2,-72.254
2098.2,-72.149
2100.1,-72.039
2102.1,-71.924
2104,-71.803
2106,-71.683
2107.9,-71.574
2109.9,-71.492
2111.8,-71.449
2113.8,-71.451
2115.8,-71.495
2117.7,-71.571
2119.7,-71.659
2121.6,-71.739
2123.6,-71.797
2125.5,-71.827
2127.5,-71.837
2129.4,-71.838
2131.4,-71.843
2133.3,-71.859
2135.3,-71.889
2137.2,-71.931
2139.2,-71.979
2141.1,-72.031
2143.1,-72.083
2145.1,-72.136
2147,-72.188
2149,-72.239
2150.9,-72.288
2152.9,-72.333
2154.8,-72.376
2156.8,-72.42
2158.7,-72.47
2160.7,-72.53
2162.6,-72.599
2164.6,-72.664
2166.5,-72.708
2168.5,-72.709
2170.5,-72.654
2172.4,-72.543
2174.4,-72.394
2176.3,-72.231
2178.3,-72.083
2180.2,-71.966
2182.2,-71.89
2184.1,-71.857
2186.1,-71.861
2188,-71.895
2190,-71.952
2191.9,-72.025
2193.9,-72.107
2195.8,-72.192
2197.8,-72.276
2199.8,-72.355
2201.7,-72.428
2203.7,-72.495
2205.6,-72.558
2207.6,-72.619
2209.5,-72.672
2211.5,-72.711
2213.4,-72.722
2215.4,-72.7
2217.3,-72.645
2219.3,-72.568
2221.2,-72.488
2223.2,-72.424
2225.2,-72.389
2227.1,-72.389
2229.1,-72.418
2231,-72.466
2233,-72.514
2234.9,-72.545
2236.9,-72.548
2238.8,-72.517
2240.8,-72.457
2242.7,-72.379
2244.7,-72.295
2246.6,-72.218
2248.6,-72.162
2250.5,-72.135
2252.5,-72.145
2254.5,-72.195
2256.4,-72.279
2258.4,-72.39
2260.3,-72.512
2262.3,-72.635
2264.2,-72.746
2266.2,-72.839
2268.1,-72.905
2270.1,-72.938
2272,-72.932
2274,-72.885
2275.9,-72.808
2277.9,-72.715
2279.9,-72.623
2281.8,-72.55
2283.8,-72.504
2285.7,-72.491
2287.7,-72.508
2289.6,-72.55
2291.6,-72.601
2293.5,-72.644
2295.5,-72.663
2297.4,-72.647
2299.4,-72.598
2301.3,-72.531
2303.3,-72.467
2305.3,-72.427
2307.2,-72.425
2309.2,-72.46
2311.1,-72.524
2313.1,-72.597
2315,-72.659
2317,-72.693
2318.9,-72.69
2320.9,-72.652
2322.8,-72.588
2324.8,-72.506
2326.7,-72.413
2328.7,-72.316
2330.6,-72.218
2332.6,-72.131
2334.6,-72.065
2336.5,-72.038
2338.5,-72.059
2340.4,-72.132
2342.4,-72.25
2344.3,-72.391
2346.3,-72.531
2348.2,-72.645
2350.2,-72.715
2352.1,-72.74
2354.1,-72.731
2356,-72.704
2358,-72.672
2360,-72.645
2361.9,-72.629
2363.9,-72.625
2365.8,-72.636
2367.8,-72.661
2369.7,-72.701
2371.7,-72.752
2373.6,-72.813
2375.6,-72.878
2377.5,-72.945
2379.5,-73.01
2381.4,-73.067
2383.4,-73.11
2385.3,-73.129
2387.3,-73.114
2389.3,-73.064
2391.2,-72.988
2393.2,-72.9
2395.1,-72.817
2397.1,-72.751
2399,-72.709
2401,-72.687
2402.9,-72.679
2404.9,-72.677
2406.8,-72.675
2408.8,-72.675
2410.7,-72.684
2412.7,-72.712
2414.7,-72.767
2416.6,-72.85
2418.6,-72.955
2420.5,-73.064
2422.5,-73.158
2424.4,-73.218
2426.4,-73.237
2428.3,-73.214
2430.3,-73.157
2432.2,-73.08
2434.2,-72.995
2436.1,-72.912
2438.1,-72.839
2440,-72.779
2442,-72.739
2444,-72.717
2445.9,-72.713
2447.9,-72.72
2449.8,-72.731
2451.8,-72.739
2453.7,-72.745
2455.7,-72.754
2457.6,-72.78
2459.6,-72.834
2461.5,-72.921
2463.5,-73.041
2465.4,-73.18
2467.4,-73.322
2469.4,-73.45
2471.3,-73.556
2473.3,-73.637
2475.2,-73.695
2477.2,-73.734
2479.1,-73.751
2481.1,-73.745
2483,-73.711
2485,-73.651
2486.9,-73.57
2488.9,-73.474
2490.8,-73.373
2492.8,-73.274
2494.7,-73.188
2496.7,-73.122
2498.7,-73.083
2500.6,-73.076
2502.6,-73.099
2504.5,-73.146
2506.5,-73.207
2508.4,-73.274
2510.4,-73.344
2512.3,-73.417
2514.3,-73.495
2516.2,-73.579
2518.2,-73.664
2520.1,-73.742
2522.1,-73.803
2524.1,-73.838
2526,-73.843
2528,-73.815
2529.9,-73.759
2531.9,-73.677
2533.8,-73.579
2535.8,-73.475
2537.7,-73.377
2539.7,-73.299
2541.6,-73.252
2543.6,-73.242
2545.5,-73.273
2547.5,-73.337
2549.5,-73.426
2551.4,-73.527
2553.4,-73.626
2555.3,-73.71
2557.3,-73.772
2559.2,-73.807
2561.2,-73.815
2563.1,-73.799
2565.1,-73.763
2567,-73.711
2569,-73.649
2570.9,-73.584
2572.9,-73.521
2574.8,-73.467
2576.8,-73.426
2578.8,-73.401
2580.7,-73.392
2582.7,-73.392
2584.6,-73.396
2586.6,-73.395
2588.5,-73.382
2590.5,-73.359
2592.4,-73.333
2594.4,-73.31
2596.3,-73.298
2598.3,-73.295
2600.2,-73.295
2602.2,-73.291
2604.2,-73.279
2606.1,-73.261
2608.1,-73.245
2610,-73.237
2612,-73.239
2613.9,-73.247
2615.9,-73.253
2617.8,-73.253
2619.8,-73.242
2621.7,-73.224
2623.7,-73.203
2625.6,-73.184
2627.6,-73.173
2629.5,-73.177
2631.5,-73.201
2633.5,-73.252
2635.4,-73.333
2637.4,-73.442
2639.3,-73.574
2641.3,-73.716
2643.2,-73.854
2645.2,-73.974
2647.1,-74.065
2649.1,-74.122
2651,-74.15
2653,-74.16
2654.9,-74.165
2656.9,-74.175
2658.9,-74.194
2660.8,-74.216
2662.8,-74.229
2664.7,-74.219
2666.7,-74.179
2668.6,-74.112
2670.6,-74.029
2672.5,-73.95
2674.5,-73.887
2676.4,-73.848
2678.4,-73.834
2680.3,-73.838
2682.3,-73.851
2684.2,-73.864
2686.2,-73.871
2688.2,-73.865
2690.1,-73.841
2692.1,-73.794
2694,-73.721
2696,-73.623
2697.9,-73.508
2699.9,-73.388
2701.8,-73.275
2703.8,-73.18
2705.7,-73.113
2707.7,-73.079
2709.6,-73.082
2711.6,-73.122
2713.6,-73.199
2715.5,-73.31
2717.5,-73.444
2719.4,-73.587
2721.4,-73.724
2723.3,-73.842
2725.3,-73.934
2727.2,-73.999
2729.2,-74.041
2731.1,-74.063
2733.1,-74.065
2735,-74.048
2737,-74.015
2738.9,-73.968
2740.9,-73.913
2742.9,-73.849
2744.8,-73.768
2746.8,-73.665
2748.7,-73.542
2750.7,-73.411
2752.6,-73.294
2754.6,-73.215
2756.5,-73.186
2758.5,-73.209
2760.4,-73.27
2762.4,-73.346
2764.3,-73.412
2766.3,-73.451
2768.3,-73.461
2770.2,-73.448
2772.2,-73.428
2774.1,-73.419
2776.1,-73.432
2778,-73.471
2780,-73.533
2781.9,-73.612
2783.9,-73.702
2785.8,-73.797
2787.8,-73.893
2789.7,-73.985
2791.7,-74.068
2793.7,-74.134
2795.6,-74.174
2797.6,-74.185
2799.5,-74.168
2801.5,-74.126
2803.4,-74.072
2805.4,-74.016
2807.3,-73.969
2809.3,-73.938
2811.2,-73.923
2813.2,-73.919
2815.1,-73.919
2817.1,-73.913
2819,-73.897
2821,-73.869
2823,-73.832
2824.9,-73.794
2826.9,-73.762
2828.8,-73.745
2830.8,-73.749
2832.7,-73.775
2834.7,-73.82
2836.6,-73.878
2838.6,-73.937
2840.5,-73.989
2842.5,-74.026
2844.4,-74.044
2846.4,-74.043
2848.4,-74.026
2850.3,-73.999
2852.3,-73.969
2854.2,-73.948
2856.2,-73.942
2858.1,-73.952
2860.1,-73.972
2862,-73.988
2864,-73.987
2865.9,-73.964
2867.9,-73.924
2869.8,-73.883
2871.8,-73.861
2873.7,-73.871
2875.7,-73.917
2877.7,-73.99
2879.6,-74.073
2881.6,-74.145
2883.5,-74.189
2885.5,-74.2
2887.4,-74.182
2889.4,-74.148
2891.3,-74.108
2893.3,-74.071
2895.2,-74.043
2897.2,-74.026
2899.1,-74.025
2901.1,-74.039
2903.1,-74.07
2905,-74.119
2907,-74.183
2908.9,-74.262
2910.9,-74.351
2912.8,-74.444
2914.8,-74.531
2916.7,-74.599
2918.7,-74.636
2920.6,-74.639
2922.6,-74.612
2924.5,-74.568
2926.5,-74.524
2928.4,-74.495
2930.4,-74.486
2932.4,-74.494
2934.3,-74.51
2936.3,-74.521
2938.2,-74.515
2940.2,-74.488
2942.1,-74.441
2944.1,-74.382
2946,-74.323
2948,-74.276
2949.9,-74.251
2951.9,-74.259
2953.8,-74.305
2955.8,-74.392
2957.8,-74.513
2959.7,-74.654
2961.7,-74.795
2963.6,-74.913
2965.6,-74.987
2967.5,-75.012
2969.5,-74.992
2971.4,-74.944
2973.4,-74.887
2975.3,-74.836
2977.3,-74.8
2979.2,-74.782
2981.2,-74.779
2983.2,-74.784
2985.1,-74.789
2987.1,-74.788
2989,-74.778
2991,-74.76
2992.9,-74.739
2994.9,-74.723
2996.8,-74.718
2998.8,-74.732
3000.7,-74.765
3002.7,-74.814
3004.6,-74.871
3006.6,-74.923
3008.5,-74.957
3010.5,-74.965
3012.5,-74.944
3014.4,-74.902
3016.4,-74.852
3018.3,-74.807
3020.3,-74.777
3022.2,-74.765
3024.2,-74.771
3026.1,-74.785
3028.1,-74.799
3030,-74.803
3032,-74.791
3033.9,-74.76
3035.9,-74.717
3037.9,-74.665
3039.8,-74.611
3041.8,-74.558
3043.7,-74.509
3045.7,-74.464
3047.6,-74.428
3049.6,-74.405
3051.5,-74.4
3053.5,-74.414
3055.4,-74.445
3057.4,-74.486
3059.3,-74.532
3061.3,-74.578
3063.2,-74.625
3065.2,-74.676
3067.2,-74.735
3069.1,-74.8
3071.1,-74.87
3073,-74.936
3075,-74.992
3076.9,-75.035
3078.9,-75.066
3080.8,-75.09
3082.8,-75.111
3084.7,-75.132
3086.7,-75.157
3088.6,-75.187
3090.6,-75.225
3092.6,-75.269
3094.5,-75.311
3096.5,-75.334
3098.4,-75.322
3100.4,-75.261
3102.3,-75.154
3104.3,-75.017
3106.2,-74.875
3108.2,-74.755
3110.1,-74.676
3112.1,-74.648
3114,-74.671
3116,-74.734
3117.9,-74.821
3119.9,-74.916
3121.9,-75.004
3123.8,-75.076
3125.8,-75.129
3127.7,-75.167
3129.7,-75.193
3131.6,-75.208
3133.6,-75.214
3135.5,-75.21
3137.5,-75.195
3139.4,-75.17
3141.4,-75.14
3143.3,-75.108
3145.3,-75.081
3147.3,-75.068
3149.2,-75.073
3151.2,-75.101
3153.1,-75.149
3155.1,-75.208
3157,-75.265
3159,-75.302
3160.9,-75.307
3162.9,-75.277
3164.8,-75.221
3166.8,-75.157
3168.7,-75.103
3170.7,-75.078
3172.6,-75.091
3174.6,-75.146
3176.6,-75.239
3178.5,-75.357
3180.5,-75.48
3182.4,-75.583
3184.4,-75.642
3186.3,-75.644
3188.3,-75.591
3190.2,-75.501
3192.2,-75.396
3194.1,-75.3
3196.1,-75.229
3198,-75.193
3200,-75.195
3202,-75.23
3203.9,-75.286
3205.9,-75.347
3207.8,-75.393
3209.8,-75.41
3211.7,-75.388
3213.7,-75.331
3215.6,-75.251
3217.6,-75.167
3219.5,-75.098
3221.5,-75.059
3223.4,-75.056
3225.4,-75.087
3227.4,-75.141
3229.3,-75.201
3231.3,-75.246
3233.2,-75.261
3235.2,-75.238
3237.1,-75.184
3239.1,-75.11
3241,-75.034
3243,-74.971
3244.9,-74.933
3246.9,-74.924
3248.8,-74.943
3250.8,-74.984
3252.7,-75.038
3254.7,-75.095
3256.7,-75.145
3258.6,-75.179
3260.6,-75.194
3262.5,-75.19
3264.5,-75.173
3266.4,-75.152
3268.4,-75.139
3270.3,-75.142
3272.3,-75.162
3274.2,-75.193
3276.2,-75.225
3278.1,-75.247
3280.1,-75.254
3282.1,-75.244
3284,-75.222
3286,-75.194
3287.9,-75.17
3289.9,-75.157
3291.8,-75.163
3293.8,-75.193
3295.7,-75.245
3297.7,-75.309
3299.6,-75.37
3301.6,-75.41
3303.5,-75.417
3305.5,-75.385
3307.4,-75.32
3309.4,-75.238
3311.4,-75.158
3313.3,-75.098
3315.3,-75.074
3317.2,-75.092
3319.2,-75.149
3321.1,-75.237
3323.1,-75.34
3325,-75.438
3327,-75.517
3328.9,-75.57
3330.9,-75.596
3332.8,-75.597
3334.8,-75.58
3336.8,-75.551
3338.7,-75.519
3340.7,-75.488
3342.6,-75.464
3344.6,-75.446
3346.5,-75.431
3348.5,-75.415
3350.4,-75.391
3352.4,-75.357
3354.3,-75.311
3356.3,-75.254
3358.2,-75.189
3360.2,-75.12
3362.1,-75.053
3364.1,-74.998
3366.1,-74.964
3368,-74.957
3370,-74.982
3371.9,-75.04
3373.9,-75.126
3375.8,-75.232
3377.8,-75.346
3379.7,-75.454
3381.7,-75.544
3383.6,-75.608
3385.6,-75.642
3387.5,-75.649
3389.5,-75.634
3391.5,-75.604
3393.4,-75.563
3395.4,-75.518
3397.3,-75.476
3399.3,-75.442
3401.2,-75.425
3403.2,-75.426
3405.1,-75.449
3407.1,-75.492
3409,-75.55
3411,-75.618
3412.9,-75.692
3414.9,-75.763
3416.8,-75.824
3418.8,-75.864
3420.8,-75.876
3422.7,-75.858
3424.7,-75.812
3426.6,-75.749
3428.6,-75.686
3430.5,-75.638
3432.5,-75.619
3434.4,-75.636
3436.4,-75.687
3438.3,-75.764
3440.3,-75.852
3442.2,-75.934
3444.2,-75.998
3446.2,-76.035
3448.1,-76.05
3450.1,-76.047
3452,-76.035
3454,-76.021
3455.9,-76.009
3457.9,-76
3459.8,-75.993
3461.8,-75.986
3463.7,-75.978
3465.7,-75.967
3467.6,-75.951
3469.6,-75.929
3471.6,-75.902
3473.5,-75.87
3475.5,-75.836
3477.4,-75.804
3479.4,-75.78
3481.3,-75.773
3483.3,-75.788
3485.2,-75.828
3487.2,-75.889
3489.1,-75.962
3491.1,-76.034
3493,-76.089
3495,-76.116
3496.9,-76.114
3498.9,-76.087
3500.9,-76.049
3502.8,-76.016
3504.8,-75.999
3506.7,-76.004
3508.7,-76.031
3510.6,-76.07
3512.6,-76.111
3514.5,-76.147
3516.5,-76.175
3518.4,-76.2
3520.4,-76.231
3522.3,-76.273
3524.3,-76.328
3526.3,-76.386
3528.2,-76.436
3530.2,-76.463
3532.1,-76.462
3534.1,-76.438
3536,-76.404
3538,-76.376
3539.9,-76.364
3541.9,-76.371
3543.8,-76.393
3545.8,-76.417
3547.7,-76.432
3549.7,-76.429
3551.6,-76.403
3553.6,-76.357
3555.6,-76.299
3557.5,-76.241
3559.5,-76.19
3561.4,-76.154
3563.4,-76.13
3565.3,-76.114
3567.3,-76.094
3569.2,-76.062
3571.2,-76.015
3573.1,-75.958
3575.1,-75.899
3577,-75.848
3579,-75.812
3581,-75.794
3582.9,-75.791
3584.9,-75.799
3586.8,-75.812
3588.8,-75.828
3590.7,-75.842
3592.7,-75.85
3594.6,-75.848
3596.6,-75.833
3598.5,-75.804
3600.5,-75.764
3602.4,-75.72
3604.4,-75.678
3606.3,-75.647
3608.3,-75.63
3610.3,-75.63
3612.2,-75.648
3614.2,-75.682
3616.1,-75.725
3618.1,-75.77
3620,-75.809
3622,-75.836
3623.9,-75.85
3625.9,-75.854
3627.8,-75.855
3629.8,-75.859
3631.7,-75.875
3633.7,-75.909
3635.7,-75.963
3637.6,-76.035
3639.6,-76.117
3641.5,-76.196
3643.5,-76.258
3645.4,-76.295
3647.4,-76.308
3649.3,-76.309
3651.3,-76.311
3653.2,-76.324
3655.2,-76.349
3657.1,-76.379
3659.1,-76.402
3661.1,-76.409
3663,-76.396
3665,-76.37
3666.9,-76.342
3668.9,-76.322
3670.8,-76.317
3672.8,-76.331
3674.7,-76.358
3676.7,-76.395
3678.6,-76.432
3680.6,-76.467
3682.5,-76.494
3684.5,-76.516
3686.4,-76.532
3688.4,-76.546
3690.4,-76.558
3692.3,-76.571
3694.3,-76.587
3696.2,-76.609
3698.2,-76.637
3700.1,-76.669
3702.1,-76.701
3704,-76.724
3706,-76.732
3707.9,-76.721
3709.9,-76.689
3711.8,-76.642
3713.8,-76.586
3715.8,-76.532
3717.7,-76.49
3719.7,-76.468
3721.6,-76.468
3723.6,-76.482
3725.5,-76.499
3727.5,-76.505
3729.4,-76.488
3731.4,-76.442
3733.3,-76.37
3735.3,-76.284
3737.2,-76.199
3739.2,-76.13
3741.1,-76.085
3743.1,-76.066
3745.1,-76.064
3747,-76.07
3749,-76.075
3750.9,-76.077
3752.9,-76.079
3754.8,-76.09
3756.8,-76.117
3758.7,-76.164
3760.7,-76.23
3762.6,-76.311
3764.6,-76.402
3766.5,-76.498
3768.5,-76.594
3770.5,-76.685
3772.4,-76.767
3774.4,-76.833
3776.3,-76.879
3778.3,-76.903
3780.2,-76.909
3782.2,-76.906
3784.1,-76.904
3786.1,-76.907
3788,-76.912
3790,-76.909
3791.9,-76.885
3793.9,-76.835
3795.8,-76.759
3797.8,-76.671
3799.8,-76.585
3801.7,-76.512
3803.7,-76.461
3805.6,-76.434
3807.6,-76.429
3809.5,-76.443
3811.5,-76.473
3813.4,-76.516
3815.4,-76.567
3817.3,-76.623
3819.3,-76.684
3821.2,-76.749
3823.2,-76.818
3825.2,-76.889
3827.1,-76.951
3829.1,-76.992
3831,-77.001
3833,-76.973
3834.9,-76.909
3836.9,-76.823
3838.8,-76.728
3840.8,-76.64
3842.7,-76.571
3844.7,-76.531
3846.6,-76.528
3848.6,-76.564
3850.5,-76.636
3852.5,-76.733
3854.5,-76.836
3856.4,-76.925
3858.4,-76.989
3860.3,-77.024
3862.3,-77.037
3864.2,-77.037
3866.2,-77.035
3868.1,-77.033
3870.1,-77.031
3872,-77.026
3874,-77.013
3875.9,-76.991
3877.9,-76.959
3879.9,-76.917
3881.8,-76.872
3883.8,-76.831
3885.7,-76.801
3887.7,-76.787
3889.6,-76.789
3891.6,-76.806
3893.5,-76.836
3895.5,-76.876
3897.4,-76.922
3899.4,-76.97
3901.3,-77.008
3903.3,-77.025
3905.3,-77.011
3907.2,-76.96
3909.2,-76.879
3911.1,-76.78
3913.1,-76.677
3915,-76.586
3917,-76.519
3918.9,-76.483
3920.9,-76.483
3922.8,-76.514
3924.8,-76.57
3926.7,-76.636
3928.7,-76.699
3930.6,-76.747
3932.6,-76.772
3934.6,-76.771
3936.5,-76.746
3938.5,-76.704
3940.4,-76.649
3942.4,-76.59
3944.3,-76.531
3946.3,-76.478
3948.2,-76.437
3950.2,-76.412
3952.1,-76.408
3954.1,-76.426
3956,-76.462
3958,-76.506
3960,-76.55
3961.9,-76.584
3963.9,-76.609
3965.8,-76.63
3967.8,-76.658
3969.7,-76.697
3971.7,-76.75
3973.6,-76.816
3975.6,-76.889
3977.5,-76.965
3979.5,-77.041
3981.4,-77.111
3983.4,-77.169
3985.3,-77.207
3987.3,-77.222
3989.3,-77.215
3991.2,-77.191
3993.2,-77.152
3995.1,-77.097
3997.1,-77.025
3999,-76.934
4001,-76.831
4002.9,-76.729
4004.9,-76.643
4006.8,-76.586
4008.8,-76.564
4010.7,-76.57
4012.7,-76.594
4014.7,-76.623
4016.6,-76.651
4018.6,-76.676
4020.5,-76.705
4022.5,-76.742
4024.4,-76.79
4026.4,-76.844
4028.3,-76.896
4030.3,-76.935
4032.2,-76.956
4034.2,-76.961
4036.1,-76.96
4038.1,-76.964
4040,-76.982
4042,-77.015
4044,-77.058
4045.9,-77.1
4047.9,-77.131
4049.8,-77.144
4051.8,-77.144
4053.7,-77.141
4055.7,-77.147
4057.6,-77.174
4059.6,-77.227
4061.5,-77.299
4063.5,-77.378
4065.4,-77.445
4067.4,-77.48
4069.4,-77.47
4071.3,-77.415
4073.3,-77.329
4075.2,-77.231
4077.2,-77.141
4079.1,-77.072
4081.1,-77.025
4083,-76.996
4085,-76.974
4086.9,-76.952
4088.9,-76.93
4090.8,-76.91
4092.8,-76.899
4094.7,-76.904
4096.7,-76.926
4098.7,-76.963
4100.6,-77.008
4102.6,-77.056
4104.5,-77.105
4106.5,-77.153
4108.4,-77.201
4110.4,-77.246
4112.3,-77.284
4114.3,-77.312
4116.2,-77.325
4118.2,-77.323
4120.1,-77.307
4122.1,-77.281
4124.1,-77.25
4126,-77.221
4128,-77.201
4129.9,-77.192
4131.9,-77.199
4133.8,-77.219
4135.8,-77.248
4137.7,-77.279
4139.7,-77.305
4141.6,-77.321
4143.6,-77.321
4145.5,-77.306
4147.5,-77.279
4149.5,-77.249
4151.4,-77.226
4153.4,-77.218
4155.3,-77.23
4157.3,-77.256
4159.2,-77.283
4161.2,-77.3
4163.1,-77.3
4165.1,-77.287
4167,-77.27
4169,-77.256
4170.9,-77.247
4172.9,-77.238
4174.8,-77.221
4176.8,-77.197
4178.8,-77.17
4180.7,-77.15
4182.7,-77.144
4184.6,-77.153
4186.6,-77.171
4188.5,-77.188
4190.5,-77.194
4192.4,-77.187
4194.4,-77.168
4196.3,-77.144
4198.3,-77.123
4200.2,-77.112
4202.2,-77.116
4204.2,-77.133
4206.1,-77.16
4208.1,-77.192
4210,-77.223
4212,-77.25
4213.9,-77.274
4215.9,-77.301
4217.8,-77.333
4219.8,-77.373
4221.7,-77.419
4223.7,-77.464
4225.6,-77.501
4227.6,-77.525
4229.5,-77.53
4231.5,-77.518
4233.5,-77.489
4235.4,-77.449
4237.4,-77.401
4239.3,-77.347
4241.3,-77.291
4243.2,-77.233
4245.2,-77.181
4247.1,-77.143
4249.1,-77.129
4251,-77.147
4253,-77.195
4254.9,-77.262
4256.9,-77.329
4258.9,-77.374
4260.8,-77.384
4262.8,-77.359
4264.7,-77.311
4266.7,-77.255
4268.6,-77.21
4270.6,-77.186
4272.5,-77.187
4274.5,-77.211
4276.4,-77.251
4278.4,-77.296
4280.3,-77.338
4282.3,-77.371
4284.2,-77.398
4286.2,-77.422
4288.2,-77.45
4290.1,-77.483
4292.1,-77.52
4294,-77.557
4296,-77.589
4297.9,-77.613
4299.9,-77.629
4301.8,-77.641
4303.8,-77.652
4305.7,-77.665
4307.7,-77.682
4309.6,-77.701
4311.6,-77.72
4313.6,-77.739
4315.5,-77.764
4317.5,-77.802
4319.4,-77.857
4321.4,-77.928
4323.3,-78.005
4325.3,-78.069
4327.2,-78.103
4329.2,-78.095
4331.1,-78.042
4333.1,-77.953
4335,-77.842
4337,-77.726
4338.9,-77.622
4340.9,-77.545
4342.9,-77.504
4344.8,-77.503
4346.8,-77.539
4348.7,-77.605
4350.7,-77.688
4352.6,-77.776
4354.6,-77.858
4356.5,-77.922
4358.5,-77.961
4360.4,-77.97
4362.4,-77.944
4364.3,-77.884
4366.3,-77.797
4368.3,-77.694
4370.2,-77.594
4372.2,-77.512
4374.1,-77.464
4376.1,-77.454
4378,-77.478
4380,-77.528
4381.9,-77.589
4383.9,-77.649
4385.8,-77.703
4387.8,-77.747
4389.7,-77.783
4391.7,-77.809
4393.7,-77.818
4395.6,-77.804
4397.6,-77.765
4399.5,-77.703
4401.5,-77.632
4403.4,-77.568
4405.4,-77.526
4407.3,-77.515
4409.3,-77.532
4411.2,-77.569
4413.2,-77.615
4415.1,-77.66
4417.1,-77.703
4419,-77.743
4421,-77.785
4423,-77.828
4424.9,-77.868
4426.9,-77.9
4428.8,-77.923
4430.8,-77.943
4432.7,-77.965
4434.7,-77.993
4436.6,-78.025
4438.6,-78.052
4440.5,-78.065
4442.5,-78.059
4444.4,-78.037
4446.4,-78.007
4448.4,-77.977
4450.3,-77.947
4452.3,-77.909
4454.2,-77.852
4456.2,-77.765
4458.1,-77.652
4460.1,-77.522
4462,-77.395
4464,-77.287
4465.9,-77.211
4467.9,-77.171
4469.8,-77.166
4471.8,-77.193
4473.7,-77.248
4475.7,-77.325
4477.7,-77.419
4479.6,-77.521
4481.6,-77.623
4483.5,-77.716
4485.5,-77.791
4487.4,-77.846
4489.4,-77.881
4491.3,-77.9
4493.3,-77.906
4495.2,-77.898
4497.2,-77.878
4499.1,-77.844
4501.1,-77.8
4503.1,-77.755
4505,-77.717
4507,-77.695
4508.9,-77.692
4510.9,-77.703
4512.8,-77.719
4514.8,-77.733
4516.7,-77.741
4518.7,-77.75
4520.6,-77.77
4522.6,-77.813
4524.5,-77.88
4526.5,-77.968
4528.4,-78.06
4530.4,-78.137
4532.4,-78.179
4534.3,-78.176
4536.3,-78.124
4538.2,-78.031
4540.2,-77.911
4542.1,-77.783
4544.1,-77.668
4546,-77.585
4548,-77.547
4549.9,-77.557
4551.9,-77.608
4553.8,-77.683
4555.8,-77.761
4557.8,-77.826
4559.7,-77.87
4561.7,-77.898
4563.6,-77.921
4565.6,-77.948
4567.5,-77.983
4569.5,-78.022
4571.4,-78.057
4573.4,-78.08
4575.3,-78.084
4577.3,-78.065
4579.2,-78.026
4581.2,-77.973
4583.2,-77.915
4585.1,-77.864
4587.1,-77.83
4589,-77.818
4591,-77.828
4592.9,-77.855
4594.9,-77.889
4596.8,-77.923
4598.8,-77.951
4600.7,-77.972
4602.7,-77.989
4604.6,-78.004
4606.6,-78.02
4608.5,-78.038
4610.5,-78.058
4612.5,-78.078
4614.4,-78.096
4616.4,-78.113
4618.3,-78.127
4620.3,-78.14
4622.2,-78.154
4624.2,-78.17
4626.1,-78.186
4628.1,-78.199
4630,-78.204
4632,-78.203
4633.9,-78.2
4635.9,-78.203
4637.9,-78.221
4639.8,-78.257
4641.8,-78.307
4643.7,-78.36
4645.7,-78.398
4647.6,-78.409
4649.6,-78.388
4651.5,-78.342
4653.5,-78.285
4655.4,-78.234
4657.4,-78.201
4659.3,-78.196
4661.3,-78.217
4663.2,-78.259
4665.2,-78.31
4667.2,-78.355
4669.1,-78.372
4671.1,-78.347
4673,-78.272
4675,-78.152
4676.9,-78.008
4678.9,-77.863
4680.8,-77.744
4682.8,-77.666
4684.7,-77.637
4686.7,-77.654
4688.6,-77.705
4690.6,-77.768
4692.6,-77.825
4694.5,-77.861
4696.5,-77.871
4698.4,-77.858
4700.4,-77.836
4702.3,-77.815
4704.3,-77.804
4706.2,-77.811
4708.2,-77.836
4710.1,-77.879
4712.1,-77.937
4714,-78.004
4716,-78.07
4717.9,-78.124
4719.9,-78.157
4721.9,-78.164
4723.8,-78.148
4725.8,-78.118
4727.7,-78.086
4729.7,-78.062
4731.6,-78.049
4733.6,-78.048
4735.5,-78.057
4737.5,-78.074
4739.4,-78.1
4741.4,-78.135
4743.3,-78.179
4745.3,-78.231
4747.3,-78.287
4749.2,-78.344
4751.2,-78.398
4753.1,-78.448
4755.1,-78.498
4757,-78.549
4759,-78.6
4760.9,-78.645
4762.9,-78.673
4764.8,-78.673
4766.8,-78.641
4768.7,-78.582
4770.7,-78.509
4772.6,-78.439
4774.6,-78.387
4776.6,-78.355
4778.5,-78.339
4780.5,-78.328
4782.4,-78.308
4784.4,-78.272
4786.3,-78.219
4788.3,-78.157
4790.2,-78.096
4792.2,-78.051
4794.1,-78.032
4796.1,-78.044
4798,-78.084
4800,-78.141
4802,-78.204
4803.9,-78.258
4805.9,-78.298
4807.8,-78.329
4809.8,-78.358
4811.7,-78.394
4813.7,-78.438
4815.6,-78.486
4817.6,-78.529
4819.5,-78.559
4821.5,-78.576
4823.4,-78.582
4825.4,-78.589
4827.4,-78.606
4829.3,-78.637
4831.3,-78.679
4833.2,-78.719
4835.2,-78.743
4837.1,-78.74
4839.1,-78.707
4841,-78.653
4843,-78.591
4844.9,-78.537
4846.9,-78.503
4848.8,-78.492
4850.8,-78.499
4852.7,-78.514
4854.7,-78.525
4856.7,-78.522
4858.6,-78.499
4860.6,-78.46
4862.5,-78.411
4864.5,-78.364
4866.4,-78.327
4868.4,-78.301
4870.3,-78.286
4872.3,-78.271
4874.2,-78.25
4876.2,-78.216
4878.1,-78.166
4880.1,-78.106
4882.1,-78.043
4884,-77.986
4886,-77.942
4887.9,-77.917
4889.9,-77.915
4891.8,-77.937
4893.8,-77.979
4895.7,-78.038
4897.7,-78.104
4899.6,-78.167
4901.6,-78.219
4903.5,-78.252
4905.5,-78.264
4907.4,-78.257
4909.4,-78.237
4911.4,-78.209
4913.3,-78.179
4915.3,-78.152
4917.2,-78.131
4919.2,-78.12
4921.1,-78.123
4923.1,-78.144
4925,-78.184
4927,-78.246
4928.9,-78.329
4930.9,-78.431
4932.8,-78.551
4934.8,-78.681
4936.8,-78.812
4938.7,-78.933
4940.7,-79.032
4942.6,-79.103
4944.6,-79.145
4946.5,-79.162
4948.5,-79.158
4950.4,-79.14
4952.4,-79.11
4954.3,-79.069
4956.3,-79.02
4958.2,-78.967
4960.2,-78.914
4962.1,-78.865
4964.1,-78.824
4966.1,-78.794
4968,-78.775
4970,-78.77
4971.9,-78.778
4973.9,-78.799
4975.8,-78.827
4977.8,-78.857
4979.7,-78.878
4981.7,-78.884
4983.6,-78.87
4985.6,-78.84
4987.5,-78.8
4989.5,-78.759
4991.5,-78.727
4993.4,-78.708
4995.4,-78.703
4997.3,-78.706
4999.3,-78.711
5001.2,-78.71
5003.2,-78.697
5005.1,-78.675
5007.1,-78.651
5009,-78.632
5011,-78.627
5012.9,-78.639
5014.9,-78.668
5016.8,-78.709
5018.8,-78.758
5020.8,-78.81
5022.7,-78.863
5024.7,-78.915
5026.6,-78.964
5028.6,-79.002
5030.5,-79.021
5032.5,-79.012
5034.4,-78.968
5036.4,-78.895
5038.3,-78.804
5040.3,-78.713
5042.2,-78.642
5044.2,-78.603
5046.2,-78.601
5048.1,-78.633
5050.1,-78.685
5052,-78.742
5054,-78.788
5055.9,-78.813
5057.9,-78.812
5059.8,-78.79
5061.8,-78.752
5063.7,-78.707
5065.7,-78.667
5067.6,-78.639
5069.6,-78.63
5071.6,-78.639
5073.5,-78.661
5075.5,-78.691
5077.4,-78.722
5079.4,-78.758
5081.3,-78.803
5083.3,-78.866
5085.2,-78.948
5087.2,-79.041
5089.1,-79.128
5091.1,-79.184
5093,-79.191
5095,-79.144
5096.9,-79.056
5098.9,-78.95
5100.9,-78.849
5102.8,-78.769
5104.8,-78.711
5106.7,-78.671
5108.7,-78.64
5110.6,-78.617
5112.6,-78.607
5114.5,-78.62
5116.5,-78.667
5118.4,-78.752
5120.4,-78.869
5122.3,-79.002
5124.3,-79.129
5126.3,-79.23
5128.2,-79.29
5130.2,-79.306
5132.1,-79.283
5134.1,-79.234
5136,-79.172
5138,-79.113
5139.9,-79.067
5141.9,-79.041
5143.8,-79.037
5145.8,-79.053
5147.7,-79.083
5149.7,-79.122
5151.6,-79.165
5153.6,-79.21
5155.6,-79.252
5157.5,-79.287
5159.5,-79.31
5161.4,-79.317
5163.4,-79.306
5165.3,-79.277
5167.3,-79.23
5169.2,-79.166
5171.2,-79.083
5173.1,-78.982
5175.1,-78.869
5177,-78.755
5179,-78.658
5181,-78.595
5182.9,-78.577
5184.9,-78.604
5186.8,-78.665
5188.8,-78.737
5190.7,-78.797
5192.7,-78.828
5194.6,-78.831
5196.6,-78.816
5198.5,-78.8
5200.5,-78.797
5202.4,-78.811
5204.4,-78.838
5206.3,-78.87
5208.3,-78.901
5210.3,-78.928
5212.2,-78.951
5214.2,-78.971
5216.1,-78.984
5218.1,-78.984
5220,-78.971
5222,-78.954
5223.9,-78.945
5225.9,-78.96
5227.8,-79.006
5229.8,-79.082
5231.7,-79.175
5233.7,-79.265
5235.7,-79.337
5237.6,-79.381
5239.6,-79.397
5241.5,-79.39
5243.5,-79.367
5245.4,-79.332
5247.4,-79.284
5249.3,-79.223
5251.3,-79.146
5253.2,-79.059
5255.2,-78.97
5257.1,-78.896
5259.1,-78.851
5261.1,-78.847
5263,-78.886
5265,-78.957
5266.9,-79.043
5268.9,-79.123
5270.8,-79.184
5272.8,-79.221
5274.7,-79.241
5276.7,-79.252
5278.6,-79.261
5280.6,-79.269
5282.5,-79.276
5284.5,-79.277
5286.4,-79.269
5288.4,-79.252
5290.4,-79.227
5292.3,-79.197
5294.3,-79.169
5296.2,-79.148
5298.2,-79.143
5300.1,-79.161
5302.1,-79.206
5304,-79.276
5306,-79.367
5307.9,-79.471
5309.9,-79.579
5311.8,-79.68
5313.8,-79.764
5315.8,-79.821
5317.7,-79.843
5319.7,-79.832
5321.6,-79.795
5323.6,-79.744
5325.5,-79.693
5327.5,-79.65
5329.4,-79.614
5331.4,-79.574
5333.3,-79.518
5335.3,-79.439
5337.2,-79.342
5339.2,-79.242
5341.1,-79.162
5343.1,-79.119
5345.1,-79.125
5347,-79.177
5349,-79.266
5350.9,-79.372
5352.9,-79.473
5354.8,-79.552
5356.8,-79.6
5358.7,-79.616
5360.7,-79.605
5362.6,-79.577
5364.6,-79.543
5366.5,-79.509
5368.5,-79.478
5370.5,-79.455
5372.4,-79.442
5374.4,-79.443
5376.3,-79.464
5378.3,-79.506
5380.2,-79.57
5382.2,-79.648
5384.1,-79.73
5386.1,-79.801
5388,-79.846
5390,-79.856
5391.9,-79.829
5393.9,-79.775
5395.8,-79.707
5397.8,-79.639
5399.8,-79.582
5401.7,-79.539
5403.7,-79.51
5405.6,-79.489
5407.6,-79.471
5409.5,-79.451
5411.5,-79.426
5413.4,-79.395
5415.4,-79.358
5417.3,-79.318
5419.3,-79.278
5421.2,-79.243
5423.2,-79.223
5425.2,-79.226
5427.1,-79.256
5429.1,-79.314
5431,-79.393
5433,-79.48
5434.9,-79.561
5436.9,-79.623
5438.8,-79.662
5440.8,-79.68
5442.7,-79.687
5444.7,-79.692
5446.6,-79.7
5448.6,-79.709
5450.5,-79.712
5452.5,-79.705
5454.5,-79.686
5456.4,-79.663
5458.4,-79.643
5460.3,-79.636
5462.3,-79.645
5464.2,-79.669
5466.2,-79.699
5468.1,-79.722
5470.1,-79.73
5472,-79.718
5474,-79.691
5475.9,-79.66
5477.9,-79.635
5479.9,-79.621
5481.8,-79.616
5483.8,-79.612
5485.7,-79.598
5487.7,-79.566
5489.6,-79.517
5491.6,-79.455
5493.5,-79.39
5495.5,-79.331
5497.4,-79.282
5499.4,-79.244
5501.3,-79.218
5503.3,-79.205
5505.3,-79.205
5507.2,-79.222
5509.2,-79.256
5511.1,-79.305
5513.1,-79.366
5515,-79.433
5517,-79.499
5518.9,-79.56
5520.9,-79.61
5522.8,-79.649
5524.8,-79.674
5526.7,-79.685
5528.7,-79.679
5530.6,-79.652
5532.6,-79.602
5534.6,-79.532
5536.5,-79.454
5538.5,-79.383
5540.4,-79.338
5542.4,-79.333
5544.3,-79.372
5546.3,-79.452
5548.2,-79.559
5550.2,-79.675
5552.1,-79.781
5554.1,-79.858
5556,-79.896
5558,-79.894
5560,-79.862
5561.9,-79.815
5563.9,-79.769
5565.8,-79.739
5567.8,-79.731
5569.7,-79.741
5571.7,-79.762
5573.6,-79.785
5575.6,-79.801
5577.5,-79.811
5579.5,-79.819
5581.4,-79.834
5583.4,-79.864
5585.3,-79.906
5587.3,-79.954
5589.3,-79.993
5591.2,-80.007
5593.2,-79.989
5595.1,-79.939
5597.1,-79.869
5599,-79.8
5601,-79.746
5602.9,-79.721
5604.9,-79.724
5606.8,-79.746
5608.8,-79.771
5610.7,-79.781
5612.7,-79.765
5614.7,-79.723
5616.6,-79.666
5618.6,-79.608
5620.5,-79.561
5622.5,-79.531
5624.4,-79.515
5626.4,-79.511
5628.3,-79.512
5630.3,-79.515
5632.2,-79.515
5634.2,-79.51
5636.1,-79.495
5638.1,-79.466
5640,-79.426
5642,-79.382
5644,-79.346
5645.9,-79.331
5647.9,-79.347
5649.8,-79.397
5651.8,-79.476
5653.7,-79.572
5655.7,-79.671
5657.6,-79.76
5659.6,-79.837
5661.5,-79.906
5663.5,-79.974
5665.4,-80.05
5667.4,-80.134
5669.4,-80.222
5671.3,-80.3
5673.3,-80.358
5675.2,-80.388
5677.2,-80.385
5679.1,-80.355
5681.1,-80.303
5683,-80.243
5685,-80.185
5686.9,-80.144
5688.9,-80.127
5690.8,-80.138
5692.8,-80.175
5694.7,-80.228
5696.7,-80.284
5698.7,-80.329
5700.6,-80.352
5702.6,-80.346
5704.5,-80.309
5706.5,-80.244
5708.4,-80.159
5710.4,-80.061
5712.3,-79.962
5714.3,-79.877
5716.2,-79.819
5718.2,-79.8
5720.1,-79.826
5722.1,-79.895
5724.1,-79.998
5726,-80.115
5728,-80.225
5729.9,-80.304
5731.9,-80.339
5733.8,-80.329
5735.8,-80.284
5737.7,-80.224
5739.7,-80.168
5741.6,-80.128
5743.6,-80.108
5745.5,-80.104
5747.5,-80.108
5749.5,-80.109
5751.4,-80.101
5753.4,-80.085
5755.3,-80.067
5757.3,-80.056
5759.2,-80.063
5761.2,-80.091
5763.1,-80.136
5765.1,-80.186
5767,-80.226
5769,-80.238
5770.9,-80.219
5772.9,-80.17
5774.8,-80.104
5776.8,-80.034
5778.8,-79.971
5780.7,-79.92
5782.7,-79.88
5784.6,-79.852
5786.6,-79.836
5788.5,-79.832
5790.5,-79.843
5792.4,-79.871
5794.4,-79.913
5796.3,-79.967
5798.3,-80.027
5800.2,-80.091
5802.2,-80.157
5804.2,-80.222
5806.1,-80.284
5808.1,-80.337
5810,-80.373
5812,-80.385
5813.9,-80.37
5815.9,-80.329
5817.8,-80.268
5819.8,-80.197
5821.7,-80.126
5823.7,-80.064
5825.6,-80.018
5827.6,-79.993
5829.5,-79.986
5831.5,-79.994
5833.5,-80.009
5835.4,-80.021
5837.4,-80.024
5839.3,-80.014
5841.3,-79.992
5843.2,-79.965
5845.2,-79.94
5847.1,-79.924
5849.1,-79.92
5851,-79.925
5853,-79.934
5854.9,-79.944
5856.9,-79.954
5858.9,-79.966
5860.8,-79.983
5862.8,-80.002
5864.7,-80.02
5866.7,-80.028
5868.6,-80.023
5870.6,-80.005
5872.5,-79.98
5874.5,-79.956
5876.4,-79.942
5878.4,-79.941
5880.3,-79.953
5882.3,-79.976
5884.2,-80.006
5886.2,-80.037
5888.2,-80.065
5890.1,-80.089
5892.1,-80.113
5894,-80.138
5896,-80.167
5897.9,-80.2
5899.9,-80.235
5901.8,-80.268
5903.8,-80.297
5905.7,-80.318
5907.7,-80.332
5909.6,-80.337
5911.6,-80.334
5913.6,-80.326
5915.5,-80.322
5917.5,-80.331
5919.4,-80.361
5921.4,-80.416
5923.3,-80.488
5925.3,-80.567
5927.2,-80.635
5929.2,-80.68
5931.1,-80.695
5933.1,-80.679
5935,-80.64
5937,-80.586
5938.9,-80.528
5940.9,-80.479
5942.9,-80.451
5944.8,-80.453
5946.8,-80.49
5948.7,-80.562
5950.7,-80.662
5952.6,-80.777
5954.6,-80.887
5956.5,-80.977
5958.5,-81.033
5960.4,-81.051
5962.4,-81.038
5964.3,-81.005
5966.3,-80.963
5968.3,-80.92
5970.2,-80.876
5972.2,-80.83
5974.1,-80.777
5976.1,-80.715
5978,-80.649
5980,-80.587
5981.9,-80.534
5983.9,-80.497
5985.8,-80.473
5987.8,-80.459
5989.7,-80.447
5991.7,-80.433
5993.7,-80.418
5995.6,-80.407
5997.6,-80.408
5999.5,-80.429
6001.5,-80.474
6003.4,-80.546
6005.4,-80.641
6007.3,-80.749
6009.3,-80.86
6011.2,-80.961
6013.2,-81.045
6015.1,-81.108
6017.1,-81.155
6019,-81.192
6021,-81.227
6023,-81.262
6024.9,-81.296
6026.9,-81.322
6028.8,-81.332
6030.8,-81.318
6032.7,-81.279
6034.7,-81.219
6036.6,-81.148
6038.6,-81.077
6040.5,-81.016
6042.5,-80.974
6044.4,-80.953
6046.4,-80.949
6048.4,-80.956
6050.3,-80.969
6052.3,-80.982
6054.2,-80.994
6056.2,-81.003
6058.1,-81.012
6060.1,-81.019
6062,-81.025
6064,-81.028
6065.9,-81.03
6067.9,-81.031
6069.8,-81.032
6071.8,-81.031
6073.7,-81.029
6075.7,-81.028
6077.7,-81.027
6079.6,-81.027
6081.6,-81.028
6083.5,-81.023
6085.5,-81.008
6087.4,-80.979
6089.4,-80.94
6091.3,-80.9
6093.3,-80.873
6095.2,-80.865
6097.2,-80.877
6099.1,-80.903
6101.1,-80.933
6103.1,-80.962
6105,-80.991
6107,-81.027
6108.9,-81.078
6110.9,-81.147
6112.8,-81.231
6114.8,-81.325
6116.7,-81.419
6118.7,-81.509
6120.6,-81.591
6122.6,-81.662
6124.5,-81.717
6126.5,-81.748
6128.4,-81.749
6130.4,-81.718
6132.4,-81.659
6134.3,-81.585
6136.3,-81.51
6138.2,-81.447
6140.2,-81.407
6142.1,-81.391
6144.1,-81.396
6146,-81.418
6148,-81.448
6149.9,-81.482
6151.9,-81.515
6153.8,-81.544
6155.8,-81.568
6157.8,-81.589
6159.7,-81.609
6161.7,-81.63
6163.6,-81.655
6165.6,-81.681
6167.5,-81.705
6169.5,-81.723
6171.4,-81.73
6173.4,-81.727
6175.3,-81.714
6177.3,-81.696
6179.2,-81.674
6181.2,-81.65
6183.2,-81.624
6185.1,-81.599
6187.1,-81.578
6189,-81.565
6191,-81.566
6192.9,-81.587
6194.9,-81.629
6196.8,-81.692
6198.8,-81.771
6200.7,-81.857
6202.7,-81.939
6204.6,-82.002
6206.6,-82.038
6208.5,-82.043
6210.5,-82.021
6212.5,-81.981
6214.4,-81.934
6216.4,-81.895
6218.3,-81.874
6220.3,-81.879
6222.2,-81.907
6224.2,-81.95
6226.1,-81.989
6228.1,-82.008
6230,-81.996
6232,-81.954
6233.9,-81.893
6235.9,-81.831
6237.9,-81.783
6239.8,-81.76
6241.8,-81.764
6243.7,-81.789
6245.7,-81.829
6247.6,-81.873
6249.6,-81.912
6251.5,-81.942
6253.5,-81.965
6255.4,-81.986
6257.4,-82.012
6259.3,-82.047
6261.3,-82.093
6263.2,-82.143
6265.2,-82.189
6267.2,-82.22
6269.1,-82.225
6271.1,-82.201
6273,-82.151
6275,-82.086
6276.9,-82.02
6278.9,-81.968
6280.8,-81.945
6282.8,-81.957
6284.7,-82.004
6286.7,-82.078
6288.6,-82.162
6290.6,-82.234
6292.6,-82.279
6294.5,-82.289
6296.5,-82.275
6298.4,-82.255
6300.4,-82.249
6302.3,-82.273
6304.3,-82.329
6306.2,-82.407
6308.2,-82.49
6310.1,-82.558
6312.1,-82.596
6314,-82.598
6316,-82.573
6317.9,-82.536
6319.9,-82.503
6321.9,-82.487
6323.8,-82.496
6325.8,-82.527
6327.7,-82.57
6329.7,-82.613
6331.6,-82.642
6333.6,-82.655
6335.5,-82.656
6337.5,-82.662
6339.4,-82.694
6341.4,-82.767
6343.3,-82.886
6345.3,-83.043
6347.3,-83.217
6349.2,-83.382
6351.2,-83.513
6353.1,-83.594
6355.1,-83.628
6357,-83.627
6359,-83.61
6360.9,-83.591
6362.9,-83.577
6364.8,-83.565
6366.8,-83.548
6368.7,-83.519
6370.7,-83.476
6372.6,-83.422
6374.6,-83.362
6376.6,-83.304
6378.5,-83.251
6380.5,-83.208
6382.4,-83.174
6384.4,-83.151
6386.3,-83.14
6388.3,-83.139
6390.2,-83.146
6392.2,-83.154
6394.1,-83.153
6396.1,-83.138
6398,-83.11
6400,-83.08
6402,-83.065
6403.9,-83.084
6405.9,-83.147
6407.8,-83.255
6409.8,-83.394
6411.7,-83.543
6413.7,-83.679
6415.6,-83.784
6417.6,-83.852
6419.5,-83.884
6421.5,-83.89
6423.4,-83.883
6425.4,-83.869
6427.4,-83.855
6429.3,-83.842
6431.3,-83.83
6433.2,-83.817
6435.2,-83.806
6437.1,-83.796
6439.1,-83.79
6441,-83.789
6443,-83.79
6444.9,-83.794
6446.9,-83.801
6448.8,-83.815
6450.8,-83.844
6452.7,-83.89
6454.7,-83.957
6456.7,-84.039
6458.6,-84.131
6460.6,-84.224
6462.5,-84.308
6464.5,-84.379
6466.4,-84.432
6468.4,-84.466
6470.3,-84.485
6472.3,-84.491
6474.2,-84.489
6476.2,-84.483
6478.1,-84.471
6480.1,-84.456
6482.1,-84.442
6484,-84.434
6486,-84.442
6487.9,-84.473
6489.9,-84.526
6491.8,-84.596
6493.8,-84.671
6495.7,-84.739
6497.7,-84.793
6499.6,-84.833
6501.6,-84.863
6503.5,-84.887
6505.5,-84.91
6507.4,-84.934
6509.4,-84.96
6511.4,-84.991
6513.3,-85.029
6515.3,-85.076
6517.2,-85.131
6519.2,-85.191
6521.1,-85.251
6523.1,-85.309
6525,-85.363
6527,-85.415
6528.9,-85.464
6530.9,-85.511
6532.8,-85.555
6534.8,-85.592
6536.8,-85.619
6538.7,-85.632
6540.7,-85.631
6542.6,-85.618
6544.6,-85.597
6546.5,-85.571
6548.5,-85.544
6550.4,-85.514
6552.4,-85.478
6554.3,-85.434
6556.3,-85.384
6558.2,-85.337
6560.2,-85.31
6562.1,-85.317
6564.1,-85.373
6566.1,-85.48
6568,-85.631
6570,-85.804
6571.9,-85.967
6573.9,-86.086
6575.8,-86.134
6577.8,-86.104
6579.7,-86.011
6581.7,-85.888
6583.6,-85.772
6585.6,-85.69
6587.5,-85.662
6589.5,-85.689
6591.5,-85.766
6593.4,-85.879
6595.4,-86.013
6597.3,-86.153
6599.3,-86.29
6601.2,-86.417
6603.2,-86.532
6605.1,-86.631
6607.1,-86.715
6609,-86.783
6611,-86.835
6612.9,-86.874
6614.9,-86.899
6616.8,-86.912
6618.8,-86.911
6620.8,-86.892
6622.7,-86.853
6624.7,-86.795
6626.6,-86.727
6628.6,-86.662
6630.5,-86.62
6632.5,-86.615
6634.4,-86.655
6636.4,-86.734
6638.3,-86.834
6640.3,-86.933
6642.2,-87.008
6644.2,-87.047
6646.2,-87.053
6648.1,-87.039
6650.1,-87.023
6652,-87.019
6654,-87.037
6655.9,-87.077
6657.9,-87.14
6659.8,-87.222
6661.8,-87.316
6663.7,-87.415
6665.7,-87.512
6667.6,-87.595
6669.6,-87.658
6671.6,-87.695
6673.5,-87.71
6675.5,-87.712
6677.4,-87.715
6679.4,-87.731
6681.3,-87.769
6683.3,-87.828
6685.2,-87.898
6687.2,-87.968
6689.1,-88.023
6691.1,-88.054
6693,-88.063
6695,-88.055
6696.9,-88.043
6698.9,-88.036
6700.9,-88.042
6702.8,-88.063
6704.8,-88.093
6706.7,-88.124
6708.7,-88.148
6710.6,-88.158
6712.6,-88.156
6714.5,-88.144
6716.5,-88.131
6718.4,-88.121
6720.4,-88.121
6722.3,-88.131
6724.3,-88.157
6726.3,-88.2
6728.2,-88.265
6730.2,-88.354
6732.1,-88.468
6734.1,-88.597
6736,-88.73
6738,-88.846
6739.9,-88.925
6741.9,-88.953
6743.8,-88.93
6745.8,-88.873
6747.7,-88.808
6749.7,-88.761
6751.6,-88.75
6753.6,-88.785
6755.6,-88.861
6757.5,-88.968
6759.5,-89.094
6761.4,-89.227
6763.4,-89.358
6765.3,-89.481
6767.3,-89.592
6769.2,-89.685
6771.2,-89.759
6773.1,-89.809
6775.1,-89.837
6777,-89.844
6779,-89.836
6781,-89.82
6782.9,-89.802
6784.9,-89.787
6786.8,-89.775
6788.8,-89.765
6790.7,-89.755
6792.7,-89.748
6794.6,-89.747
6796.6,-89.761
6798.5,-89.796
6800.5,-89.851
6802.4,-89.922
6804.4,-90
6806.3,-90.075
6808.3,-90.145
6810.3,-90.211
6812.2,-90.281
6814.2,-90.36
6816.1,-90.451
6818.1,-90.55
6820,-90.653
6822,-90.752
6823.9,-90.842
6825.9,-90.919
6827.8,-90.983
6829.8,-91.033
6831.7,-91.072
6833.7,-91.105
6835.7,-91.138
6837.6,-91.175
6839.6,-91.222
6841.5,-91.28
6843.5,-91.344
6845.4,-91.406
6847.4,-91.453
6849.3,-91.476
6851.3,-91.473
6853.2,-91.449
6855.2,-91.419
6857.1,-91.396
6859.1,-91.393
6861.1,-91.411
6863,-91.451
6865,-91.503
6866.9,-91.562
6868.9,-91.619
6870.8,-91.668
6872.8,-91.705
6874.7,-91.729
6876.7,-91.743
6878.6,-91.757
6880.6,-91.785
6882.5,-91.838
6884.5,-91.923
6886.4,-92.041
6888.4,-92.18
6890.4,-92.323
6892.3,-92.453
6894.3,-92.555
6896.2,-92.625
6898.2,-92.666
6900.1,-92.692
6902.1,-92.717
6904,-92.752
6906,-92.806
6907.9,-92.878
6909.9,-92.962
6911.8,-93.046
6913.8,-93.119
6915.8,-93.171
6917.7,-93.2
6919.7,-93.209
6921.6,-93.208
6923.6,-93.207
6925.5,-93.213
6927.5,-93.231
6929.4,-93.259
6931.4,-93.292
6933.3,-93.325
6935.3,-93.355
6937.2,-93.386
6939.2,-93.428
6941.1,-93.491
6943.1,-93.585
6945.1,-93.71
6947,-93.857
6949,-94.013
6950.9,-94.161
6952.9,-94.289
6954.8,-94.392
6956.8,-94.474
6958.7,-94.542
6960.7,-94.6
6962.6,-94.651
6964.6,-94.694
6966.5,-94.729
6968.5,-94.763
6970.5,-94.805
6972.4,-94.866
6974.4,-94.955
6976.3,-95.067
6978.3,-95.19
6980.2,-95.305
6982.2,-95.389
6984.1,-95.431
6986.1,-95.427
6988,-95.387
6990,-95.328
6991.9,-95.265
6993.9,-95.213
6995.8,-95.183
6997.8,-95.183
6999.8,-95.217
7001.7,-95.288
7003.7,-95.39
7005.6,-95.518
7007.6,-95.657
7009.5,-95.797
7011.5,-95.926
7013.4,-96.04
7015.4,-96.14
7017.3,-96.228
7019.3,-96.305
7021.2,-96.368
7023.2,-96.412
7025.2,-96.432
7027.1,-96.427
7029.1,-96.403
7031,-96.369
7033,-96.336
7034.9,-96.318
7036.9,-96.325
7038.8,-96.363
7040.8,-96.431
7042.7,-96.521
7044.7,-96.619
7046.6,-96.712
7048.6,-96.79
7050.5,-96.851
7052.5,-96.899
7054.5,-96.942
7056.4,-96.988
7058.4,-97.043
7060.3,-97.109
7062.3,-97.182
7064.2,-97.256
7066.2,-97.321
7068.1,-97.369
7070.1,-97.394
7072,-97.4
7074,-97.395
7075.9,-97.39
7077.9,-97.394
7079.9,-97.413
7081.8,-97.449
7083.8,-97.498
7085.7,-97.56
7087.7,-97.636
7089.6,-97.731
7091.6,-97.849
7093.5,-97.995
7095.5,-98.167
7097.4,-98.356
7099.4,-98.549
7101.3,-98.728
7103.3,-98.879
7105.3,-98.99
7107.2,-99.06
7109.2,-99.089
7111.1,-99.086
7113.1,-99.062
7115,-99.033
7117,-99.015
7118.9,-99.018
7120.9,-99.048
7122.8,-99.104
7124.8,-99.178
7126.7,-99.264
7128.7,-99.355
7130.6,-99.449
7132.6,-99.54
7134.6,-99.625
7136.5,-99.7
7138.5,-99.766
7140.4,-99.825
7142.4,-99.888
7144.3,-99.964
7146.3,-100.06
7148.2,-100.18
7150.2,-100.3
7152.1,-100.44
7154.1,-100.58
7156,-100.72
7158,-100.85
7160,-100.98
7161.9,-101.1
7163.9,-101.21
7165.8,-101.29
7167.8,-101.36
7169.7,-101.4
7171.7,-101.43
7173.6,-101.45
7175.6,-101.47
7177.5,-101.49
7179.5,-101.52
7181.4,-101.54
7183.4,-101.56
7185.3,-101.58
7187.3,-101.6
7189.3,-101.64
7191.2,-101.69
7193.2,-101.75
7195.1,-101.84
7197.1,-101.94
7199,-102.05
7201,-102.17
7202.9,-102.29
7204.9,-102.4
7206.8,-102.51
7208.8,-102.62
7210.7,-102.72
7212.7,-102.81
7214.7,-102.88
7216.6,-102.94
7218.6,-102.97
7220.5,-102.98
7222.5,-102.97
7224.4,-102.96
7226.4,-102.98
7228.3,-103.03
7230.3,-103.11
7232.2,-103.23
7234.2,-103.37
7236.1,-103.53
7238.1,-103.7
7240,-103.86
7242,-104
7244,-104.13
7245.9,-104.24
7247.9,-104.32
7249.8,-104.39
7251.8,-104.44
7253.7,-104.49
7255.7,-104.55
7257.6,-104.63
7259.6,-104.74
7261.5,-104.87
7263.5,-105.02
7265.4,-105.18
7267.4,-105.34
7269.4,-105.5
7271.3,-105.67
7273.3,-105.84
7275.2,-106
7277.2,-106.16
7279.1,-106.3
7281.1,-106.42
7283,-106.51
7285,-106.58
7286.9,-106.63
7288.9,-106.69
7290.8,-106.74
7292.8,-106.81
7294.7,-106.87
7296.7,-106.94
7298.7,-107
7300.6,-107.06
7302.6,-107.1
7304.5,-107.15
7306.5,-107.2
7308.4,-107.27
7310.4,-107.35
7312.3,-107.43
7314.3,-107.5
7316.2,-107.55
7318.2,-107.56
7320.1,-107.54
7322.1,-107.5
7324.1,-107.47
7326,-107.45
7328,-107.47
7329.9,-107.54
7331.9,-107.65
7333.8,-107.81
7335.8,-107.99
7337.7,-108.19
7339.7,-108.37
7341.6,-108.53
7343.6,-108.65
7345.5,-108.74
7347.5,-108.79
7349.5,-108.84
7351.4,-108.89
7353.4,-108.95
7355.3,-109.04
7357.3,-109.14
7359.2,-109.27
7361.2,-109.4
7363.1,-109.54
7365.1,-109.67
7367,-109.81
7369,-109.96
7370.9,-110.1
7372.9,-110.24
7374.8,-110.37
7376.8,-110.48
7378.8,-110.57
7380.7,-110.64
7382.7,-110.71
7384.6,-110.78
7386.6,-110.87
7388.5,-110.98
7390.5,-111.1
7392.4,-111.23
7394.4,-111.36
7396.3,-111.49
7398.3,-111.61
7400.2,-111.73
7402.2,-111.83
7404.2,-111.94
7406.1,-112.04
7408.1,-112.13
7410,-112.21
7412,-112.28
7413.9,-112.35
7415.9,-112.42
7417.8,-112.49
7419.8,-112.57
7421.7,-112.65
7423.7,-112.73
7425.6,-112.8
7427.6,-112.86
7429.5,-112.93
7431.5,-113
7433.5,-113.1
7435.4,-113.22
7437.4,-113.38
7439.3,-113.55
7441.3,-113.73
7443.2,-113.9
7445.2,-114.04
7447.1,-114.16
7449.1,-114.25
7451,-114.32
7453,-114.4
7454.9,-114.47
7456.9,-114.55
7458.9,-114.63
7460.8,-114.71
7462.8,-114.8
7464.7,-114.89
7466.7,-115
7468.6,-115.12
7470.6,-115.26
7472.5,-115.41
7474.5,-115.55
7476.4,-115.69
7478.4,-115.82
7480.3,-115.95
7482.3,-116.08
7484.2,-116.2
7486.2,-116.33
7488.2,-116.45
7490.1,-116.57
7492.1,-116.69
7494,-116.8
7496,-116.91
7497.9,-117.01
7499.9,-117.1
7501.8,-117.19
7503.8,-117.26
7505.7,-117.31
7507.7,-117.36
7509.6,-117.42
7511.6,-117.49
7513.6,-117.58
7515.5,-117.7
7517.5,-117.86
7519.4,-118.03
7521.4,-118.22
7523.3,-118.42
7525.3,-118.59
7527.2,-118.75
7529.2,-118.86
7531.1,-118.95
7533.1,-119
7535,-119.02
7537,-119.05
7538.9,-119.08
7540.9,-119.14
7542.9,-119.24
7544.8,-119.37
7546.8,-119.53
7548.7,-119.7
7550.7,-119.87
7552.6,-120.02
7554.6,-120.16
7556.5,-120.28
7558.5,-120.39
7560.4,-120.5
7562.4,-120.62
7564.3,-120.74
7566.3,-120.86
7568.3,-120.98
7570.2,-121.09
7572.2,-121.2
7574.1,-121.31
7576.1,-121.41
7578,-121.51
7580,-121.62
7581.9,-121.72
7583.9,-121.82
7585.8,-121.92
7587.8,-122.02
7589.7,-122.12
7591.7,-122.21
7593.7,-122.29
7595.6,-122.36
7597.6,-122.43
7599.5,-122.5
7601.5,-122.6
7603.4,-122.72
7605.4,-122.87
7607.3,-123.04
7609.3,-123.22
7611.2,-123.4
7613.2,-123.57
7615.1,-123.72
7617.1,-123.86
7619,-123.97
7621,-124.06
7623,-124.15
7624.9,-124.22
7626.9,-124.3
7628.8,-124.38
7630.8,-124.48
7632.7,-124.59
7634.7,-124.7
7636.6,-124.81
7638.6,-124.9
7640.5,-124.98
7642.5,-125.04
7644.4,-125.09
7646.4,-125.13
7648.4,-125.17
7650.3,-125.21
7652.3,-125.27
7654.2,-125.34
7656.2,-125.42
7658.1,-125.5
7660.1,-125.58
7662,-125.66
7664,-125.74
7665.9,-125.82
7667.9,-125.92
7669.8,-126.02
7671.8,-126.12
7673.7,-126.22
7675.7,-126.3
7677.7,-126.36
7679.6,-126.41
7681.6,-126.45
7683.5,-126.48
7685.5,-126.52
7687.4,-126.55
7689.4,-126.58
7691.3,-126.61
7693.3,-126.64
7695.2,-126.66
7697.2,-126.68
7699.1,-126.71
7701.1,-126.76
7703.1,-126.83
7705,-126.91
7707,-127.01
7708.9,-127.1
7710.9,-127.18
7712.8,-127.25
7714.8,-127.29
7716.7,-127.3
7718.7,-127.29
7720.6,-127.27
7722.6,-127.24
7724.5,-127.22
7726.5,-127.23
7728.4,-127.26
7730.4,-127.32
7732.4,-127.39
7734.3,-127.47
7736.3,-127.55
7738.2,-127.64
7740.2,-127.72
7742.1,-127.8
7744.1,-127.86
7746,-127.9
7748,-127.92
7749.9,-127.92
7751.9,-127.9
7753.8,-127.89
7755.8,-127.88
7757.8,-127.87
7759.7,-127.88
7761.7,-127.88
7763.6,-127.89
7765.6,-127.89
7767.5,-127.9
7769.5,-127.9
7771.4,-127.91
7773.4,-127.93
7775.3,-127.98
7777.3,-128.04
7779.2,-128.1
7781.2,-128.17
7783.2,-128.21
7785.1,-128.23
7787.1,-128.21
7789,-128.17
7791,-128.12
7792.9,-128.08
7794.9,-128.06
7796.8,-128.06
7798.8,-128.07
7800.7,-128.08
7802.7,-128.07
7804.6,-128.04
7806.6,-127.98
7808.5,-127.91
7810.5,-127.84
7812.5,-127.79
7814.4,-127.78
7816.4,-127.81
7818.3,-127.86
7820.3,-127.92
7822.2,-127.98
7824.2,-128.03
7826.1,-128.07
7828.1,-128.11
7830,-128.13
7832,-128.16
7833.9,-128.18
7835.9,-128.2
7837.9,-128.21
7839.8,-128.22
7841.8,-128.22
7843.7,-128.22
7845.7,-128.21
7847.6,-128.2
7849.6,-128.18
7851.5,-128.16
7853.5,-128.15
7855.4,-128.14
7857.4,-128.14
7859.3,-128.13
7861.3,-128.13
7863.2,-128.13
7865.2,-128.13
7867.2,-128.14
7869.1,-128.18
7871.1,-128.23
7873,-128.3
7875,-128.39
7876.9,-128.48
7878.9,-128.56
7880.8,-128.61
7882.8,-128.64
7884.7,-128.64
7886.7,-128.63
7888.6,-128.6
7890.6,-128.56
7892.6,-128.52
7894.5,-128.47
7896.5,-128.42
7898.4,-128.38
7900.4,-128.34
7902.3,-128.29
7904.3,-128.26
7906.2,-128.22
7908.2,-128.19
7910.1,-128.16
7912.1,-128.14
7914,-128.12
7916,-128.11
7917.9,-128.1
7919.9,-128.08
7921.9,-128.07
7923.8,-128.06
7925.8,-128.05
7927.7,-128.05
7929.7,-128.05
7931.6,-128.05
7933.6,-128.06
7935.5,-128.07
7937.5,-128.1
7939.4,-128.13
7941.4,-128.15
7943.3,-128.18
7945.3,-128.2
7947.3,-128.21
7949.2,-128.22
7951.2,-128.22
7953.1,-128.22
7955.1,-128.21
7957,-128.19
7959,-128.17
7960.9,-128.14
7962.9,-128.11
7964.8,-128.1
7966.8,-128.11
7968.7,-128.15
7970.7,-128.21
7972.6,-128.28
7974.6,-128.35
7976.6,-128.4
7978.5,-128.43
7980.5,-128.44
7982.4,-128.43
7984.4,-128.42
7986.3,-128.4
7988.3,-128.39
7990.2,-128.39
7992.2,-128.39
7994.1,-128.39
7996.1,-128.39
7998,-128.38
8000,-128.38
