0,-78.876
1.9536,-79.075
3.9072,-79.67
5.8608,-80.654
7.8144,-82.006
9.768,-83.677
11.722,-85.555
13.675,-87.405
15.629,-88.836
17.582,-89.456
19.536,-89.187
21.49,-88.292
23.443,-87.079
25.397,-85.765
27.35,-84.485
29.304,-83.318
31.258,-82.311
33.211,-81.491
35.165,-80.872
37.118,-80.462
39.072,-80.26
41.026,-80.258
42.979,-80.431
44.933,-80.737
46.886,-81.115
48.84,-81.486
50.794,-81.777
52.747,-81.939
54.701,-81.958
56.654,-81.854
58.608,-81.668
60.562,-81.449
62.515,-81.246
64.469,-81.102
66.422,-81.041
68.376,-81.064
70.33,-81.148
72.283,-81.249
74.237,-81.321
76.19,-81.338
78.144,-81.304
80.098,-81.248
82.051,-81.206
84.005,-81.195
85.958,-81.203
87.912,-81.178
89.866,-81.031
91.819,-80.665
93.773,-80.036
95.726,-79.193
97.68,-78.258
99.634,-77.364
101.59,-76.616
103.54,-76.079
105.49,-75.787
107.45,-75.745
109.4,-75.942
111.36,-76.345
113.31,-76.903
115.26,-77.549
117.22,-78.2
119.17,-78.769
121.12,-79.174
123.08,-79.362
125.03,-79.324
126.98,-79.094
128.94,-78.733
130.89,-78.305
132.84,-77.867
134.8,-77.463
136.75,-77.126
138.71,-76.876
140.66,-76.717
142.61,-76.638
144.57,-76.607
146.52,-76.587
148.47,-76.54
150.43,-76.444
152.38,-76.298
154.33,-76.122
156.29,-75.942
158.24,-75.781
160.2,-75.648
162.15,-75.542
164.1,-75.45
166.06,-75.363
168.01,-75.277
169.96,-75.203
171.92,-75.156
173.87,-75.147
175.82,-75.169
177.78,-75.189
179.73,-75.138
181.68,-74.939
183.64,-74.549
185.59,-73.997
187.55,-73.381
189.5,-72.819
191.45,-72.408
193.41,-72.206
195.36,-72.234
197.31,-72.478
199.27,-72.887
201.22,-73.369
203.17,-73.802
205.13,-74.058
207.08,-74.06
209.04,-73.806
210.99,-73.354
212.94,-72.777
214.9,-72.129
216.85,-71.445
218.8,-70.735
220.76,-69.998
222.71,-69.228
224.66,-68.43
226.62,-67.621
228.57,-66.83
230.53,-66.089
232.48,-65.426
234.43,-64.862
236.39,-64.407
238.34,-64.064
240.29,-63.833
242.25,-63.709
244.2,-63.688
246.15,-63.757
248.11,-63.902
250.06,-64.104
252.01,-64.347
253.97,-64.626
255.92,-64.953
257.88,-65.356
259.83,-65.869
261.78,-66.522
263.74,-67.331
265.69,-68.294
267.64,-69.383
269.6,-70.544
271.55,-71.707
273.5,-72.797
275.46,-73.763
277.41,-74.58
279.37,-75.25
281.32,-75.781
283.27,-76.174
285.23,-76.429
287.18,-76.547
289.13,-76.537
291.09,-76.415
293.04,-76.202
294.99,-75.918
296.95,-75.58
298.9,-75.197
300.85,-74.768
302.81,-74.288
304.76,-73.75
306.72,-73.156
308.67,-72.526
310.62,-71.892
312.58,-71.298
314.53,-70.787
316.48,-70.389
318.44,-70.123
320.39,-69.996
322.34,-69.997
324.3,-70.11
326.25,-70.307
328.21,-70.559
330.16,-70.837
332.11,-71.109
334.07,-71.353
336.02,-71.551
337.97,-71.693
339.93,-71.782
341.88,-71.823
343.83,-71.824
345.79,-71.787
347.74,-71.711
349.69,-71.589
351.65,-71.424
353.6,-71.226
355.56,-71.022
357.51,-70.847
359.46,-70.736
361.42,-70.716
363.37,-70.802
365.32,-70.996
367.28,-71.285
369.23,-71.65
371.18,-72.065
373.14,-72.504
375.09,-72.94
377.05,-73.344
379,-73.691
380.95,-73.966
382.91,-74.172
384.86,-74.332
386.81,-74.484
388.77,-74.671
390.72,-74.928
392.67,-75.27
394.63,-75.698
396.58,-76.195
398.53,-76.729
400.49,-77.267
402.44,-77.784
404.4,-78.264
406.35,-78.706
408.3,-79.115
410.26,-79.494
412.21,-79.843
414.16,-80.16
416.12,-80.444
418.07,-80.698
420.02,-80.926
421.98,-81.135
423.93,-81.329
425.89,-81.504
427.84,-81.652
429.79,-81.763
431.75,-81.83
433.7,-81.854
435.65,-81.84
437.61,-81.79
439.56,-81.701
441.51,-81.562
443.47,-81.366
445.42,-81.124
447.37,-80.864
449.33,-80.625
451.28,-80.448
453.24,-80.356
455.19,-80.355
457.14,-80.428
459.1,-80.544
461.05,-80.664
463,-80.754
464.96,-80.792
466.91,-80.774
468.86,-80.709
470.82,-80.606
472.77,-80.47
474.73,-80.296
476.68,-80.072
478.63,-79.792
480.59,-79.466
482.54,-79.121
484.49,-78.794
486.45,-78.526
488.4,-78.347
490.35,-78.272
492.31,-78.299
494.26,-78.409
496.21,-78.559
498.17,-78.68
500.12,-78.676
502.08,-78.442
504.03,-77.915
505.98,-77.115
507.94,-76.143
509.89,-75.125
511.84,-74.161
513.8,-73.32
515.75,-72.633
517.7,-72.115
519.66,-71.764
521.61,-71.575
523.57,-71.539
525.52,-71.644
527.47,-71.875
529.43,-72.208
531.38,-72.609
533.33,-73.037
535.29,-73.454
537.24,-73.835
539.19,-74.181
541.15,-74.508
543.1,-74.839
545.05,-75.191
547.01,-75.564
548.96,-75.947
550.92,-76.321
552.87,-76.668
554.82,-76.98
556.78,-77.26
558.73,-77.521
560.68,-77.777
562.64,-78.041
564.59,-78.318
566.54,-78.603
568.5,-78.881
570.45,-79.128
572.41,-79.319
574.36,-79.438
576.31,-79.485
578.27,-79.484
580.22,-79.475
582.17,-79.496
584.13,-79.578
586.08,-79.729
588.03,-79.938
589.99,-80.174
591.94,-80.403
593.89,-80.594
595.85,-80.735
597.8,-80.833
599.76,-80.905
601.71,-80.973
603.66,-81.049
605.62,-81.138
607.57,-81.233
609.52,-81.323
611.48,-81.399
613.43,-81.458
615.38,-81.502
617.34,-81.54
619.29,-81.582
621.25,-81.63
623.2,-81.682
625.15,-81.72
627.11,-81.714
629.06,-81.619
631.01,-81.382
632.97,-80.968
634.92,-80.385
636.87,-79.693
638.83,-78.989
640.78,-78.368
642.74,-77.906
644.69,-77.653
646.64,-77.632
648.6,-77.843
650.55,-78.26
652.5,-78.833
654.46,-79.486
656.41,-80.125
658.36,-80.664
660.32,-81.058
662.27,-81.313
664.22,-81.471
666.18,-81.582
668.13,-81.675
670.09,-81.762
672.04,-81.836
673.99,-81.887
675.95,-81.904
677.9,-81.891
679.85,-81.856
681.81,-81.817
683.76,-81.787
685.71,-81.773
687.67,-81.774
689.62,-81.779
691.58,-81.771
693.53,-81.724
695.48,-81.612
697.44,-81.419
699.39,-81.143
701.34,-80.807
703.3,-80.452
705.25,-80.126
707.2,-79.875
709.16,-79.731
711.11,-79.707
713.06,-79.8
715.02,-79.986
716.97,-80.234
718.93,-80.506
720.88,-80.77
722.83,-81.004
724.79,-81.199
726.74,-81.352
728.69,-81.461
730.65,-81.521
732.6,-81.531
734.55,-81.496
736.51,-81.425
738.46,-81.334
740.42,-81.24
742.37,-81.155
744.32,-81.085
746.28,-81.031
748.23,-80.986
750.18,-80.944
752.14,-80.897
754.09,-80.842
756.04,-80.778
758,-80.704
759.95,-80.622
761.9,-80.529
763.86,-80.419
765.81,-80.287
767.77,-80.13
769.72,-79.952
771.67,-79.763
773.63,-79.582
775.58,-79.428
777.53,-79.317
779.49,-79.259
781.44,-79.256
783.39,-79.3
785.35,-79.376
787.3,-79.463
789.26,-79.538
791.21,-79.581
793.16,-79.582
795.12,-79.542
797.07,-79.473
799.02,-79.39
800.98,-79.306
802.93,-79.226
804.88,-79.147
806.84,-79.06
808.79,-78.963
810.74,-78.854
812.7,-78.742
814.65,-78.636
816.61,-78.542
818.56,-78.458
820.51,-78.37
822.47,-78.25
824.42,-78.059
826.37,-77.753
828.33,-77.301
830.28,-76.704
832.23,-76.005
834.19,-75.27
836.14,-74.571
838.1,-73.961
840.05,-73.472
842,-73.118
843.96,-72.896
845.91,-72.796
847.86,-72.796
849.82,-72.87
851.77,-72.988
853.72,-73.117
855.68,-73.227
857.63,-73.299
859.58,-73.33
861.54,-73.332
863.49,-73.323
865.45,-73.325
867.4,-73.358
869.35,-73.431
871.31,-73.55
873.26,-73.709
875.21,-73.9
877.17,-74.103
879.12,-74.3
881.07,-74.47
883.03,-74.596
884.98,-74.672
886.94,-74.694
888.89,-74.665
890.84,-74.583
892.8,-74.453
894.75,-74.281
896.7,-74.092
898.66,-73.921
900.61,-73.809
902.56,-73.796
904.52,-73.909
906.47,-74.158
908.42,-74.532
910.38,-75.007
912.33,-75.542
914.29,-76.094
916.24,-76.623
918.19,-77.104
920.15,-77.531
922.1,-77.909
924.05,-78.25
926.01,-78.562
927.96,-78.851
929.91,-79.115
931.87,-79.344
933.82,-79.526
935.78,-79.647
937.73,-79.697
939.68,-79.675
941.64,-79.595
943.59,-79.481
945.54,-79.359
947.5,-79.254
949.45,-79.176
951.4,-79.125
953.36,-79.087
955.31,-79.039
957.26,-78.96
959.22,-78.831
961.17,-78.651
963.13,-78.436
965.08,-78.216
967.03,-78.029
968.99,-77.905
970.94,-77.864
972.89,-77.908
974.85,-78.02
976.8,-78.174
978.75,-78.338
980.71,-78.488
982.66,-78.613
984.62,-78.715
986.57,-78.806
988.52,-78.895
990.48,-78.985
992.43,-79.069
994.38,-79.137
996.34,-79.181
998.29,-79.2
1000.2,-79.201
1002.2,-79.193
1004.2,-79.182
1006.1,-79.172
1008.1,-79.161
1010,-79.148
1012,-79.135
1013.9,-79.128
1015.9,-79.129
1017.8,-79.134
1019.8,-79.124
1021.7,-79.068
1023.7,-78.932
1025.6,-78.696
1027.6,-78.373
1029.5,-78.013
1031.5,-77.68
1033.5,-77.436
1035.4,-77.324
1037.4,-77.361
1039.3,-77.54
1041.3,-77.831
1043.2,-78.185
1045.2,-78.548
1047.1,-78.876
1049.1,-79.145
1051,-79.355
1053,-79.524
1054.9,-79.67
1056.9,-79.803
1058.9,-79.928
1060.8,-80.037
1062.8,-80.125
1064.7,-80.183
1066.7,-80.207
1068.6,-80.197
1070.6,-80.157
1072.5,-80.094
1074.5,-80.015
1076.4,-79.925
1078.4,-79.823
1080.3,-79.704
1082.3,-79.552
1084.2,-79.35
1086.2,-79.084
1088.2,-78.751
1090.1,-78.372
1092.1,-77.985
1094,-77.642
1096,-77.388
1097.9,-77.257
1099.9,-77.26
1101.8,-77.386
1103.8,-77.602
1105.7,-77.862
1107.7,-78.12
1109.6,-78.342
1111.6,-78.517
1113.6,-78.649
1115.5,-78.751
1117.5,-78.832
1119.4,-78.897
1121.4,-78.949
1123.3,-78.995
1125.3,-79.04
1127.2,-79.089
1129.2,-79.137
1131.1,-79.178
1133.1,-79.202
1135,-79.205
1137,-79.187
1138.9,-79.154
1140.9,-79.117
1142.9,-79.081
1144.8,-79.049
1146.8,-79.013
1148.7,-78.955
1150.7,-78.852
1152.6,-78.685
1154.6,-78.454
1156.5,-78.185
1158.5,-77.918
1160.4,-77.7
1162.4,-77.563
1164.3,-77.522
1166.3,-77.57
1168.3,-77.683
1170.2,-77.826
1172.2,-77.966
1174.1,-78.079
1176.1,-78.157
1178,-78.205
1180,-78.23
1181.9,-78.24
1183.9,-78.236
1185.8,-78.218
1187.8,-78.18
1189.7,-78.12
1191.7,-78.039
1193.7,-77.942
1195.6,-77.839
1197.6,-77.74
1199.5,-77.656
1201.5,-77.596
1203.4,-77.564
1205.4,-77.561
1207.3,-77.579
1209.3,-77.599
1211.2,-77.588
1213.2,-77.501
1215.1,-77.3
1217.1,-76.973
1219,-76.549
1221,-76.092
1223,-75.67
1224.9,-75.344
1226.9,-75.148
1228.8,-75.093
1230.8,-75.171
1232.7,-75.353
1234.7,-75.603
1236.6,-75.876
1238.6,-76.135
1240.5,-76.349
1242.5,-76.502
1244.4,-76.587
1246.4,-76.61
1248.4,-76.584
1250.3,-76.523
1252.3,-76.446
1254.2,-76.365
1256.2,-76.293
1258.1,-76.239
1260.1,-76.209
1262,-76.207
1264,-76.235
1265.9,-76.281
1267.9,-76.326
1269.8,-76.324
1271.8,-76.207
1273.7,-75.877
1275.7,-75.242
1277.7,-74.277
1279.6,-73.063
1281.6,-71.747
1283.5,-70.478
1285.5,-69.367
1287.4,-68.48
1289.4,-67.854
1291.3,-67.503
1293.3,-67.425
1295.2,-67.6
1297.2,-67.989
1299.1,-68.533
1301.1,-69.149
1303.1,-69.752
1305,-70.279
1307,-70.714
1308.9,-71.085
1310.9,-71.43
1312.8,-71.769
1314.8,-72.091
1316.7,-72.364
1318.7,-72.554
1320.6,-72.643
1322.6,-72.641
1324.5,-72.579
1326.5,-72.493
1328.4,-72.416
1330.4,-72.369
1332.4,-72.36
1334.3,-72.385
1336.3,-72.42
1338.2,-72.418
1340.2,-72.316
1342.1,-72.054
1344.1,-71.609
1346,-71.022
1348,-70.386
1349.9,-69.8
1351.9,-69.348
1353.8,-69.079
1355.8,-69.017
1357.8,-69.163
1359.7,-69.498
1361.7,-69.986
1363.6,-70.579
1365.6,-71.218
1367.5,-71.846
1369.5,-72.421
1371.4,-72.92
1373.4,-73.349
1375.3,-73.723
1377.3,-74.06
1379.2,-74.367
1381.2,-74.639
1383.2,-74.862
1385.1,-75.016
1387.1,-75.088
1389,-75.069
1391,-74.965
1392.9,-74.797
1394.9,-74.593
1396.8,-74.386
1398.8,-74.202
1400.7,-74.058
1402.7,-73.949
1404.6,-73.843
1406.6,-73.677
1408.5,-73.364
1410.5,-72.837
1412.5,-72.1
1414.4,-71.238
1416.4,-70.382
1418.3,-69.649
1420.3,-69.125
1422.2,-68.861
1424.2,-68.884
1426.1,-69.199
1428.1,-69.795
1430,-70.642
1432,-71.685
1433.9,-72.834
1435.9,-73.973
1437.9,-74.975
1439.8,-75.752
1441.8,-76.281
1443.7,-76.602
1445.7,-76.78
1447.6,-76.871
1449.6,-76.918
1451.5,-76.949
1453.5,-76.983
1455.4,-77.034
1457.4,-77.108
1459.3,-77.207
1461.3,-77.33
1463.2,-77.471
1465.2,-77.622
1467.2,-77.776
1469.1,-77.924
1471.1,-78.056
1473,-78.163
1475,-78.235
1476.9,-78.259
1478.9,-78.232
1480.8,-78.155
1482.8,-78.043
1484.7,-77.921
1486.7,-77.814
1488.6,-77.744
1490.6,-77.72
1492.6,-77.74
1494.5,-77.795
1496.5,-77.876
1498.4,-77.977
1500.4,-78.1
1502.3,-78.252
1504.3,-78.437
1506.2,-78.655
1508.2,-78.897
1510.1,-79.146
1512.1,-79.384
1514,-79.592
1516,-79.76
1517.9,-79.887
1519.9,-79.982
1521.9,-80.058
1523.8,-80.131
1525.8,-80.215
1527.7,-80.32
1529.7,-80.45
1531.6,-80.599
1533.6,-80.753
1535.5,-80.89
1537.5,-80.984
1539.4,-81.017
1541.4,-80.979
1543.3,-80.878
1545.3,-80.737
1547.3,-80.587
1549.2,-80.461
1551.2,-80.386
1553.1,-80.374
1555.1,-80.427
1557,-80.532
1559,-80.667
1560.9,-80.807
1562.9,-80.927
1564.8,-81.013
1566.8,-81.055
1568.7,-81.054
1570.7,-81.018
1572.6,-80.959
1574.6,-80.891
1576.6,-80.827
1578.5,-80.777
1580.5,-80.744
1582.4,-80.724
1584.4,-80.715
1586.3,-80.715
1588.3,-80.722
1590.2,-80.739
1592.2,-80.765
1594.1,-80.797
1596.1,-80.825
1598,-80.834
1600,-80.804
1602,-80.723
1603.9,-80.588
1605.9,-80.414
1607.8,-80.226
1609.8,-80.052
1611.7,-79.915
1613.7,-79.83
1615.6,-79.8
1617.6,-79.825
1619.5,-79.9
1621.5,-80.022
1623.4,-80.186
1625.4,-80.381
1627.4,-80.592
1629.3,-80.796
1631.3,-80.969
1633.2,-81.095
1635.2,-81.167
1637.1,-81.191
1639.1,-81.178
1641,-81.144
1643,-81.104
1644.9,-81.069
1646.9,-81.05
1648.8,-81.054
1650.8,-81.077
1652.7,-81.113
1654.7,-81.145
1656.7,-81.157
1658.6,-81.138
1660.6,-81.084
1662.5,-81.001
1664.5,-80.903
1666.4,-80.804
1668.4,-80.716
1670.3,-80.646
1672.3,-80.596
1674.2,-80.56
1676.2,-80.531
1678.1,-80.5
1680.1,-80.463
1682.1,-80.419
1684,-80.373
1686,-80.333
1687.9,-80.305
1689.9,-80.292
1691.8,-80.293
1693.8,-80.302
1695.7,-80.315
1697.7,-80.328
1699.6,-80.34
1701.6,-80.356
1703.5,-80.382
1705.5,-80.422
1707.4,-80.478
1709.4,-80.543
1711.4,-80.603
1713.3,-80.646
1715.3,-80.662
1717.2,-80.651
1719.2,-80.618
1721.1,-80.569
1723.1,-80.506
1725,-80.426
1727,-80.324
1728.9,-80.191
1730.9,-80.027
1732.8,-79.837
1734.8,-79.637
1736.8,-79.443
1738.7,-79.276
1740.7,-79.153
1742.6,-79.085
1744.6,-79.071
1746.5,-79.109
1748.5,-79.188
1750.4,-79.301
1752.4,-79.439
1754.3,-79.596
1756.3,-79.764
1758.2,-79.937
1760.2,-80.109
1762.1,-80.273
1764.1,-80.43
1766.1,-80.574
1768,-80.704
1770,-80.813
1771.9,-80.895
1773.9,-80.949
1775.8,-80.981
1777.8,-81
1779.7,-81.014
1781.7,-81.032
1783.6,-81.055
1785.6,-81.08
1787.5,-81.103
1789.5,-81.114
1791.5,-81.099
1793.4,-81.048
1795.4,-80.953
1797.3,-80.812
1799.3,-80.637
1801.2,-80.445
1803.2,-80.257
1805.1,-80.095
1807.1,-79.973
1809,-79.903
1811,-79.888
1812.9,-79.927
1814.9,-80.012
1816.8,-80.131
1818.8,-80.269
1820.8,-80.409
1822.7,-80.536
1824.7,-80.636
1826.6,-80.705
1828.6,-80.746
1830.5,-80.767
1832.5,-80.781
1834.4,-80.8
1836.4,-80.835
1838.3,-80.889
1840.3,-80.962
1842.2,-81.046
1844.2,-81.128
1846.2,-81.196
1848.1,-81.24
1850.1,-81.255
1852,-81.244
1854,-81.21
1855.9,-81.157
1857.9,-81.085
1859.8,-80.993
1861.8,-80.88
1863.7,-80.749
1865.7,-80.609
1867.6,-80.472
1869.6,-80.352
1871.6,-80.259
1873.5,-80.202
1875.5,-80.183
1877.4,-80.201
1879.4,-80.251
1881.3,-80.329
1883.3,-80.43
1885.2,-80.548
1887.2,-80.68
1889.1,-80.822
1891.1,-80.966
1893,-81.104
1895,-81.22
1896.9,-81.3
1898.9,-81.338
1900.9,-81.332
1902.8,-81.293
1904.8,-81.237
1906.7,-81.18
1908.7,-81.133
1910.6,-81.1
1912.6,-81.078
1914.5,-81.064
1916.5,-81.053
1918.4,-81.04
1920.4,-81.017
1922.3,-80.976
1924.3,-80.903
1926.3,-80.789
1928.2,-80.63
1930.2,-80.436
1932.1,-80.224
1934.1,-80.021
1936,-79.856
1938,-79.75
1939.9,-79.719
1941.9,-79.764
1943.8,-79.874
1945.8,-80.025
1947.7,-80.189
1949.7,-80.339
1951.6,-80.454
1953.6,-80.526
1955.6,-80.559
1957.5,-80.564
1959.5,-80.557
1961.4,-80.554
1963.4,-80.571
1965.3,-80.613
1967.3,-80.679
1969.2,-80.761
1971.2,-80.844
1973.1,-80.913
1975.1,-80.962
1977,-80.991
1979,-81.009
1981,-81.023
1982.9,-81.036
1984.9,-81.044
1986.8,-81.036
1988.8,-81.006
1990.7,-80.951
1992.7,-80.878
1994.6,-80.801
1996.6,-80.736
1998.5,-80.698
2000.5,-80.695
2002.4,-80.731
2004.4,-80.803
2006.3,-80.903
2008.3,-81.02
2010.3,-81.143
2012.2,-81.257
2014.2,-81.35
2016.1,-81.409
2018.1,-81.426
2020,-81.4
2022,-81.339
2023.9,-81.253
2025.9,-81.158
2027.8,-81.066
2029.8,-80.987
2031.7,-80.928
2033.7,-80.89
2035.7,-80.876
2037.6,-80.881
2039.6,-80.903
2041.5,-80.934
2043.5,-80.966
2045.4,-80.991
2047.4,-81.001
2049.3,-80.992
2051.3,-80.964
2053.2,-80.919
2055.2,-80.865
2057.1,-80.809
2059.1,-80.757
2061.1,-80.713
2063,-80.678
2065,-80.653
2066.9,-80.639
2068.9,-80.639
2070.8,-80.658
2072.8,-80.697
2074.7,-80.752
2076.7,-80.815
2078.6,-80.876
2080.6,-80.928
2082.5,-80.969
2084.5,-81
2086.4,-81.028
2088.4,-81.053
2090.4,-81.075
2092.3,-81.091
2094.3,-81.095
2096.2,-81.084
2098.2,-81.056
2100.1,-81.012
2102.1,-80.958
2104,-80.904
2106,-80.865
2107.9,-80.855
2109.9,-80.882
2111.8,-80.949
2113.8,-81.045
2115.8,-81.151
2117.7,-81.245
2119.7,-81.305
2121.6,-81.319
2123.6,-81.29
2125.5,-81.23
2127.5,-81.158
2129.4,-81.087
2131.4,-81.029
2133.3,-80.988
2135.3,-80.965
2137.2,-80.959
2139.2,-80.968
2141.1,-80.987
2143.1,-81.008
2145.1,-81.023
2147,-81.027
2149,-81.017
2150.9,-80.995
2152.9,-80.968
2154.8,-80.941
2156.8,-80.916
2158.7,-80.896
2160.7,-80.88
2162.6,-80.871
2164.6,-80.871
2166.5,-80.883
2168.5,-80.903
2170.5,-80.926
2172.4,-80.939
2174.4,-80.929
2176.3,-80.889
2178.3,-80.817
2180.2,-80.726
2182.2,-80.627
2184.1,-80.538
2186.1,-80.468
2188,-80.426
2190,-80.414
2191.9,-80.433
2193.9,-80.481
2195.8,-80.557
2197.8,-80.654
2199.8,-80.767
2201.7,-80.887
2203.7,-81.007
2205.6,-81.118
2207.6,-81.215
2209.5,-81.288
2211.5,-81.334
2213.4,-81.352
2215.4,-81.344
2217.3,-81.317
2219.3,-81.278
2221.2,-81.235
2223.2,-81.193
2225.2,-81.152
2227.1,-81.114
2229.1,-81.073
2231,-81.027
2233,-80.969
2234.9,-80.898
2236.9,-80.815
2238.8,-80.727
2240.8,-80.641
2242.7,-80.564
2244.7,-80.496
2246.6,-80.431
2248.6,-80.361
2250.5,-80.277
2252.5,-80.183
2254.5,-80.092
2256.4,-80.021
2258.4,-79.986
2260.3,-79.993
2262.3,-80.039
2264.2,-80.111
2266.2,-80.192
2268.1,-80.267
2270.1,-80.327
2272,-80.37
2274,-80.399
2275.9,-80.422
2277.9,-80.449
2279.9,-80.486
2281.8,-80.537
2283.8,-80.598
2285.7,-80.663
2287.7,-80.72
2289.6,-80.756
2291.6,-80.764
2293.5,-80.738
2295.5,-80.685
2297.4,-80.614
2299.4,-80.539
2301.3,-80.47
2303.3,-80.411
2305.3,-80.354
2307.2,-80.285
2309.2,-80.184
2311.1,-80.04
2313.1,-79.855
2315,-79.645
2317,-79.432
2318.9,-79.239
2320.9,-79.08
2322.8,-78.959
2324.8,-78.871
2326.7,-78.81
2328.7,-78.769
2330.6,-78.74
2332.6,-78.715
2334.6,-78.686
2336.5,-78.648
2338.5,-78.595
2340.4,-78.529
2342.4,-78.447
2344.3,-78.349
2346.3,-78.236
2348.2,-78.114
2350.2,-78.002
2352.1,-77.921
2354.1,-77.894
2356,-77.931
2358,-78.027
2360,-78.162
2361.9,-78.305
2363.9,-78.428
2365.8,-78.518
2367.8,-78.579
2369.7,-78.63
2371.7,-78.69
2373.6,-78.768
2375.6,-78.859
2377.5,-78.946
2379.5,-79.006
2381.4,-79.019
2383.4,-78.977
2385.3,-78.887
2387.3,-78.769
2389.3,-78.65
2391.2,-78.559
2393.2,-78.515
2395.1,-78.525
2397.1,-78.582
2399,-78.667
2401,-78.756
2402.9,-78.829
2404.9,-78.876
2406.8,-78.901
2408.8,-78.912
2410.7,-78.917
2412.7,-78.92
2414.7,-78.919
2416.6,-78.916
2418.6,-78.915
2420.5,-78.923
2422.5,-78.95
2424.4,-79.005
2426.4,-79.09
2428.3,-79.2
2430.3,-79.321
2432.2,-79.436
2434.2,-79.525
2436.1,-79.577
2438.1,-79.594
2440,-79.583
2442,-79.559
2444,-79.532
2445.9,-79.507
2447.9,-79.484
2449.8,-79.461
2451.8,-79.441
2453.7,-79.428
2455.7,-79.434
2457.6,-79.467
2459.6,-79.533
2461.5,-79.632
2463.5,-79.758
2465.4,-79.905
2467.4,-80.063
2469.4,-80.225
2471.3,-80.385
2473.3,-80.54
2475.2,-80.682
2477.2,-80.808
2479.1,-80.911
2481.1,-80.988
2483,-81.036
2485,-81.057
2486.9,-81.056
2488.9,-81.038
2490.8,-81.013
2492.8,-80.986
2494.7,-80.965
2496.7,-80.951
2498.7,-80.946
2500.6,-80.944
2502.6,-80.938
2504.5,-80.918
2506.5,-80.876
2508.4,-80.808
2510.4,-80.72
2512.3,-80.621
2514.3,-80.526
2516.2,-80.447
2518.2,-80.394
2520.1,-80.37
2522.1,-80.367
2524.1,-80.373
2526,-80.372
2528,-80.35
2529.9,-80.3
2531.9,-80.225
2533.8,-80.134
2535.8,-80.036
2537.7,-79.938
2539.7,-79.841
2541.6,-79.743
2543.6,-79.641
2545.5,-79.538
2547.5,-79.443
2549.5,-79.369
2551.4,-79.33
2553.4,-79.336
2555.3,-79.389
2557.3,-79.481
2559.2,-79.597
2561.2,-79.718
2563.1,-79.825
2565.1,-79.909
2567,-79.964
2569,-79.988
2570.9,-79.981
2572.9,-79.939
2574.8,-79.861
2576.8,-79.749
2578.8,-79.613
2580.7,-79.469
2582.7,-79.337
2584.6,-79.234
2586.6,-79.172
2588.5,-79.158
2590.5,-79.193
2592.4,-79.274
2594.4,-79.391
2596.3,-79.531
2598.3,-79.676
2600.2,-79.806
2602.2,-79.904
2604.2,-79.964
2606.1,-79.987
2608.1,-79.985
2610,-79.974
2612,-79.968
2613.9,-79.977
2615.9,-80.003
2617.8,-80.046
2619.8,-80.098
2621.7,-80.155
2623.7,-80.209
2625.6,-80.255
2627.6,-80.282
2629.5,-80.28
2631.5,-80.237
2633.5,-80.147
2635.4,-80.013
2637.4,-79.852
2639.3,-79.689
2641.3,-79.549
2643.2,-79.449
2645.2,-79.395
2647.1,-79.381
2649.1,-79.395
2651,-79.425
2653,-79.464
2654.9,-79.512
2656.9,-79.572
2658.9,-79.648
2660.8,-79.74
2662.8,-79.846
2664.7,-79.959
2666.7,-80.074
2668.6,-80.187
2670.6,-80.295
2672.5,-80.399
2674.5,-80.502
2676.4,-80.606
2678.4,-80.713
2680.3,-80.817
2682.3,-80.912
2684.2,-80.986
2686.2,-81.032
2688.2,-81.045
2690.1,-81.027
2692.1,-80.985
2694,-80.927
2696,-80.859
2697.9,-80.787
2699.9,-80.714
2701.8,-80.644
2703.8,-80.585
2705.7,-80.543
2707.7,-80.525
2709.6,-80.535
2711.6,-80.57
2713.6,-80.622
2715.5,-80.681
2717.5,-80.732
2719.4,-80.767
2721.4,-80.783
2723.3,-80.783
2725.3,-80.78
2727.2,-80.786
2729.2,-80.809
2731.1,-80.851
2733.1,-80.908
2735,-80.971
2737,-81.032
2738.9,-81.087
2740.9,-81.138
2742.9,-81.189
2744.8,-81.242
2746.8,-81.3
2748.7,-81.362
2750.7,-81.426
2752.6,-81.491
2754.6,-81.553
2756.5,-81.606
2758.5,-81.642
2760.4,-81.647
2762.4,-81.612
2764.3,-81.532
2766.3,-81.415
2768.3,-81.278
2770.2,-81.142
2772.2,-81.028
2774.1,-80.951
2776.1,-80.918
2778,-80.927
2780,-80.968
2781.9,-81.025
2783.9,-81.079
2785.8,-81.116
2787.8,-81.126
2789.7,-81.111
2791.7,-81.084
2793.7,-81.058
2795.6,-81.048
2797.6,-81.065
2799.5,-81.112
2801.5,-81.186
2803.4,-81.278
2805.4,-81.374
2807.3,-81.458
2809.3,-81.516
2811.2,-81.542
2813.2,-81.535
2815.1,-81.505
2817.1,-81.462
2819,-81.418
2821,-81.38
2823,-81.352
2824.9,-81.333
2826.9,-81.319
2828.8,-81.303
2830.8,-81.28
2832.7,-81.245
2834.7,-81.202
2836.6,-81.157
2838.6,-81.119
2840.5,-81.093
2842.5,-81.079
2844.4,-81.072
2846.4,-81.068
2848.4,-81.065
2850.3,-81.066
2852.3,-81.078
2854.2,-81.106
2856.2,-81.149
2858.1,-81.201
2860.1,-81.25
2862,-81.286
2864,-81.302
2865.9,-81.299
2867.9,-81.281
2869.8,-81.259
2871.8,-81.235
2873.7,-81.213
2875.7,-81.191
2877.7,-81.166
2879.6,-81.139
2881.6,-81.108
2883.5,-81.075
2885.5,-81.035
2887.4,-80.983
2889.4,-80.908
2891.3,-80.804
2893.3,-80.67
2895.2,-80.514
2897.2,-80.352
2899.1,-80.197
2901.1,-80.059
2903.1,-79.937
2905,-79.823
2907,-79.705
2908.9,-79.573
2910.9,-79.426
2912.8,-79.267
2914.8,-79.109
2916.7,-78.963
2918.7,-78.842
2920.6,-78.758
2922.6,-78.717
2924.5,-78.726
2926.5,-78.785
2928.4,-78.886
2930.4,-79.02
2932.4,-79.169
2934.3,-79.318
2936.3,-79.453
2938.2,-79.562
2940.2,-79.637
2942.1,-79.673
2944.1,-79.67
2946,-79.63
2948,-79.561
2949.9,-79.471
2951.9,-79.367
2953.8,-79.254
2955.8,-79.14
2957.8,-79.034
2959.7,-78.946
2961.7,-78.886
2963.6,-78.859
2965.6,-78.865
2967.5,-78.899
2969.5,-78.954
2971.4,-79.021
2973.4,-79.095
2975.3,-79.168
2977.3,-79.237
2979.2,-79.301
2981.2,-79.363
2983.2,-79.431
2985.1,-79.509
2987.1,-79.6
2989,-79.704
2991,-79.815
2992.9,-79.927
2994.9,-80.03
2996.8,-80.119
2998.8,-80.186
3000.7,-80.227
3002.7,-80.243
3004.6,-80.241
3006.6,-80.232
3008.5,-80.226
3010.5,-80.234
3012.5,-80.256
3014.4,-80.284
3016.4,-80.295
3018.3,-80.264
3020.3,-80.165
3022.2,-79.995
3024.2,-79.771
3026.1,-79.536
3028.1,-79.334
3030,-79.204
3032,-79.165
3033.9,-79.219
3035.9,-79.347
3037.9,-79.526
3039.8,-79.726
3041.8,-79.924
3043.7,-80.109
3045.7,-80.275
3047.6,-80.423
3049.6,-80.552
3051.5,-80.657
3053.5,-80.733
3055.4,-80.778
3057.4,-80.794
3059.3,-80.79
3061.3,-80.783
3063.2,-80.788
3065.2,-80.819
3067.2,-80.879
3069.1,-80.965
3071.1,-81.062
3073,-81.151
3075,-81.213
3076.9,-81.235
3078.9,-81.218
3080.8,-81.171
3082.8,-81.112
3084.7,-81.056
3086.7,-81.018
3088.6,-81.003
3090.6,-81.01
3092.6,-81.033
3094.5,-81.059
3096.5,-81.078
3098.4,-81.081
3100.4,-81.067
3102.3,-81.042
3104.3,-81.013
3106.2,-80.987
3108.2,-80.962
3110.1,-80.932
3112.1,-80.889
3114,-80.83
3116,-80.759
3117.9,-80.689
3119.9,-80.635
3121.9,-80.608
3123.8,-80.612
3125.8,-80.646
3127.7,-80.701
3129.7,-80.767
3131.6,-80.835
3133.6,-80.894
3135.5,-80.941
3137.5,-80.974
3139.4,-80.997
3141.4,-81.017
3143.3,-81.039
3145.3,-81.068
3147.3,-81.101
3149.2,-81.135
3151.2,-81.166
3153.1,-81.188
3155.1,-81.2
3157,-81.204
3159,-81.203
3160.9,-81.2
3162.9,-81.201
3164.8,-81.206
3166.8,-81.217
3168.7,-81.231
3170.7,-81.244
3172.6,-81.251
3174.6,-81.249
3176.6,-81.236
3178.5,-81.211
3180.5,-81.175
3182.4,-81.131
3184.4,-81.081
3186.3,-81.028
3188.3,-80.975
3190.2,-80.928
3192.2,-80.888
3194.1,-80.858
3196.1,-80.836
3198,-80.818
3200,-80.799
3202,-80.773
3203.9,-80.74
3205.9,-80.7
3207.8,-80.657
3209.8,-80.614
3211.7,-80.574
3213.7,-80.538
3215.6,-80.508
3217.6,-80.484
3219.5,-80.466
3221.5,-80.451
3223.4,-80.433
3225.4,-80.405
3227.4,-80.363
3229.3,-80.306
3231.3,-80.242
3233.2,-80.175
3235.2,-80.111
3237.1,-80.052
3239.1,-79.995
3241,-79.937
3243,-79.878
3244.9,-79.818
3246.9,-79.757
3248.8,-79.698
3250.8,-79.645
3252.7,-79.602
3254.7,-79.571
3256.7,-79.556
3258.6,-79.559
3260.6,-79.578
3262.5,-79.613
3264.5,-79.662
3266.4,-79.727
3268.4,-79.807
3270.3,-79.902
3272.3,-80.006
3274.2,-80.105
3276.2,-80.184
3278.1,-80.228
3280.1,-80.23
3282.1,-80.192
3284,-80.128
3286,-80.054
3287.9,-79.985
3289.9,-79.931
3291.8,-79.899
3293.8,-79.887
3295.7,-79.89
3297.7,-79.904
3299.6,-79.922
3301.6,-79.945
3303.5,-79.974
3305.5,-80.015
3307.4,-80.075
3309.4,-80.157
3311.4,-80.259
3313.3,-80.373
3315.3,-80.487
3317.2,-80.585
3319.2,-80.654
3321.1,-80.689
3323.1,-80.692
3325,-80.673
3327,-80.648
3328.9,-80.63
3330.9,-80.628
3332.8,-80.648
3334.8,-80.69
3336.8,-80.749
3338.7,-80.819
3340.7,-80.893
3342.6,-80.963
3344.6,-81.027
3346.5,-81.088
3348.5,-81.155
3350.4,-81.235
3352.4,-81.331
3354.3,-81.44
3356.3,-81.551
3358.2,-81.655
3360.2,-81.741
3362.1,-81.802
3364.1,-81.833
3366.1,-81.829
3368,-81.788
3370,-81.714
3371.9,-81.618
3373.9,-81.516
3375.8,-81.425
3377.8,-81.357
3379.7,-81.322
3381.7,-81.322
3383.6,-81.354
3385.6,-81.412
3387.5,-81.484
3389.5,-81.558
3391.5,-81.624
3393.4,-81.676
3395.4,-81.713
3397.3,-81.738
3399.3,-81.754
3401.2,-81.76
3403.2,-81.753
3405.1,-81.728
3407.1,-81.682
3409,-81.617
3411,-81.541
3412.9,-81.463
3414.9,-81.391
3416.8,-81.327
3418.8,-81.271
3420.8,-81.221
3422.7,-81.178
3424.7,-81.146
3426.6,-81.131
3428.6,-81.136
3430.5,-81.156
3432.5,-81.182
3434.4,-81.203
3436.4,-81.209
3438.3,-81.198
3440.3,-81.172
3442.2,-81.138
3444.2,-81.103
3446.2,-81.073
3448.1,-81.05
3450.1,-81.034
3452,-81.024
3454,-81.018
3455.9,-81.009
3457.9,-80.99
3459.8,-80.955
3461.8,-80.902
3463.7,-80.837
3465.7,-80.769
3467.6,-80.713
3469.6,-80.678
3471.6,-80.669
3473.5,-80.684
3475.5,-80.718
3477.4,-80.763
3479.4,-80.816
3481.3,-80.873
3483.3,-80.93
3485.2,-80.985
3487.2,-81.032
3489.1,-81.061
3491.1,-81.067
3493,-81.043
3495,-80.991
3496.9,-80.915
3498.9,-80.825
3500.9,-80.729
3502.8,-80.636
3504.8,-80.557
3506.7,-80.503
3508.7,-80.486
3510.6,-80.515
3512.6,-80.588
3514.5,-80.694
3516.5,-80.811
3518.4,-80.911
3520.4,-80.977
3522.3,-80.998
3524.3,-80.98
3526.3,-80.933
3528.2,-80.865
3530.2,-80.776
3532.1,-80.661
3534.1,-80.512
3536,-80.326
3538,-80.113
3539.9,-79.893
3541.9,-79.695
3543.8,-79.546
3545.8,-79.46
3547.7,-79.442
3549.7,-79.478
3551.6,-79.545
3553.6,-79.621
3555.6,-79.69
3557.5,-79.752
3559.5,-79.816
3561.4,-79.897
3563.4,-80.002
3565.3,-80.129
3567.3,-80.264
3569.2,-80.391
3571.2,-80.494
3573.1,-80.564
3575.1,-80.602
3577,-80.615
3579,-80.611
3581,-80.595
3582.9,-80.567
3584.9,-80.519
3586.8,-80.439
3588.8,-80.314
3590.7,-80.136
3592.7,-79.901
3594.6,-79.611
3596.6,-79.273
3598.5,-78.901
3600.5,-78.512
3602.4,-78.125
3604.4,-77.761
3606.3,-77.433
3608.3,-77.151
3610.3,-76.916
3612.2,-76.725
3614.2,-76.571
3616.1,-76.45
3618.1,-76.362
3620,-76.304
3622,-76.28
3623.9,-76.289
3625.9,-76.332
3627.8,-76.409
3629.8,-76.517
3631.7,-76.654
3633.7,-76.807
3635.7,-76.96
3637.6,-77.093
3639.6,-77.188
3641.5,-77.231
3643.5,-77.226
3645.4,-77.188
3647.4,-77.141
3649.3,-77.113
3651.3,-77.125
3653.2,-77.186
3655.2,-77.297
3657.1,-77.446
3659.1,-77.614
3661.1,-77.78
3663,-77.925
3665,-78.035
3666.9,-78.107
3668.9,-78.149
3670.8,-78.173
3672.8,-78.196
3674.7,-78.228
3676.7,-78.273
3678.6,-78.323
3680.6,-78.368
3682.5,-78.393
3684.5,-78.393
3686.4,-78.375
3688.4,-78.355
3690.4,-78.358
3692.3,-78.405
3694.3,-78.506
3696.2,-78.658
3698.2,-78.845
3700.1,-79.042
3702.1,-79.219
3704,-79.349
3706,-79.416
3707.9,-79.414
3709.9,-79.359
3711.8,-79.271
3713.8,-79.179
3715.8,-79.103
3717.7,-79.054
3719.7,-79.035
3721.6,-79.04
3723.6,-79.069
3725.5,-79.12
3727.5,-79.195
3729.4,-79.295
3731.4,-79.418
3733.3,-79.552
3735.3,-79.685
3737.2,-79.804
3739.2,-79.897
3741.1,-79.961
3743.1,-79.996
3745.1,-80.009
3747,-80.011
3749,-80.013
3750.9,-80.027
3752.9,-80.058
3754.8,-80.104
3756.8,-80.159
3758.7,-80.214
3760.7,-80.262
3762.6,-80.298
3764.6,-80.322
3766.5,-80.341
3768.5,-80.362
3770.5,-80.395
3772.4,-80.445
3774.4,-80.511
3776.3,-80.582
3778.3,-80.641
3780.2,-80.668
3782.2,-80.646
3784.1,-80.565
3786.1,-80.436
3788,-80.282
3790,-80.133
3791.9,-80.018
3793.9,-79.958
3795.8,-79.957
3797.8,-80.007
3799.8,-80.087
3801.7,-80.173
3803.7,-80.24
3805.6,-80.27
3807.6,-80.255
3809.5,-80.196
3811.5,-80.098
3813.4,-79.97
3815.4,-79.822
3817.3,-79.669
3819.3,-79.531
3821.2,-79.429
3823.2,-79.382
3825.2,-79.4
3827.1,-79.481
3829.1,-79.61
3831,-79.765
3833,-79.921
3834.9,-80.058
3836.9,-80.157
3838.8,-80.207
3840.8,-80.193
3842.7,-80.105
3844.7,-79.94
3846.6,-79.708
3848.6,-79.429
3850.5,-79.125
3852.5,-78.823
3854.5,-78.539
3856.4,-78.286
3858.4,-78.071
3860.3,-77.898
3862.3,-77.776
3864.2,-77.711
3866.2,-77.713
3868.1,-77.788
3870.1,-77.934
3872,-78.141
3874,-78.389
3875.9,-78.654
3877.9,-78.916
3879.9,-79.158
3881.8,-79.37
3883.8,-79.546
3885.7,-79.682
3887.7,-79.775
3889.6,-79.826
3891.6,-79.847
3893.5,-79.855
3895.5,-79.872
3897.4,-79.918
3899.4,-80.002
3901.3,-80.125
3903.3,-80.279
3905.3,-80.448
3907.2,-80.612
3909.2,-80.754
3911.1,-80.859
3913.1,-80.921
3915,-80.938
3917,-80.915
3918.9,-80.861
3920.9,-80.788
3922.8,-80.71
3924.8,-80.638
3926.7,-80.58
3928.7,-80.539
3930.6,-80.514
3932.6,-80.502
3934.6,-80.497
3936.5,-80.495
3938.5,-80.496
3940.4,-80.501
3942.4,-80.513
3944.3,-80.535
3946.3,-80.564
3948.2,-80.596
3950.2,-80.625
3952.1,-80.649
3954.1,-80.668
3956,-80.689
3958,-80.718
3960,-80.761
3961.9,-80.819
3963.9,-80.888
3965.8,-80.96
3967.8,-81.021
3969.7,-81.059
3971.7,-81.064
3973.6,-81.033
3975.6,-80.975
3977.5,-80.904
3979.5,-80.84
3981.4,-80.799
3983.4,-80.79
3985.3,-80.813
3987.3,-80.858
3989.3,-80.913
3991.2,-80.965
3993.2,-81.008
3995.1,-81.041
3997.1,-81.072
3999,-81.103
4001,-81.135
4002.9,-81.161
4004.9,-81.172
4006.8,-81.159
4008.8,-81.122
4010.7,-81.069
4012.7,-81.013
4014.7,-80.963
4016.6,-80.925
4018.6,-80.9
4020.5,-80.889
4022.5,-80.892
4024.4,-80.91
4026.4,-80.944
4028.3,-80.992
4030.3,-81.047
4032.2,-81.098
4034.2,-81.138
4036.1,-81.16
4038.1,-81.167
4040,-81.165
4042,-81.165
4044,-81.173
4045.9,-81.196
4047.9,-81.235
4049.8,-81.291
4051.8,-81.36
4053.7,-81.441
4055.7,-81.528
4057.6,-81.612
4059.6,-81.684
4061.5,-81.73
4063.5,-81.741
4065.4,-81.71
4067.4,-81.642
4069.4,-81.549
4071.3,-81.451
4073.3,-81.367
4075.2,-81.312
4077.2,-81.293
4079.1,-81.304
4081.1,-81.334
4083,-81.372
4085,-81.404
4086.9,-81.426
4088.9,-81.438
4090.8,-81.446
4092.8,-81.455
4094.7,-81.469
4096.7,-81.488
4098.7,-81.509
4100.6,-81.527
4102.6,-81.539
4104.5,-81.541
4106.5,-81.533
4108.4,-81.519
4110.4,-81.505
4112.3,-81.498
4114.3,-81.505
4116.2,-81.533
4118.2,-81.581
4120.1,-81.644
4122.1,-81.71
4124.1,-81.763
4126,-81.789
4128,-81.779
4129.9,-81.735
4131.9,-81.665
4133.8,-81.584
4135.8,-81.51
4137.7,-81.456
4139.7,-81.427
4141.6,-81.423
4143.6,-81.437
4145.5,-81.458
4147.5,-81.476
4149.5,-81.486
4151.4,-81.483
4153.4,-81.466
4155.3,-81.434
4157.3,-81.387
4159.2,-81.329
4161.2,-81.267
4163.1,-81.205
4165.1,-81.144
4167,-81.081
4169,-81.006
4170.9,-80.914
4172.9,-80.804
4174.8,-80.686
4176.8,-80.578
4178.8,-80.5
4180.7,-80.468
4182.7,-80.493
4184.6,-80.579
4186.6,-80.719
4188.5,-80.901
4190.5,-81.108
4192.4,-81.321
4194.4,-81.52
4196.3,-81.692
4198.3,-81.828
4200.2,-81.925
4202.2,-81.986
4204.2,-82.015
4206.1,-82.018
4208.1,-82.001
4210,-81.971
4212,-81.935
4213.9,-81.9
4215.9,-81.871
4217.8,-81.851
4219.8,-81.837
4221.7,-81.822
4223.7,-81.801
4225.6,-81.77
4227.6,-81.729
4229.5,-81.686
4231.5,-81.65
4233.5,-81.632
4235.4,-81.639
4237.4,-81.672
4239.3,-81.728
4241.3,-81.801
4243.2,-81.878
4245.2,-81.947
4247.1,-81.995
4249.1,-82.012
4251,-81.996
4253,-81.957
4254.9,-81.911
4256.9,-81.873
4258.9,-81.857
4260.8,-81.863
4262.8,-81.889
4264.7,-81.923
4266.7,-81.956
4268.6,-81.984
4270.6,-82.008
4272.5,-82.031
4274.5,-82.054
4276.4,-82.076
4278.4,-82.09
4280.3,-82.086
4282.3,-82.059
4284.2,-82.005
4286.2,-81.929
4288.2,-81.842
4290.1,-81.753
4292.1,-81.671
4294,-81.6
4296,-81.538
4297.9,-81.48
4299.9,-81.419
4301.8,-81.353
4303.8,-81.281
4305.7,-81.207
4307.7,-81.138
4309.6,-81.082
4311.6,-81.044
4313.6,-81.03
4315.5,-81.041
4317.5,-81.073
4319.4,-81.119
4321.4,-81.165
4323.3,-81.199
4325.3,-81.214
4327.2,-81.209
4329.2,-81.192
4331.1,-81.172
4333.1,-81.157
4335,-81.151
4337,-81.153
4338.9,-81.165
4340.9,-81.188
4342.9,-81.225
4344.8,-81.278
4346.8,-81.342
4348.7,-81.408
4350.7,-81.46
4352.6,-81.483
4354.6,-81.474
4356.5,-81.439
4358.5,-81.395
4360.4,-81.362
4362.4,-81.352
4364.3,-81.368
4366.3,-81.403
4368.3,-81.442
4370.2,-81.471
4372.2,-81.482
4374.1,-81.475
4376.1,-81.46
4378,-81.448
4380,-81.449
4381.9,-81.467
4383.9,-81.502
4385.8,-81.548
4387.8,-81.602
4389.7,-81.657
4391.7,-81.708
4393.7,-81.747
4395.6,-81.766
4397.6,-81.757
4399.5,-81.716
4401.5,-81.645
4403.4,-81.553
4405.4,-81.455
4407.3,-81.367
4409.3,-81.303
4411.2,-81.272
4413.2,-81.276
4415.1,-81.31
4417.1,-81.363
4419,-81.428
4421,-81.501
4423,-81.58
4424.9,-81.666
4426.9,-81.757
4428.8,-81.843
4430.8,-81.911
4432.7,-81.947
4434.7,-81.944
4436.6,-81.905
4438.6,-81.842
4440.5,-81.77
4442.5,-81.701
4444.4,-81.64
4446.4,-81.587
4448.4,-81.539
4450.3,-81.492
4452.3,-81.447
4454.2,-81.411
4456.2,-81.39
4458.1,-81.392
4460.1,-81.42
4462,-81.471
4464,-81.537
4465.9,-81.607
4467.9,-81.672
4469.8,-81.726
4471.8,-81.767
4473.7,-81.796
4475.7,-81.814
4477.7,-81.819
4479.6,-81.806
4481.6,-81.77
4483.5,-81.705
4485.5,-81.608
4487.4,-81.482
4489.4,-81.332
4491.3,-81.164
4493.3,-80.981
4495.2,-80.785
4497.2,-80.58
4499.1,-80.376
4501.1,-80.19
4503.1,-80.043
4505,-79.953
4507,-79.937
4508.9,-79.997
4510.9,-80.125
4512.8,-80.303
4514.8,-80.5
4516.7,-80.684
4518.7,-80.827
4520.6,-80.915
4522.6,-80.951
4524.5,-80.95
4526.5,-80.935
4528.4,-80.927
4530.4,-80.942
4532.4,-80.991
4534.3,-81.074
4536.3,-81.189
4538.2,-81.326
4540.2,-81.475
4542.1,-81.623
4544.1,-81.756
4546,-81.862
4548,-81.934
4549.9,-81.97
4551.9,-81.976
4553.8,-81.963
4555.8,-81.941
4557.8,-81.92
4559.7,-81.902
4561.7,-81.887
4563.6,-81.872
4565.6,-81.853
4567.5,-81.832
4569.5,-81.812
4571.4,-81.797
4573.4,-81.788
4575.3,-81.788
4577.3,-81.795
4579.2,-81.809
4581.2,-81.828
4583.2,-81.845
4585.1,-81.85
4587.1,-81.831
4589,-81.774
4591,-81.679
4592.9,-81.554
4594.9,-81.417
4596.8,-81.289
4598.8,-81.186
4600.7,-81.121
4602.7,-81.097
4604.6,-81.114
4606.6,-81.171
4608.5,-81.258
4610.5,-81.364
4612.5,-81.472
4614.4,-81.562
4616.4,-81.623
4618.3,-81.651
4620.3,-81.654
4622.2,-81.648
4624.2,-81.646
4626.1,-81.657
4628.1,-81.68
4630,-81.709
4632,-81.738
4633.9,-81.76
4635.9,-81.777
4637.9,-81.792
4639.8,-81.812
4641.8,-81.842
4643.7,-81.881
4645.7,-81.926
4647.6,-81.968
4649.6,-82
4651.5,-82.018
4653.5,-82.021
4655.4,-82.016
4657.4,-82.009
4659.3,-82.003
4661.3,-81.999
4663.2,-81.99
4665.2,-81.967
4667.2,-81.922
4669.1,-81.854
4671.1,-81.768
4673,-81.678
4675,-81.599
4676.9,-81.543
4678.9,-81.516
4680.8,-81.521
4682.8,-81.554
4684.7,-81.612
4686.7,-81.689
4688.6,-81.781
4690.6,-81.878
4692.6,-81.963
4694.5,-82.015
4696.5,-82.013
4698.4,-81.944
4700.4,-81.816
4702.3,-81.652
4704.3,-81.486
4706.2,-81.348
4708.2,-81.258
4710.1,-81.221
4712.1,-81.227
4714,-81.257
4716,-81.29
4717.9,-81.307
4719.9,-81.301
4721.9,-81.274
4723.8,-81.24
4725.8,-81.215
4727.7,-81.209
4729.7,-81.225
4731.6,-81.257
4733.6,-81.295
4735.5,-81.327
4737.5,-81.344
4739.4,-81.344
4741.4,-81.325
4743.3,-81.289
4745.3,-81.239
4747.3,-81.173
4749.2,-81.092
4751.2,-80.996
4753.1,-80.886
4755.1,-80.764
4757,-80.633
4759,-80.504
4760.9,-80.391
4762.9,-80.309
4764.8,-80.272
4766.8,-80.289
4768.7,-80.358
4770.7,-80.471
4772.6,-80.616
4774.6,-80.778
4776.6,-80.947
4778.5,-81.114
4780.5,-81.274
4782.4,-81.423
4784.4,-81.557
4786.3,-81.674
4788.3,-81.772
4790.2,-81.851
4792.2,-81.914
4794.1,-81.962
4796.1,-81.997
4798,-82.02
4800,-82.03
4802,-82.024
4803.9,-82.002
4805.9,-81.963
4807.8,-81.908
4809.8,-81.844
4811.7,-81.779
4813.7,-81.727
4815.6,-81.698
4817.6,-81.699
4819.5,-81.732
4821.5,-81.789
4823.4,-81.855
4825.4,-81.91
4827.4,-81.937
4829.3,-81.929
4831.3,-81.887
4833.2,-81.828
4835.2,-81.773
4837.1,-81.741
4839.1,-81.747
4841,-81.793
4843,-81.869
4844.9,-81.957
4846.9,-82.037
4848.8,-82.097
4850.8,-82.137
4852.7,-82.168
4854.7,-82.202
4856.7,-82.245
4858.6,-82.293
4860.6,-82.333
4862.5,-82.352
4864.5,-82.342
4866.4,-82.307
4868.4,-82.257
4870.3,-82.208
4872.3,-82.173
4874.2,-82.158
4876.2,-82.165
4878.1,-82.189
4880.1,-82.225
4882.1,-82.268
4884,-82.311
4886,-82.349
4887.9,-82.379
4889.9,-82.397
4891.8,-82.402
4893.8,-82.394
4895.7,-82.377
4897.7,-82.354
4899.6,-82.33
4901.6,-82.313
4903.5,-82.307
4905.5,-82.317
4907.4,-82.344
4909.4,-82.386
4911.4,-82.437
4913.3,-82.492
4915.3,-82.543
4917.2,-82.585
4919.2,-82.617
4921.1,-82.637
4923.1,-82.648
4925,-82.648
4927,-82.633
4928.9,-82.601
4930.9,-82.547
4932.8,-82.474
4934.8,-82.389
4936.8,-82.303
4938.7,-82.228
4940.7,-82.173
4942.6,-82.145
4944.6,-82.146
4946.5,-82.176
4948.5,-82.229
4950.4,-82.298
4952.4,-82.371
4954.3,-82.437
4956.3,-82.485
4958.2,-82.506
4960.2,-82.496
4962.1,-82.454
4964.1,-82.387
4966.1,-82.308
4968,-82.231
4970,-82.176
4971.9,-82.153
4973.9,-82.168
4975.8,-82.213
4977.8,-82.273
4979.7,-82.331
4981.7,-82.369
4983.6,-82.38
4985.6,-82.362
4987.5,-82.32
4989.5,-82.259
4991.5,-82.187
4993.4,-82.113
4995.4,-82.048
4997.3,-82.005
4999.3,-81.997
5001.2,-82.031
5003.2,-82.104
5005.1,-82.207
5007.1,-82.323
5009,-82.433
5011,-82.52
5012.9,-82.574
5014.9,-82.592
5016.8,-82.579
5018.8,-82.544
5020.8,-82.495
5022.7,-82.443
5024.7,-82.393
5026.6,-82.349
5028.6,-82.312
5030.5,-82.283
5032.5,-82.261
5034.4,-82.247
5036.4,-82.236
5038.3,-82.226
5040.3,-82.214
5042.2,-82.199
5044.2,-82.184
5046.2,-82.174
5048.1,-82.176
5050.1,-82.195
5052,-82.234
5054,-82.289
5055.9,-82.353
5057.9,-82.416
5059.8,-82.469
5061.8,-82.508
5063.7,-82.535
5065.7,-82.554
5067.6,-82.57
5069.6,-82.583
5071.6,-82.584
5073.5,-82.564
5075.5,-82.516
5077.4,-82.438
5079.4,-82.338
5081.3,-82.226
5083.3,-82.118
5085.2,-82.029
5087.2,-81.972
5089.1,-81.958
5091.1,-81.99
5093,-82.067
5095,-82.176
5096.9,-82.299
5098.9,-82.41
5100.9,-82.489
5102.8,-82.522
5104.8,-82.508
5106.7,-82.459
5108.7,-82.393
5110.6,-82.33
5112.6,-82.281
5114.5,-82.252
5116.5,-82.242
5118.4,-82.241
5120.4,-82.238
5122.3,-82.226
5124.3,-82.199
5126.3,-82.158
5128.2,-82.108
5130.2,-82.054
5132.1,-82
5134.1,-81.948
5136,-81.903
5138,-81.867
5139.9,-81.848
5141.9,-81.85
5143.8,-81.876
5145.8,-81.924
5147.7,-81.987
5149.7,-82.058
5151.6,-82.128
5153.6,-82.193
5155.6,-82.249
5157.5,-82.292
5159.5,-82.314
5161.4,-82.306
5163.4,-82.26
5165.3,-82.178
5167.3,-82.071
5169.2,-81.959
5171.2,-81.866
5173.1,-81.808
5175.1,-81.797
5177,-81.834
5179,-81.913
5181,-82.021
5182.9,-82.142
5184.9,-82.259
5186.8,-82.354
5188.8,-82.415
5190.7,-82.435
5192.7,-82.417
5194.6,-82.373
5196.6,-82.314
5198.5,-82.253
5200.5,-82.199
5202.4,-82.154
5204.4,-82.116
5206.3,-82.078
5208.3,-82.031
5210.3,-81.968
5212.2,-81.886
5214.2,-81.786
5216.1,-81.677
5218.1,-81.574
5220,-81.494
5222,-81.451
5223.9,-81.455
5225.9,-81.503
5227.8,-81.582
5229.8,-81.674
5231.7,-81.757
5233.7,-81.817
5235.7,-81.851
5237.6,-81.862
5239.6,-81.86
5241.5,-81.853
5243.5,-81.846
5245.4,-81.84
5247.4,-81.837
5249.3,-81.842
5251.3,-81.86
5253.2,-81.899
5255.2,-81.961
5257.1,-82.043
5259.1,-82.134
5261.1,-82.217
5263,-82.271
5265,-82.285
5266.9,-82.26
5268.9,-82.208
5270.8,-82.15
5272.8,-82.104
5274.7,-82.081
5276.7,-82.083
5278.6,-82.107
5280.6,-82.145
5282.5,-82.193
5284.5,-82.244
5286.4,-82.294
5288.4,-82.334
5290.4,-82.357
5292.3,-82.355
5294.3,-82.324
5296.2,-82.27
5298.2,-82.206
5300.1,-82.148
5302.1,-82.111
5304,-82.102
5306,-82.122
5307.9,-82.161
5309.9,-82.204
5311.8,-82.238
5313.8,-82.25
5315.8,-82.236
5317.7,-82.198
5319.7,-82.147
5321.6,-82.093
5323.6,-82.05
5325.5,-82.03
5327.5,-82.04
5329.4,-82.083
5331.4,-82.155
5333.3,-82.243
5335.3,-82.33
5337.2,-82.396
5339.2,-82.422
5341.1,-82.399
5343.1,-82.332
5345.1,-82.237
5347,-82.138
5349,-82.059
5350.9,-82.016
5352.9,-82.017
5354.8,-82.058
5356.8,-82.129
5358.7,-82.214
5360.7,-82.299
5362.6,-82.372
5364.6,-82.426
5366.5,-82.46
5368.5,-82.471
5370.5,-82.458
5372.4,-82.421
5374.4,-82.36
5376.3,-82.283
5378.3,-82.201
5380.2,-82.128
5382.2,-82.078
5384.1,-82.057
5386.1,-82.069
5388,-82.107
5390,-82.161
5391.9,-82.22
5393.9,-82.278
5395.8,-82.337
5397.8,-82.399
5399.8,-82.47
5401.7,-82.547
5403.7,-82.621
5405.6,-82.681
5407.6,-82.713
5409.5,-82.711
5411.5,-82.674
5413.4,-82.611
5415.4,-82.532
5417.3,-82.448
5419.3,-82.37
5421.2,-82.306
5423.2,-82.26
5425.2,-82.231
5427.1,-82.215
5429.1,-82.203
5431,-82.191
5433,-82.177
5434.9,-82.165
5436.9,-82.161
5438.8,-82.168
5440.8,-82.186
5442.7,-82.216
5444.7,-82.253
5446.6,-82.295
5448.6,-82.337
5450.5,-82.371
5452.5,-82.384
5454.5,-82.363
5456.4,-82.301
5458.4,-82.199
5460.3,-82.07
5462.3,-81.933
5464.2,-81.809
5466.2,-81.717
5468.1,-81.666
5470.1,-81.659
5472,-81.691
5474,-81.752
5475.9,-81.829
5477.9,-81.913
5479.9,-81.997
5481.8,-82.075
5483.8,-82.146
5485.7,-82.211
5487.7,-82.271
5489.6,-82.327
5491.6,-82.379
5493.5,-82.423
5495.5,-82.452
5497.4,-82.457
5499.4,-82.433
5501.3,-82.377
5503.3,-82.296
5505.3,-82.2
5507.2,-82.1
5509.2,-82.008
5511.1,-81.929
5513.1,-81.868
5515,-81.827
5517,-81.809
5518.9,-81.816
5520.9,-81.848
5522.8,-81.902
5524.8,-81.974
5526.7,-82.053
5528.7,-82.127
5530.6,-82.182
5532.6,-82.208
5534.6,-82.205
5536.5,-82.178
5538.5,-82.139
5540.4,-82.104
5542.4,-82.081
5544.3,-82.073
5546.3,-82.076
5548.2,-82.078
5550.2,-82.071
5552.1,-82.046
5554.1,-81.996
5556,-81.918
5558,-81.813
5560,-81.683
5561.9,-81.535
5563.9,-81.377
5565.8,-81.217
5567.8,-81.066
5569.7,-80.932
5571.7,-80.823
5573.6,-80.74
5575.6,-80.683
5577.5,-80.645
5579.5,-80.617
5581.4,-80.593
5583.4,-80.566
5585.3,-80.538
5587.3,-80.513
5589.3,-80.495
5591.2,-80.486
5593.2,-80.484
5595.1,-80.485
5597.1,-80.478
5599,-80.455
5601,-80.409
5602.9,-80.345
5604.9,-80.272
5606.8,-80.205
5608.8,-80.16
5610.7,-80.145
5612.7,-80.159
5614.7,-80.197
5616.6,-80.247
5618.6,-80.297
5620.5,-80.338
5622.5,-80.365
5624.4,-80.383
5626.4,-80.398
5628.3,-80.42
5630.3,-80.454
5632.2,-80.501
5634.2,-80.558
5636.1,-80.616
5638.1,-80.669
5640,-80.714
5642,-80.745
5644,-80.764
5645.9,-80.769
5647.9,-80.764
5649.8,-80.757
5651.8,-80.754
5653.7,-80.765
5655.7,-80.8
5657.6,-80.861
5659.6,-80.951
5661.5,-81.064
5663.5,-81.192
5665.4,-81.322
5667.4,-81.438
5669.4,-81.527
5671.3,-81.581
5673.3,-81.596
5675.2,-81.579
5677.2,-81.536
5679.1,-81.479
5681.1,-81.416
5683,-81.356
5685,-81.307
5686.9,-81.278
5688.9,-81.277
5690.8,-81.312
5692.8,-81.383
5694.7,-81.483
5696.7,-81.6
5698.7,-81.72
5700.6,-81.833
5702.6,-81.934
5704.5,-82.021
5706.5,-82.098
5708.4,-82.166
5710.4,-82.224
5712.3,-82.268
5714.3,-82.294
5716.2,-82.296
5718.2,-82.274
5720.1,-82.234
5722.1,-82.185
5724.1,-82.144
5726,-82.125
5728,-82.139
5729.9,-82.188
5731.9,-82.265
5733.8,-82.358
5735.8,-82.451
5737.7,-82.535
5739.7,-82.604
5741.6,-82.658
5743.6,-82.695
5745.5,-82.714
5747.5,-82.709
5749.5,-82.677
5751.4,-82.618
5753.4,-82.541
5755.3,-82.458
5757.3,-82.383
5759.2,-82.321
5761.2,-82.274
5763.1,-82.239
5765.1,-82.212
5767,-82.196
5769,-82.198
5770.9,-82.223
5772.9,-82.275
5774.8,-82.349
5776.8,-82.434
5778.8,-82.516
5780.7,-82.581
5782.7,-82.623
5784.6,-82.642
5786.6,-82.644
5788.5,-82.637
5790.5,-82.628
5792.4,-82.625
5794.4,-82.632
5796.3,-82.653
5798.3,-82.693
5800.2,-82.75
5802.2,-82.822
5804.2,-82.899
5806.1,-82.973
5808.1,-83.034
5810,-83.075
5812,-83.097
5813.9,-83.1
5815.9,-83.09
5817.8,-83.069
5819.8,-83.038
5821.7,-82.997
5823.7,-82.948
5825.6,-82.892
5827.6,-82.83
5829.5,-82.768
5831.5,-82.707
5833.5,-82.65
5835.4,-82.598
5837.4,-82.55
5839.3,-82.509
5841.3,-82.478
5843.2,-82.46
5845.2,-82.459
5847.1,-82.474
5849.1,-82.5
5851,-82.528
5853,-82.547
5854.9,-82.551
5856.9,-82.535
5858.9,-82.502
5860.8,-82.461
5862.8,-82.422
5864.7,-82.398
5866.7,-82.395
5868.6,-82.418
5870.6,-82.462
5872.5,-82.521
5874.5,-82.589
5876.4,-82.66
5878.4,-82.729
5880.3,-82.796
5882.3,-82.859
5884.2,-82.918
5886.2,-82.97
5888.2,-83.016
5890.1,-83.051
5892.1,-83.077
5894,-83.093
5896,-83.102
5897.9,-83.106
5899.9,-83.108
5901.8,-83.106
5903.8,-83.096
5905.7,-83.073
5907.7,-83.032
5909.6,-82.974
5911.6,-82.908
5913.6,-82.848
5915.5,-82.807
5917.5,-82.796
5919.4,-82.813
5921.4,-82.847
5923.3,-82.884
5925.3,-82.909
5927.2,-82.911
5929.2,-82.89
5931.1,-82.852
5933.1,-82.81
5935,-82.775
5937,-82.759
5938.9,-82.766
5940.9,-82.797
5942.9,-82.844
5944.8,-82.896
5946.8,-82.938
5948.7,-82.956
5950.7,-82.943
5952.6,-82.903
5954.6,-82.852
5956.5,-82.809
5958.5,-82.792
5960.4,-82.81
5962.4,-82.857
5964.3,-82.922
5966.3,-82.988
5968.3,-83.042
5970.2,-83.077
5972.2,-83.097
5974.1,-83.105
5976.1,-83.106
5978,-83.101
5980,-83.088
5981.9,-83.063
5983.9,-83.028
5985.8,-82.985
5987.8,-82.94
5989.7,-82.901
5991.7,-82.877
5993.7,-82.874
5995.6,-82.896
5997.6,-82.943
5999.5,-83.01
6001.5,-83.086
6003.4,-83.159
6005.4,-83.218
6007.3,-83.256
6009.3,-83.275
6011.2,-83.279
6013.2,-83.28
6015.1,-83.283
6017.1,-83.291
6019,-83.298
6021,-83.296
6023,-83.278
6024.9,-83.243
6026.9,-83.198
6028.8,-83.154
6030.8,-83.123
6032.7,-83.113
6034.7,-83.124
6036.6,-83.149
6038.6,-83.18
6040.5,-83.21
6042.5,-83.237
6044.4,-83.259
6046.4,-83.281
6048.4,-83.304
6050.3,-83.327
6052.3,-83.349
6054.2,-83.368
6056.2,-83.387
6058.1,-83.408
6060.1,-83.437
6062,-83.475
6064,-83.523
6065.9,-83.574
6067.9,-83.62
6069.8,-83.65
6071.8,-83.657
6073.7,-83.639
6075.7,-83.598
6077.7,-83.546
6079.6,-83.496
6081.6,-83.46
6083.5,-83.449
6085.5,-83.465
6087.4,-83.503
6089.4,-83.552
6091.3,-83.6
6093.3,-83.641
6095.2,-83.671
6097.2,-83.693
6099.1,-83.712
6101.1,-83.732
6103.1,-83.753
6105,-83.773
6107,-83.789
6108.9,-83.8
6110.9,-83.807
6112.8,-83.815
6114.8,-83.83
6116.7,-83.857
6118.7,-83.893
6120.6,-83.928
6122.6,-83.948
6124.5,-83.942
6126.5,-83.906
6128.4,-83.847
6130.4,-83.78
6132.4,-83.722
6134.3,-83.683
6136.3,-83.667
6138.2,-83.671
6140.2,-83.688
6142.1,-83.707
6144.1,-83.721
6146,-83.726
6148,-83.721
6149.9,-83.712
6151.9,-83.705
6153.8,-83.709
6155.8,-83.731
6157.8,-83.771
6159.7,-83.828
6161.7,-83.896
6163.6,-83.965
6165.6,-84.026
6167.5,-84.07
6169.5,-84.093
6171.4,-84.095
6173.4,-84.08
6175.3,-84.055
6177.3,-84.029
6179.2,-84.009
6181.2,-83.999
6183.2,-84.001
6185.1,-84.012
6187.1,-84.027
6189,-84.044
6191,-84.057
6192.9,-84.064
6194.9,-84.064
6196.8,-84.052
6198.8,-84.024
6200.7,-83.978
6202.7,-83.917
6204.6,-83.853
6206.6,-83.798
6208.5,-83.768
6210.5,-83.772
6212.5,-83.812
6214.4,-83.882
6216.4,-83.969
6218.3,-84.059
6220.3,-84.139
6222.2,-84.205
6224.2,-84.254
6226.1,-84.29
6228.1,-84.312
6230,-84.321
6232,-84.315
6233.9,-84.296
6235.9,-84.264
6237.9,-84.228
6239.8,-84.193
6241.8,-84.169
6243.7,-84.159
6245.7,-84.162
6247.6,-84.175
6249.6,-84.19
6251.5,-84.203
6253.5,-84.212
6255.4,-84.218
6257.4,-84.224
6259.3,-84.234
6261.3,-84.252
6263.2,-84.277
6265.2,-84.308
6267.2,-84.34
6269.1,-84.368
6271.1,-84.386
6273,-84.392
6275,-84.387
6276.9,-84.375
6278.9,-84.362
6280.8,-84.352
6282.8,-84.351
6284.7,-84.361
6286.7,-84.383
6288.6,-84.418
6290.6,-84.465
6292.6,-84.522
6294.5,-84.584
6296.5,-84.646
6298.4,-84.703
6300.4,-84.748
6302.3,-84.778
6304.3,-84.788
6306.2,-84.774
6308.2,-84.74
6310.1,-84.695
6312.1,-84.65
6314,-84.619
6316,-84.61
6317.9,-84.624
6319.9,-84.656
6321.9,-84.695
6323.8,-84.733
6325.8,-84.765
6327.7,-84.79
6329.7,-84.81
6331.6,-84.827
6333.6,-84.836
6335.5,-84.835
6337.5,-84.818
6339.4,-84.789
6341.4,-84.753
6343.3,-84.723
6345.3,-84.708
6347.3,-84.716
6349.2,-84.75
6351.2,-84.803
6353.1,-84.868
6355.1,-84.936
6357,-84.996
6359,-85.046
6360.9,-85.082
6362.9,-85.108
6364.8,-85.126
6366.8,-85.139
6368.7,-85.146
6370.7,-85.148
6372.6,-85.144
6374.6,-85.137
6376.6,-85.132
6378.5,-85.137
6380.5,-85.161
6382.4,-85.206
6384.4,-85.268
6386.3,-85.338
6388.3,-85.399
6390.2,-85.439
6392.2,-85.448
6394.1,-85.432
6396.1,-85.402
6398,-85.375
6400,-85.364
6402,-85.374
6403.9,-85.406
6405.9,-85.453
6407.8,-85.507
6409.8,-85.559
6411.7,-85.603
6413.7,-85.632
6415.6,-85.64
6417.6,-85.623
6419.5,-85.581
6421.5,-85.521
6423.4,-85.456
6425.4,-85.406
6427.4,-85.383
6429.3,-85.396
6431.3,-85.443
6433.2,-85.512
6435.2,-85.586
6437.1,-85.649
6439.1,-85.693
6441,-85.718
6443,-85.731
6444.9,-85.745
6446.9,-85.772
6448.8,-85.822
6450.8,-85.897
6452.7,-85.993
6454.7,-86.102
6456.7,-86.21
6458.6,-86.307
6460.6,-86.381
6462.5,-86.427
6464.5,-86.444
6466.4,-86.437
6468.4,-86.416
6470.3,-86.392
6472.3,-86.374
6474.2,-86.365
6476.2,-86.363
6478.1,-86.363
6480.1,-86.359
6482.1,-86.351
6484,-86.34
6486,-86.332
6487.9,-86.332
6489.9,-86.342
6491.8,-86.363
6493.8,-86.393
6495.7,-86.431
6497.7,-86.475
6499.6,-86.525
6501.6,-86.58
6503.5,-86.634
6505.5,-86.679
6507.4,-86.706
6509.4,-86.708
6511.4,-86.687
6513.3,-86.652
6515.3,-86.62
6517.2,-86.607
6519.2,-86.625
6521.1,-86.672
6523.1,-86.737
6525,-86.805
6527,-86.859
6528.9,-86.891
6530.9,-86.905
6532.8,-86.907
6534.8,-86.91
6536.8,-86.922
6538.7,-86.946
6540.7,-86.983
6542.6,-87.032
6544.6,-87.09
6546.5,-87.153
6548.5,-87.218
6550.4,-87.277
6552.4,-87.327
6554.3,-87.361
6556.3,-87.38
6558.2,-87.387
6560.2,-87.39
6562.1,-87.393
6564.1,-87.398
6566.1,-87.403
6568,-87.398
6570,-87.376
6571.9,-87.329
6573.9,-87.259
6575.8,-87.171
6577.8,-87.08
6579.7,-87
6581.7,-86.94
6583.6,-86.908
6585.6,-86.907
6587.5,-86.937
6589.5,-86.997
6591.5,-87.083
6593.4,-87.187
6595.4,-87.296
6597.3,-87.394
6599.3,-87.462
6601.2,-87.491
6603.2,-87.482
6605.1,-87.447
6607.1,-87.4
6609,-87.355
6611,-87.32
6612.9,-87.295
6614.9,-87.282
6616.8,-87.279
6618.8,-87.293
6620.8,-87.331
6622.7,-87.401
6624.7,-87.505
6626.6,-87.636
6628.6,-87.777
6630.5,-87.905
6632.5,-88.004
6634.4,-88.063
6636.4,-88.087
6638.3,-88.088
6640.3,-88.078
6642.2,-88.063
6644.2,-88.046
6646.2,-88.025
6648.1,-88.003
6650.1,-87.982
6652,-87.97
6654,-87.972
6655.9,-87.99
6657.9,-88.023
6659.8,-88.063
6661.8,-88.103
6663.7,-88.134
6665.7,-88.153
6667.6,-88.157
6669.6,-88.149
6671.6,-88.126
6673.5,-88.086
6675.5,-88.026
6677.4,-87.944
6679.4,-87.843
6681.3,-87.731
6683.3,-87.619
6685.2,-87.519
6687.2,-87.447
6689.1,-87.416
6691.1,-87.437
6693,-87.518
6695,-87.66
6696.9,-87.856
6698.9,-88.091
6700.9,-88.341
6702.8,-88.582
6704.8,-88.79
6706.7,-88.948
6708.7,-89.052
6710.6,-89.108
6712.6,-89.133
6714.5,-89.146
6716.5,-89.163
6718.4,-89.191
6720.4,-89.23
6722.3,-89.276
6724.3,-89.321
6726.3,-89.361
6728.2,-89.398
6730.2,-89.436
6732.1,-89.48
6734.1,-89.531
6736,-89.583
6738,-89.626
6739.9,-89.65
6741.9,-89.646
6743.8,-89.614
6745.8,-89.561
6747.7,-89.496
6749.7,-89.43
6751.6,-89.37
6753.6,-89.322
6755.6,-89.287
6757.5,-89.266
6759.5,-89.257
6761.4,-89.259
6763.4,-89.264
6765.3,-89.264
6767.3,-89.249
6769.2,-89.212
6771.2,-89.151
6773.1,-89.068
6775.1,-88.973
6777,-88.876
6779,-88.788
6781,-88.718
6782.9,-88.669
6784.9,-88.645
6786.8,-88.645
6788.8,-88.672
6790.7,-88.724
6792.7,-88.798
6794.6,-88.885
6796.6,-88.972
6798.5,-89.038
6800.5,-89.061
6802.4,-89.019
6804.4,-88.898
6806.3,-88.705
6808.3,-88.464
6810.3,-88.216
6812.2,-87.999
6814.2,-87.847
6816.1,-87.777
6818.1,-87.789
6820,-87.87
6822,-87.993
6823.9,-88.125
6825.9,-88.235
6827.8,-88.3
6829.8,-88.317
6831.7,-88.3
6833.7,-88.279
6835.7,-88.291
6837.6,-88.369
6839.6,-88.533
6841.5,-88.789
6843.5,-89.126
6845.4,-89.52
6847.4,-89.941
6849.3,-90.356
6851.3,-90.741
6853.2,-91.08
6855.2,-91.368
6857.1,-91.602
6859.1,-91.782
6861.1,-91.905
6863,-91.975
6865,-91.997
6866.9,-91.98
6868.9,-91.935
6870.8,-91.87
6872.8,-91.79
6874.7,-91.7
6876.7,-91.607
6878.6,-91.522
6880.6,-91.459
6882.5,-91.433
6884.5,-91.456
6886.4,-91.531
6888.4,-91.657
6890.4,-91.822
6892.3,-92.01
6894.3,-92.206
6896.2,-92.395
6898.2,-92.574
6900.1,-92.744
6902.1,-92.911
6904,-93.08
6906,-93.254
6907.9,-93.432
6909.9,-93.605
6911.8,-93.76
6913.8,-93.879
6915.8,-93.95
6917.7,-93.968
6919.7,-93.943
6921.6,-93.899
6923.6,-93.859
6925.5,-93.843
6927.5,-93.862
6929.4,-93.916
6931.4,-93.997
6933.3,-94.098
6935.3,-94.212
6937.2,-94.334
6939.2,-94.461
6941.1,-94.586
6943.1,-94.7
6945.1,-94.79
6947,-94.849
6949,-94.87
6950.9,-94.855
6952.9,-94.807
6954.8,-94.734
6956.8,-94.645
6958.7,-94.549
6960.7,-94.457
6962.6,-94.378
6964.6,-94.32
6966.5,-94.291
6968.5,-94.293
6970.5,-94.331
6972.4,-94.404
6974.4,-94.508
6976.3,-94.635
6978.3,-94.772
6980.2,-94.906
6982.2,-95.029
6984.1,-95.144
6986.1,-95.26
6988,-95.388
6990,-95.534
6991.9,-95.689
6993.9,-95.838
6995.8,-95.96
6997.8,-96.043
6999.8,-96.093
7001.7,-96.127
7003.7,-96.167
7005.6,-96.225
7007.6,-96.302
7009.5,-96.389
7011.5,-96.466
7013.4,-96.516
7015.4,-96.532
7017.3,-96.515
7019.3,-96.476
7021.2,-96.428
7023.2,-96.384
7025.2,-96.352
7027.1,-96.337
7029.1,-96.344
7031,-96.378
7033,-96.446
7034.9,-96.552
7036.9,-96.699
7038.8,-96.881
7040.8,-97.085
7042.7,-97.29
7044.7,-97.474
7046.6,-97.615
7048.6,-97.704
7050.5,-97.742
7052.5,-97.74
7054.5,-97.713
7056.4,-97.674
7058.4,-97.633
7060.3,-97.594
7062.3,-97.564
7064.2,-97.546
7066.2,-97.548
7068.1,-97.58
7070.1,-97.647
7072,-97.755
7074,-97.903
7075.9,-98.086
7077.9,-98.293
7079.9,-98.511
7081.8,-98.723
7083.8,-98.911
7085.7,-99.062
7087.7,-99.169
7089.6,-99.233
7091.6,-99.266
7093.5,-99.281
7095.5,-99.293
7097.4,-99.312
7099.4,-99.343
7101.3,-99.388
7103.3,-99.445
7105.3,-99.516
7107.2,-99.597
7109.2,-99.685
7111.1,-99.775
7113.1,-99.86
7115,-99.934
7117,-99.993
7118.9,-100.04
7120.9,-100.07
7122.8,-100.09
7124.8,-100.11
7126.7,-100.12
7128.7,-100.14
7130.6,-100.16
7132.6,-100.2
7134.6,-100.25
7136.5,-100.32
7138.5,-100.39
7140.4,-100.46
7142.4,-100.53
7144.3,-100.59
7146.3,-100.63
7148.2,-100.66
7150.2,-100.69
7152.1,-100.72
7154.1,-100.75
7156,-100.8
7158,-100.87
7160,-100.96
7161.9,-101.06
7163.9,-101.17
7165.8,-101.29
7167.8,-101.39
7169.7,-101.48
7171.7,-101.56
7173.6,-101.64
7175.6,-101.71
7177.5,-101.78
7179.5,-101.85
7181.4,-101.92
7183.4,-102
7185.3,-102.07
7187.3,-102.14
7189.3,-102.18
7191.2,-102.2
7193.2,-102.19
7195.1,-102.16
7197.1,-102.11
7199,-102.05
7201,-102.01
7202.9,-101.99
7204.9,-102
7206.8,-102.04
7208.8,-102.12
7210.7,-102.24
7212.7,-102.4
7214.7,-102.6
7216.6,-102.82
7218.6,-103.05
7220.5,-103.28
7222.5,-103.51
7224.4,-103.73
7226.4,-103.94
7228.3,-104.12
7230.3,-104.24
7232.2,-104.3
7234.2,-104.29
7236.1,-104.23
7238.1,-104.13
7240,-104
7242,-103.87
7244,-103.75
7245.9,-103.63
7247.9,-103.51
7249.8,-103.41
7251.8,-103.32
7253.7,-103.25
7255.7,-103.22
7257.6,-103.23
7259.6,-103.31
7261.5,-103.44
7263.5,-103.62
7265.4,-103.84
7267.4,-104.07
7269.4,-104.28
7271.3,-104.46
7273.3,-104.62
7275.2,-104.75
7277.2,-104.87
7279.1,-104.97
7281.1,-105.04
7283,-105.08
7285,-105.09
7286.9,-105.06
7288.9,-105.02
7290.8,-105
7292.8,-105
7294.7,-105.04
7296.7,-105.13
7298.7,-105.27
7300.6,-105.46
7302.6,-105.7
7304.5,-105.97
7306.5,-106.28
7308.4,-106.59
7310.4,-106.9
7312.3,-107.19
7314.3,-107.42
7316.2,-107.6
7318.2,-107.71
7320.1,-107.76
7322.1,-107.77
7324.1,-107.76
7326,-107.74
7328,-107.74
7329.9,-107.77
7331.9,-107.82
7333.8,-107.9
7335.8,-108
7337.7,-108.11
7339.7,-108.22
7341.6,-108.34
7343.6,-108.45
7345.5,-108.55
7347.5,-108.65
7349.5,-108.76
7351.4,-108.88
7353.4,-109.02
7355.3,-109.18
7357.3,-109.36
7359.2,-109.55
7361.2,-109.74
7363.1,-109.91
7365.1,-110.05
7367,-110.15
7369,-110.22
7370.9,-110.26
7372.9,-110.3
7374.8,-110.35
7376.8,-110.44
7378.8,-110.57
7380.7,-110.73
7382.7,-110.92
7384.6,-111.13
7386.6,-111.34
7388.5,-111.53
7390.5,-111.71
7392.4,-111.85
7394.4,-111.97
7396.3,-112.07
7398.3,-112.18
7400.2,-112.3
7402.2,-112.44
7404.2,-112.58
7406.1,-112.72
7408.1,-112.84
7410,-112.93
7412,-112.98
7413.9,-113.02
7415.9,-113.04
7417.8,-113.08
7419.8,-113.15
7421.7,-113.24
7423.7,-113.37
7425.6,-113.51
7427.6,-113.68
7429.5,-113.85
7431.5,-114.03
7433.5,-114.21
7435.4,-114.38
7437.4,-114.54
7439.3,-114.68
7441.3,-114.81
7443.2,-114.92
7445.2,-115.01
7447.1,-115.08
7449.1,-115.14
7451,-115.21
7453,-115.3
7454.9,-115.41
7456.9,-115.55
7458.9,-115.71
7460.8,-115.87
7462.8,-116.03
7464.7,-116.16
7466.7,-116.28
7468.6,-116.38
7470.6,-116.45
7472.5,-116.52
7474.5,-116.57
7476.4,-116.62
7478.4,-116.67
7480.3,-116.72
7482.3,-116.78
7484.2,-116.87
7486.2,-116.97
7488.2,-117.09
7490.1,-117.22
7492.1,-117.35
7494,-117.48
7496,-117.6
7497.9,-117.71
7499.9,-117.81
7501.8,-117.91
7503.8,-118
7505.7,-118.09
7507.7,-118.18
7509.6,-118.27
7511.6,-118.37
7513.6,-118.48
7515.5,-118.58
7517.5,-118.69
7519.4,-118.79
7521.4,-118.88
7523.3,-118.96
7525.3,-119.05
7527.2,-119.16
7529.2,-119.3
7531.1,-119.47
7533.1,-119.65
7535,-119.84
7537,-120.01
7538.9,-120.15
7540.9,-120.26
7542.9,-120.33
7544.8,-120.39
7546.8,-120.44
7548.7,-120.5
7550.7,-120.58
7552.6,-120.69
7554.6,-120.83
7556.5,-120.99
7558.5,-121.16
7560.4,-121.33
7562.4,-121.48
7564.3,-121.59
7566.3,-121.68
7568.3,-121.75
7570.2,-121.8
7572.2,-121.86
7574.1,-121.93
7576.1,-122.02
7578,-122.13
7580,-122.25
7581.9,-122.37
7583.9,-122.49
7585.8,-122.58
7587.8,-122.66
7589.7,-122.72
7591.7,-122.76
7593.7,-122.81
7595.6,-122.87
7597.6,-122.94
7599.5,-123.03
7601.5,-123.15
7603.4,-123.29
7605.4,-123.45
7607.3,-123.63
7609.3,-123.81
7611.2,-123.97
7613.2,-124.1
7615.1,-124.21
7617.1,-124.27
7619,-124.31
7621,-124.34
7623,-124.36
7624.9,-124.38
7626.9,-124.41
7628.8,-124.45
7630.8,-124.51
7632.7,-124.58
7634.7,-124.68
7636.6,-124.8
7638.6,-124.94
7640.5,-125.09
7642.5,-125.25
7644.4,-125.4
7646.4,-125.51
7648.4,-125.59
7650.3,-125.63
7652.3,-125.65
7654.2,-125.66
7656.2,-125.66
7658.1,-125.69
7660.1,-125.75
7662,-125.84
7664,-125.96
7665.9,-126.11
7667.9,-126.26
7669.8,-126.4
7671.8,-126.51
7673.7,-126.6
7675.7,-126.66
7677.7,-126.7
7679.6,-126.73
7681.6,-126.76
7683.5,-126.77
7685.5,-126.76
7687.4,-126.74
7689.4,-126.72
7691.3,-126.71
7693.3,-126.72
7695.2,-126.75
7697.2,-126.8
7699.1,-126.87
7701.1,-126.94
7703.1,-127
7705,-127.05
7707,-127.09
7708.9,-127.12
7710.9,-127.14
7712.8,-127.17
7714.8,-127.21
7716.7,-127.25
7718.7,-127.29
7720.6,-127.34
7722.6,-127.4
7724.5,-127.47
7726.5,-127.55
7728.4,-127.62
7730.4,-127.68
7732.4,-127.73
7734.3,-127.74
7736.3,-127.73
7738.2,-127.7
7740.2,-127.64
7742.1,-127.59
7744.1,-127.54
7746,-127.52
7748,-127.52
7749.9,-127.56
7751.9,-127.63
7753.8,-127.72
7755.8,-127.81
7757.8,-127.88
7759.7,-127.94
7761.7,-127.99
7763.6,-128.01
7765.6,-128.03
7767.5,-128.04
7769.5,-128.05
7771.4,-128.06
7773.4,-128.07
7775.3,-128.07
7777.3,-128.05
7779.2,-128.02
7781.2,-127.98
7783.2,-127.93
7785.1,-127.88
7787.1,-127.85
7789,-127.83
7791,-127.85
7792.9,-127.89
7794.9,-127.95
7796.8,-128.04
7798.8,-128.12
7800.7,-128.2
7802.7,-128.26
7804.6,-128.29
7806.6,-128.29
7808.5,-128.27
7810.5,-128.25
7812.5,-128.22
7814.4,-128.21
7816.4,-128.21
7818.3,-128.21
7820.3,-128.21
7822.2,-128.21
7824.2,-128.2
7826.1,-128.18
7828.1,-128.15
7830,-128.12
7832,-128.08
7833.9,-128.04
7835.9,-127.99
7837.9,-127.95
7839.8,-127.9
7841.8,-127.86
7843.7,-127.83
7845.7,-127.81
7847.6,-127.8
7849.6,-127.82
7851.5,-127.85
7853.5,-127.9
7855.4,-127.95
7857.4,-128
7859.3,-128.05
7861.3,-128.1
7863.2,-128.14
7865.2,-128.18
7867.2,-128.23
7869.1,-128.29
7871.1,-128.34
7873,-128.37
7875,-128.38
7876.9,-128.35
7878.9,-128.3
7880.8,-128.21
7882.8,-128.12
7884.7,-128.04
7886.7,-127.97
7888.6,-127.94
7890.6,-127.94
7892.6,-127.97
7894.5,-128.02
7896.5,-128.09
7898.4,-128.15
7900.4,-128.21
7902.3,-128.24
7904.3,-128.25
7906.2,-128.23
7908.2,-128.19
7910.1,-128.14
7912.1,-128.07
7914,-128.01
7916,-127.95
7917.9,-127.9
7919.9,-127.88
7921.9,-127.87
7923.8,-127.87
7925.8,-127.89
7927.7,-127.91
7929.7,-127.95
7931.6,-127.98
7933.6,-128.03
7935.5,-128.08
7937.5,-128.12
7939.4,-128.14
7941.4,-128.14
7943.3,-128.13
7945.3,-128.09
7947.3,-128.04
7949.2,-127.99
7951.2,-127.94
7953.1,-127.89
7955.1,-127.86
7957,-127.84
7959,-127.84
7960.9,-127.86
7962.9,-127.91
7964.8,-127.97
7966.8,-128.04
7968.7,-128.09
7970.7,-128.12
7972.6,-128.13
7974.6,-128.12
7976.6,-128.11
7978.5,-128.09
7980.5,-128.05
7982.4,-128.01
7984.4,-127.94
7986.3,-127.87
7988.3,-127.8
7990.2,-127.76
7992.2,-127.74
7994.1,-127.75
7996.1,-127.78
7998,-127.81
8000,-127.83
