0,-78.627
1.9536,-78.818
3.9072,-79.387
5.8608,-80.32
7.8144,-81.583
9.768,-83.107
11.722,-84.752
13.675,-86.289
15.629,-87.449
17.582,-88.089
19.536,-88.283
21.49,-88.209
23.443,-88.008
25.397,-87.755
27.35,-87.484
29.304,-87.21
31.258,-86.943
33.211,-86.686
35.165,-86.431
37.118,-86.161
39.072,-85.849
41.026,-85.461
42.979,-84.972
44.933,-84.379
46.886,-83.703
48.84,-82.98
50.794,-82.25
52.747,-81.539
54.701,-80.863
56.654,-80.225
58.608,-79.625
60.562,-79.061
62.515,-78.539
64.469,-78.063
66.422,-77.643
68.376,-77.281
70.33,-76.977
72.283,-76.729
74.237,-76.538
76.19,-76.411
78.144,-76.36
80.098,-76.399
82.051,-76.534
84.005,-76.76
85.958,-77.057
87.912,-77.393
89.866,-77.731
91.819,-78.039
93.773,-78.298
95.726,-78.503
97.68,-78.658
99.634,-78.773
101.59,-78.856
103.54,-78.916
105.49,-78.962
107.45,-79
109.4,-79.034
111.36,-79.064
113.31,-79.087
115.26,-79.097
117.22,-79.091
119.17,-79.067
121.12,-79.03
123.08,-78.988
125.03,-78.947
126.98,-78.909
128.94,-78.869
130.89,-78.82
132.84,-78.753
134.8,-78.667
136.75,-78.574
138.71,-78.494
140.66,-78.45
142.61,-78.463
144.57,-78.543
146.52,-78.69
148.47,-78.887
150.43,-79.111
152.38,-79.333
154.33,-79.527
156.29,-79.681
158.24,-79.796
160.2,-79.879
162.15,-79.941
164.1,-79.983
166.06,-79.996
168.01,-79.968
169.96,-79.889
171.92,-79.763
173.87,-79.61
175.82,-79.457
177.78,-79.331
179.73,-79.253
181.68,-79.229
183.64,-79.253
185.59,-79.308
187.55,-79.371
189.5,-79.419
191.45,-79.435
193.41,-79.409
195.36,-79.342
197.31,-79.242
199.27,-79.125
201.22,-79.008
203.17,-78.91
205.13,-78.845
207.08,-78.823
209.04,-78.841
210.99,-78.889
212.94,-78.947
214.9,-78.996
216.85,-79.022
218.8,-79.021
220.76,-79.001
222.71,-78.976
224.66,-78.959
226.62,-78.957
228.57,-78.972
230.53,-78.998
232.48,-79.029
234.43,-79.057
236.39,-79.072
238.34,-79.069
240.29,-79.044
242.25,-79
244.2,-78.947
246.15,-78.901
248.11,-78.88
250.06,-78.896
252.01,-78.953
253.97,-79.047
255.92,-79.165
257.88,-79.291
259.83,-79.408
261.78,-79.507
263.74,-79.584
265.69,-79.639
267.64,-79.676
269.6,-79.693
271.55,-79.687
273.5,-79.656
275.46,-79.604
277.41,-79.541
279.37,-79.486
281.32,-79.457
283.27,-79.465
285.23,-79.512
287.18,-79.592
289.13,-79.697
291.09,-79.816
293.04,-79.944
294.99,-80.075
296.95,-80.203
298.9,-80.321
300.85,-80.419
302.81,-80.491
304.76,-80.535
306.72,-80.553
308.67,-80.551
310.62,-80.537
312.58,-80.519
314.53,-80.502
316.48,-80.493
318.44,-80.495
320.39,-80.509
322.34,-80.533
324.3,-80.561
326.25,-80.585
328.21,-80.6
330.16,-80.604
332.11,-80.598
334.07,-80.581
336.02,-80.555
337.97,-80.52
339.93,-80.477
341.88,-80.43
343.83,-80.386
345.79,-80.349
347.74,-80.322
349.69,-80.307
351.65,-80.3
353.6,-80.296
355.56,-80.285
357.51,-80.263
359.46,-80.223
361.42,-80.168
363.37,-80.108
365.32,-80.054
367.28,-80.021
369.23,-80.019
371.18,-80.051
373.14,-80.112
375.09,-80.192
377.05,-80.275
379,-80.352
380.95,-80.415
382.91,-80.467
384.86,-80.516
386.81,-80.572
388.77,-80.64
390.72,-80.719
392.67,-80.801
394.63,-80.874
396.58,-80.928
398.53,-80.959
400.49,-80.971
402.44,-80.974
404.4,-80.98
406.35,-80.998
408.3,-81.031
410.26,-81.077
412.21,-81.128
414.16,-81.177
416.12,-81.219
418.07,-81.253
420.02,-81.286
421.98,-81.323
423.93,-81.367
425.89,-81.411
427.84,-81.442
429.79,-81.443
431.75,-81.406
433.7,-81.335
435.65,-81.245
437.61,-81.152
439.56,-81.073
441.51,-81.012
443.47,-80.972
445.42,-80.95
447.37,-80.943
449.33,-80.952
451.28,-80.973
453.24,-81.005
455.19,-81.04
457.14,-81.072
459.1,-81.091
461.05,-81.094
463,-81.078
464.96,-81.05
466.91,-81.017
468.86,-80.992
470.82,-80.987
472.77,-81.007
474.73,-81.055
476.68,-81.123
478.63,-81.201
480.59,-81.272
482.54,-81.322
484.49,-81.341
486.45,-81.324
488.4,-81.274
490.35,-81.197
492.31,-81.099
494.26,-80.989
496.21,-80.879
498.17,-80.782
500.12,-80.715
502.08,-80.688
504.03,-80.706
505.98,-80.765
507.94,-80.848
509.89,-80.938
511.84,-81.016
513.8,-81.07
515.75,-81.094
517.7,-81.092
519.66,-81.067
521.61,-81.027
523.57,-80.977
525.52,-80.923
527.47,-80.87
529.43,-80.822
531.38,-80.785
533.33,-80.761
535.29,-80.751
537.24,-80.754
539.19,-80.765
541.15,-80.777
543.1,-80.782
545.05,-80.774
547.01,-80.752
548.96,-80.715
550.92,-80.667
552.87,-80.612
554.82,-80.559
556.78,-80.521
558.73,-80.505
560.68,-80.519
562.64,-80.562
564.59,-80.628
566.54,-80.705
568.5,-80.783
570.45,-80.85
572.41,-80.9
574.36,-80.929
576.31,-80.94
578.27,-80.933
580.22,-80.918
582.17,-80.901
584.13,-80.891
586.08,-80.892
588.03,-80.906
589.99,-80.931
591.94,-80.963
593.89,-80.999
595.85,-81.04
597.8,-81.084
599.76,-81.132
601.71,-81.18
603.66,-81.224
605.62,-81.259
607.57,-81.282
609.52,-81.29
611.48,-81.285
613.43,-81.267
615.38,-81.237
617.34,-81.197
619.29,-81.15
621.25,-81.103
623.2,-81.067
625.15,-81.051
627.11,-81.058
629.06,-81.084
631.01,-81.116
632.97,-81.137
634.92,-81.133
636.87,-81.095
638.83,-81.023
640.78,-80.921
642.74,-80.799
644.69,-80.672
646.64,-80.554
648.6,-80.46
650.55,-80.402
652.5,-80.389
654.46,-80.419
656.41,-80.486
658.36,-80.576
660.32,-80.671
662.27,-80.756
664.22,-80.817
666.18,-80.845
668.13,-80.84
670.09,-80.808
672.04,-80.759
673.99,-80.707
675.95,-80.664
677.9,-80.637
679.85,-80.628
681.81,-80.632
683.76,-80.639
685.71,-80.639
687.67,-80.626
689.62,-80.601
691.58,-80.571
693.53,-80.543
695.48,-80.525
697.44,-80.521
699.39,-80.528
701.34,-80.54
703.3,-80.555
705.25,-80.568
707.2,-80.582
709.16,-80.599
711.11,-80.622
713.06,-80.652
715.02,-80.685
716.97,-80.717
718.93,-80.738
720.88,-80.746
722.83,-80.738
724.79,-80.718
726.74,-80.693
728.69,-80.665
730.65,-80.637
732.6,-80.61
734.55,-80.585
736.51,-80.566
738.46,-80.558
740.42,-80.566
742.37,-80.588
744.32,-80.623
746.28,-80.66
748.23,-80.691
750.18,-80.706
752.14,-80.699
754.09,-80.669
756.04,-80.621
758,-80.565
759.95,-80.515
761.9,-80.485
763.86,-80.483
765.81,-80.507
767.77,-80.548
769.72,-80.591
771.67,-80.621
773.63,-80.629
775.58,-80.613
777.53,-80.581
779.49,-80.544
781.44,-80.51
783.39,-80.486
785.35,-80.47
787.3,-80.458
789.26,-80.443
791.21,-80.421
793.16,-80.392
795.12,-80.366
797.07,-80.352
799.02,-80.361
800.98,-80.397
802.93,-80.455
804.88,-80.521
806.84,-80.582
808.79,-80.626
810.74,-80.65
812.7,-80.66
814.65,-80.665
816.61,-80.669
818.56,-80.675
820.51,-80.679
822.47,-80.678
824.42,-80.67
826.37,-80.659
828.33,-80.65
830.28,-80.648
832.23,-80.651
834.19,-80.659
836.14,-80.668
838.1,-80.677
840.05,-80.686
842,-80.695
843.96,-80.703
845.91,-80.706
847.86,-80.699
849.82,-80.682
851.77,-80.654
853.72,-80.617
855.68,-80.577
857.63,-80.539
859.58,-80.51
861.54,-80.496
863.49,-80.501
865.45,-80.522
867.4,-80.548
869.35,-80.568
871.31,-80.569
873.26,-80.549
875.21,-80.513
877.17,-80.475
879.12,-80.45
881.07,-80.45
883.03,-80.481
884.98,-80.543
886.94,-80.625
888.89,-80.716
890.84,-80.801
892.8,-80.865
894.75,-80.896
896.7,-80.888
898.66,-80.845
900.61,-80.781
902.56,-80.717
904.52,-80.675
906.47,-80.67
908.42,-80.706
910.38,-80.777
912.33,-80.863
914.29,-80.942
916.24,-80.994
918.19,-81.009
920.15,-80.988
922.1,-80.947
924.05,-80.904
926.01,-80.877
927.96,-80.877
929.91,-80.908
931.87,-80.967
933.82,-81.042
935.78,-81.117
937.73,-81.174
939.68,-81.196
941.64,-81.17
943.59,-81.096
945.54,-80.981
947.5,-80.837
949.45,-80.684
951.4,-80.541
953.36,-80.428
955.31,-80.358
957.26,-80.341
959.22,-80.376
961.17,-80.455
963.13,-80.562
965.08,-80.677
967.03,-80.779
968.99,-80.851
970.94,-80.887
972.89,-80.893
974.85,-80.883
976.8,-80.877
978.75,-80.891
980.71,-80.931
982.66,-80.997
984.62,-81.076
986.57,-81.157
988.52,-81.229
990.48,-81.287
992.43,-81.331
994.38,-81.358
996.34,-81.365
998.29,-81.344
1000.2,-81.29
1002.2,-81.205
1004.2,-81.102
1006.1,-81
1008.1,-80.915
1010,-80.861
1012,-80.84
1013.9,-80.845
1015.9,-80.865
1017.8,-80.889
1019.8,-80.908
1021.7,-80.917
1023.7,-80.918
1025.6,-80.912
1027.6,-80.904
1029.5,-80.897
1031.5,-80.893
1033.5,-80.897
1035.4,-80.912
1037.4,-80.94
1039.3,-80.98
1041.3,-81.03
1043.2,-81.084
1045.2,-81.136
1047.1,-81.181
1049.1,-81.215
1051,-81.239
1053,-81.25
1054.9,-81.251
1056.9,-81.238
1058.9,-81.215
1060.8,-81.185
1062.8,-81.156
1064.7,-81.14
1066.7,-81.144
1068.6,-81.168
1070.6,-81.207
1072.5,-81.245
1074.5,-81.266
1076.4,-81.257
1078.4,-81.21
1080.3,-81.131
1082.3,-81.034
1084.2,-80.934
1086.2,-80.851
1088.2,-80.795
1090.1,-80.771
1092.1,-80.775
1094,-80.798
1096,-80.83
1097.9,-80.862
1099.9,-80.887
1101.8,-80.907
1103.8,-80.923
1105.7,-80.936
1107.7,-80.95
1109.6,-80.962
1111.6,-80.974
1113.6,-80.983
1115.5,-80.986
1117.5,-80.98
1119.4,-80.96
1121.4,-80.928
1123.3,-80.891
1125.3,-80.862
1127.2,-80.852
1129.2,-80.87
1131.1,-80.915
1133.1,-80.979
1135,-81.046
1137,-81.1
1138.9,-81.133
1140.9,-81.142
1142.9,-81.135
1144.8,-81.12
1146.8,-81.104
1148.7,-81.093
1150.7,-81.087
1152.6,-81.089
1154.6,-81.096
1156.5,-81.11
1158.5,-81.128
1160.4,-81.148
1162.4,-81.165
1164.3,-81.177
1166.3,-81.184
1168.3,-81.187
1170.2,-81.187
1172.2,-81.18
1174.1,-81.162
1176.1,-81.131
1178,-81.086
1180,-81.036
1181.9,-80.989
1183.9,-80.957
1185.8,-80.946
1187.8,-80.956
1189.7,-80.98
1191.7,-81.008
1193.7,-81.03
1195.6,-81.041
1197.6,-81.041
1199.5,-81.037
1201.5,-81.037
1203.4,-81.048
1205.4,-81.07
1207.3,-81.104
1209.3,-81.146
1211.2,-81.191
1213.2,-81.236
1215.1,-81.275
1217.1,-81.304
1219,-81.315
1221,-81.306
1223,-81.273
1224.9,-81.218
1226.9,-81.147
1228.8,-81.067
1230.8,-80.986
1232.7,-80.913
1234.7,-80.853
1236.6,-80.812
1238.6,-80.793
1240.5,-80.797
1242.5,-80.823
1244.4,-80.87
1246.4,-80.933
1248.4,-81.007
1250.3,-81.085
1252.3,-81.156
1254.2,-81.21
1256.2,-81.237
1258.1,-81.234
1260.1,-81.205
1262,-81.162
1264,-81.12
1265.9,-81.093
1267.9,-81.094
1269.8,-81.125
1271.8,-81.181
1273.7,-81.248
1275.7,-81.312
1277.7,-81.357
1279.6,-81.375
1281.6,-81.361
1283.5,-81.316
1285.5,-81.24
1287.4,-81.139
1289.4,-81.019
1291.3,-80.896
1293.3,-80.788
1295.2,-80.716
1297.2,-80.695
1299.1,-80.732
1301.1,-80.821
1303.1,-80.948
1305,-81.092
1307,-81.229
1308.9,-81.341
1310.9,-81.421
1312.8,-81.466
1314.8,-81.481
1316.7,-81.471
1318.7,-81.44
1320.6,-81.397
1322.6,-81.351
1324.5,-81.311
1326.5,-81.286
1328.4,-81.278
1330.4,-81.282
1332.4,-81.29
1334.3,-81.291
1336.3,-81.279
1338.2,-81.251
1340.2,-81.208
1342.1,-81.153
1344.1,-81.093
1346,-81.032
1348,-80.977
1349.9,-80.939
1351.9,-80.923
1353.8,-80.935
1355.8,-80.974
1357.8,-81.032
1359.7,-81.097
1361.7,-81.154
1363.6,-81.191
1365.6,-81.205
1367.5,-81.199
1369.5,-81.185
1371.4,-81.173
1373.4,-81.172
1375.3,-81.183
1377.3,-81.205
1379.2,-81.231
1381.2,-81.255
1383.2,-81.275
1385.1,-81.292
1387.1,-81.309
1389,-81.329
1391,-81.353
1392.9,-81.381
1394.9,-81.412
1396.8,-81.442
1398.8,-81.468
1400.7,-81.485
1402.7,-81.488
1404.6,-81.479
1406.6,-81.46
1408.5,-81.439
1410.5,-81.419
1412.5,-81.403
1414.4,-81.392
1416.4,-81.381
1418.3,-81.367
1420.3,-81.346
1422.2,-81.319
1424.2,-81.284
1426.1,-81.246
1428.1,-81.208
1430,-81.175
1432,-81.151
1433.9,-81.139
1435.9,-81.14
1437.9,-81.151
1439.8,-81.169
1441.8,-81.185
1443.7,-81.19
1445.7,-81.181
1447.6,-81.156
1449.6,-81.121
1451.5,-81.087
1453.5,-81.059
1455.4,-81.042
1457.4,-81.031
1459.3,-81.021
1461.3,-81.004
1463.2,-80.976
1465.2,-80.936
1467.2,-80.888
1469.1,-80.838
1471.1,-80.794
1473,-80.764
1475,-80.752
1476.9,-80.761
1478.9,-80.789
1480.8,-80.829
1482.8,-80.875
1484.7,-80.922
1486.7,-80.968
1488.6,-81.009
1490.6,-81.045
1492.6,-81.073
1494.5,-81.092
1496.5,-81.099
1498.4,-81.094
1500.4,-81.082
1502.3,-81.067
1504.3,-81.058
1506.2,-81.062
1508.2,-81.084
1510.1,-81.12
1512.1,-81.163
1514,-81.202
1516,-81.224
1517.9,-81.223
1519.9,-81.197
1521.9,-81.153
1523.8,-81.103
1525.8,-81.057
1527.7,-81.027
1529.7,-81.019
1531.6,-81.036
1533.6,-81.075
1535.5,-81.132
1537.5,-81.196
1539.4,-81.259
1541.4,-81.307
1543.3,-81.33
1545.3,-81.321
1547.3,-81.279
1549.2,-81.209
1551.2,-81.122
1553.1,-81.031
1555.1,-80.945
1557,-80.869
1559,-80.806
1560.9,-80.761
1562.9,-80.738
1564.8,-80.741
1566.8,-80.772
1568.7,-80.827
1570.7,-80.896
1572.6,-80.965
1574.6,-81.022
1576.6,-81.062
1578.5,-81.087
1580.5,-81.106
1582.4,-81.13
1584.4,-81.164
1586.3,-81.208
1588.3,-81.254
1590.2,-81.286
1592.2,-81.296
1594.1,-81.278
1596.1,-81.24
1598,-81.194
1600,-81.155
1602,-81.131
1603.9,-81.123
1605.9,-81.126
1607.8,-81.133
1609.8,-81.137
1611.7,-81.138
1613.7,-81.135
1615.6,-81.131
1617.6,-81.127
1619.5,-81.122
1621.5,-81.119
1623.4,-81.116
1625.4,-81.114
1627.4,-81.113
1629.3,-81.11
1631.3,-81.102
1633.2,-81.087
1635.2,-81.066
1637.1,-81.044
1639.1,-81.025
1641,-81.012
1643,-81.008
1644.9,-81.011
1646.9,-81.021
1648.8,-81.037
1650.8,-81.058
1652.7,-81.087
1654.7,-81.122
1656.7,-81.159
1658.6,-81.195
1660.6,-81.222
1662.5,-81.24
1664.5,-81.249
1666.4,-81.255
1668.4,-81.263
1670.3,-81.279
1672.3,-81.305
1674.2,-81.335
1676.2,-81.367
1678.1,-81.393
1680.1,-81.412
1682.1,-81.423
1684,-81.427
1686,-81.423
1687.9,-81.412
1689.9,-81.392
1691.8,-81.367
1693.8,-81.342
1695.7,-81.324
1697.7,-81.315
1699.6,-81.312
1701.6,-81.308
1703.5,-81.295
1705.5,-81.268
1707.4,-81.226
1709.4,-81.173
1711.4,-81.119
1713.3,-81.071
1715.3,-81.034
1717.2,-81.011
1719.2,-81
1721.1,-80.998
1723.1,-81.001
1725,-81.006
1727,-81.014
1728.9,-81.03
1730.9,-81.057
1732.8,-81.1
1734.8,-81.159
1736.8,-81.233
1738.7,-81.316
1740.7,-81.401
1742.6,-81.481
1744.6,-81.546
1746.5,-81.59
1748.5,-81.601
1750.4,-81.573
1752.4,-81.501
1754.3,-81.391
1756.3,-81.252
1758.2,-81.102
1760.2,-80.962
1762.1,-80.851
1764.1,-80.784
1766.1,-80.769
1768,-80.804
1770,-80.878
1771.9,-80.973
1773.9,-81.065
1775.8,-81.135
1777.8,-81.173
1779.7,-81.179
1781.7,-81.164
1783.6,-81.142
1785.6,-81.127
1787.5,-81.125
1789.5,-81.137
1791.5,-81.157
1793.4,-81.176
1795.4,-81.186
1797.3,-81.185
1799.3,-81.171
1801.2,-81.148
1803.2,-81.119
1805.1,-81.09
1807.1,-81.061
1809,-81.036
1811,-81.016
1812.9,-81.006
1814.9,-81.011
1816.8,-81.034
1818.8,-81.078
1820.8,-81.141
1822.7,-81.218
1824.7,-81.3
1826.6,-81.375
1828.6,-81.431
1830.5,-81.46
1832.5,-81.459
1834.4,-81.428
1836.4,-81.375
1838.3,-81.312
1840.3,-81.249
1842.2,-81.198
1844.2,-81.167
1846.2,-81.16
1848.1,-81.175
1850.1,-81.207
1852,-81.247
1854,-81.288
1855.9,-81.321
1857.9,-81.337
1859.8,-81.332
1861.8,-81.303
1863.7,-81.256
1865.7,-81.2
1867.6,-81.145
1869.6,-81.101
1871.6,-81.072
1873.5,-81.058
1875.5,-81.054
1877.4,-81.056
1879.4,-81.06
1881.3,-81.06
1883.3,-81.055
1885.2,-81.042
1887.2,-81.018
1889.1,-80.987
1891.1,-80.952
1893,-80.919
1895,-80.891
1896.9,-80.868
1898.9,-80.845
1900.9,-80.82
1902.8,-80.795
1904.8,-80.775
1906.7,-80.769
1908.7,-80.784
1910.6,-80.826
1912.6,-80.894
1914.5,-80.978
1916.5,-81.068
1918.4,-81.147
1920.4,-81.203
1922.3,-81.228
1924.3,-81.222
1926.3,-81.193
1928.2,-81.147
1930.2,-81.091
1932.1,-81.028
1934.1,-80.956
1936,-80.88
1938,-80.809
1939.9,-80.756
1941.9,-80.732
1943.8,-80.746
1945.8,-80.796
1947.7,-80.873
1949.7,-80.962
1951.6,-81.049
1953.6,-81.126
1955.6,-81.192
1957.5,-81.249
1959.5,-81.3
1961.4,-81.345
1963.4,-81.377
1965.3,-81.387
1967.3,-81.366
1969.2,-81.312
1971.2,-81.233
1973.1,-81.142
1975.1,-81.053
1977,-80.983
1979,-80.942
1981,-80.935
1982.9,-80.962
1984.9,-81.017
1986.8,-81.083
1988.8,-81.144
1990.7,-81.183
1992.7,-81.19
1994.6,-81.167
1996.6,-81.127
1998.5,-81.087
2000.5,-81.062
2002.4,-81.059
2004.4,-81.074
2006.3,-81.096
2008.3,-81.112
2010.3,-81.111
2012.2,-81.092
2014.2,-81.059
2016.1,-81.026
2018.1,-81.006
2020,-81.011
2022,-81.044
2023.9,-81.1
2025.9,-81.17
2027.8,-81.238
2029.8,-81.289
2031.7,-81.314
2033.7,-81.309
2035.7,-81.277
2037.6,-81.227
2039.6,-81.171
2041.5,-81.119
2043.5,-81.081
2045.4,-81.06
2047.4,-81.056
2049.3,-81.066
2051.3,-81.086
2053.2,-81.114
2055.2,-81.149
2057.1,-81.194
2059.1,-81.246
2061.1,-81.303
2063,-81.36
2065,-81.409
2066.9,-81.445
2068.9,-81.462
2070.8,-81.461
2072.8,-81.445
2074.7,-81.419
2076.7,-81.385
2078.6,-81.351
2080.6,-81.323
2082.5,-81.311
2084.5,-81.326
2086.4,-81.375
2088.4,-81.457
2090.4,-81.564
2092.3,-81.675
2094.3,-81.767
2096.2,-81.816
2098.2,-81.807
2100.1,-81.74
2102.1,-81.63
2104,-81.499
2106,-81.372
2107.9,-81.271
2109.9,-81.205
2111.8,-81.175
2113.8,-81.172
2115.8,-81.187
2117.7,-81.207
2119.7,-81.225
2121.6,-81.24
2123.6,-81.253
2125.5,-81.265
2127.5,-81.278
2129.4,-81.292
2131.4,-81.309
2133.3,-81.325
2135.3,-81.341
2137.2,-81.35
2139.2,-81.348
2141.1,-81.327
2143.1,-81.283
2145.1,-81.217
2147,-81.134
2149,-81.046
2150.9,-80.97
2152.9,-80.919
2154.8,-80.902
2156.8,-80.922
2158.7,-80.975
2160.7,-81.054
2162.6,-81.147
2164.6,-81.243
2166.5,-81.33
2168.5,-81.393
2170.5,-81.422
2172.4,-81.411
2174.4,-81.366
2176.3,-81.304
2178.3,-81.245
2180.2,-81.209
2182.2,-81.208
2184.1,-81.245
2186.1,-81.312
2188,-81.397
2190,-81.48
2191.9,-81.545
2193.9,-81.578
2195.8,-81.577
2197.8,-81.548
2199.8,-81.505
2201.7,-81.462
2203.7,-81.431
2205.6,-81.415
2207.6,-81.411
2209.5,-81.412
2211.5,-81.412
2213.4,-81.41
2215.4,-81.408
2217.3,-81.412
2219.3,-81.427
2221.2,-81.455
2223.2,-81.493
2225.2,-81.528
2227.1,-81.546
2229.1,-81.531
2231,-81.474
2233,-81.377
2234.9,-81.256
2236.9,-81.133
2238.8,-81.031
2240.8,-80.967
2242.7,-80.947
2244.7,-80.967
2246.6,-81.017
2248.6,-81.081
2250.5,-81.146
2252.5,-81.204
2254.5,-81.251
2256.4,-81.288
2258.4,-81.318
2260.3,-81.343
2262.3,-81.364
2264.2,-81.381
2266.2,-81.393
2268.1,-81.398
2270.1,-81.393
2272,-81.376
2274,-81.346
2275.9,-81.304
2277.9,-81.255
2279.9,-81.204
2281.8,-81.161
2283.8,-81.133
2285.7,-81.125
2287.7,-81.138
2289.6,-81.168
2291.6,-81.207
2293.5,-81.247
2295.5,-81.282
2297.4,-81.308
2299.4,-81.323
2301.3,-81.324
2303.3,-81.311
2305.3,-81.28
2307.2,-81.235
2309.2,-81.184
2311.1,-81.137
2313.1,-81.106
2315,-81.099
2317,-81.117
2318.9,-81.156
2320.9,-81.209
2322.8,-81.266
2324.8,-81.322
2326.7,-81.37
2328.7,-81.408
2330.6,-81.431
2332.6,-81.441
2334.6,-81.44
2336.5,-81.437
2338.5,-81.44
2340.4,-81.457
2342.4,-81.488
2344.3,-81.531
2346.3,-81.577
2348.2,-81.62
2350.2,-81.655
2352.1,-81.681
2354.1,-81.699
2356,-81.708
2358,-81.706
2360,-81.693
2361.9,-81.667
2363.9,-81.629
2365.8,-81.579
2367.8,-81.517
2369.7,-81.447
2371.7,-81.371
2373.6,-81.297
2375.6,-81.233
2377.5,-81.189
2379.5,-81.17
2381.4,-81.177
2383.4,-81.204
2385.3,-81.241
2387.3,-81.28
2389.3,-81.313
2391.2,-81.335
2393.2,-81.343
2395.1,-81.34
2397.1,-81.328
2399,-81.312
2401,-81.299
2402.9,-81.296
2404.9,-81.306
2406.8,-81.327
2408.8,-81.354
2410.7,-81.382
2412.7,-81.407
2414.7,-81.426
2416.6,-81.442
2418.6,-81.452
2420.5,-81.457
2422.5,-81.454
2424.4,-81.444
2426.4,-81.425
2428.3,-81.4
2430.3,-81.371
2432.2,-81.339
2434.2,-81.303
2436.1,-81.263
2438.1,-81.22
2440,-81.177
2442,-81.142
2444,-81.122
2445.9,-81.122
2447.9,-81.146
2449.8,-81.194
2451.8,-81.263
2453.7,-81.345
2455.7,-81.432
2457.6,-81.513
2459.6,-81.577
2461.5,-81.616
2463.5,-81.626
2465.4,-81.612
2467.4,-81.578
2469.4,-81.533
2471.3,-81.482
2473.3,-81.434
2475.2,-81.395
2477.2,-81.375
2479.1,-81.385
2481.1,-81.432
2483,-81.518
2485,-81.637
2486.9,-81.769
2488.9,-81.889
2490.8,-81.971
2492.8,-81.996
2494.7,-81.965
2496.7,-81.89
2498.7,-81.795
2500.6,-81.701
2502.6,-81.621
2504.5,-81.559
2506.5,-81.512
2508.4,-81.474
2510.4,-81.438
2512.3,-81.399
2514.3,-81.355
2516.2,-81.308
2518.2,-81.263
2520.1,-81.229
2522.1,-81.213
2524.1,-81.221
2526,-81.254
2528,-81.308
2529.9,-81.37
2531.9,-81.423
2533.8,-81.453
2535.8,-81.451
2537.7,-81.414
2539.7,-81.351
2541.6,-81.274
2543.6,-81.198
2545.5,-81.135
2547.5,-81.093
2549.5,-81.076
2551.4,-81.079
2553.4,-81.095
2555.3,-81.114
2557.3,-81.129
2559.2,-81.139
2561.2,-81.144
2563.1,-81.153
2565.1,-81.17
2567,-81.198
2569,-81.24
2570.9,-81.292
2572.9,-81.352
2574.8,-81.413
2576.8,-81.469
2578.8,-81.511
2580.7,-81.53
2582.7,-81.521
2584.6,-81.487
2586.6,-81.435
2588.5,-81.378
2590.5,-81.329
2592.4,-81.295
2594.4,-81.28
2596.3,-81.282
2598.3,-81.294
2600.2,-81.31
2602.2,-81.323
2604.2,-81.326
2606.1,-81.319
2608.1,-81.3
2610,-81.274
2612,-81.246
2613.9,-81.223
2615.9,-81.209
2617.8,-81.208
2619.8,-81.219
2621.7,-81.237
2623.7,-81.258
2625.6,-81.276
2627.6,-81.29
2629.5,-81.303
2631.5,-81.323
2633.5,-81.356
2635.4,-81.403
2637.4,-81.46
2639.3,-81.517
2641.3,-81.564
2643.2,-81.591
2645.2,-81.592
2647.1,-81.57
2649.1,-81.53
2651,-81.483
2653,-81.438
2654.9,-81.404
2656.9,-81.381
2658.9,-81.368
2660.8,-81.359
2662.8,-81.351
2664.7,-81.342
2666.7,-81.336
2668.6,-81.335
2670.6,-81.342
2672.5,-81.355
2674.5,-81.367
2676.4,-81.37
2678.4,-81.359
2680.3,-81.333
2682.3,-81.296
2684.2,-81.256
2686.2,-81.222
2688.2,-81.199
2690.1,-81.189
2692.1,-81.192
2694,-81.206
2696,-81.229
2697.9,-81.26
2699.9,-81.296
2701.8,-81.334
2703.8,-81.37
2705.7,-81.4
2707.7,-81.422
2709.6,-81.439
2711.6,-81.456
2713.6,-81.474
2715.5,-81.494
2717.5,-81.508
2719.4,-81.507
2721.4,-81.484
2723.3,-81.438
2725.3,-81.374
2727.2,-81.305
2729.2,-81.243
2731.1,-81.195
2733.1,-81.163
2735,-81.144
2737,-81.135
2738.9,-81.132
2740.9,-81.135
2742.9,-81.149
2744.8,-81.176
2746.8,-81.219
2748.7,-81.275
2750.7,-81.336
2752.6,-81.389
2754.6,-81.42
2756.5,-81.423
2758.5,-81.399
2760.4,-81.357
2762.4,-81.31
2764.3,-81.27
2766.3,-81.246
2768.3,-81.237
2770.2,-81.241
2772.2,-81.251
2774.1,-81.264
2776.1,-81.275
2778,-81.285
2780,-81.294
2781.9,-81.307
2783.9,-81.327
2785.8,-81.357
2787.8,-81.402
2789.7,-81.462
2791.7,-81.534
2793.7,-81.617
2795.6,-81.703
2797.6,-81.785
2799.5,-81.852
2801.5,-81.897
2803.4,-81.912
2805.4,-81.895
2807.3,-81.849
2809.3,-81.778
2811.2,-81.691
2813.2,-81.599
2815.1,-81.509
2817.1,-81.433
2819,-81.375
2821,-81.339
2823,-81.323
2824.9,-81.326
2826.9,-81.346
2828.8,-81.382
2830.8,-81.435
2832.7,-81.504
2834.7,-81.585
2836.6,-81.673
2838.6,-81.756
2840.5,-81.827
2842.5,-81.878
2844.4,-81.904
2846.4,-81.904
2848.4,-81.876
2850.3,-81.822
2852.3,-81.748
2854.2,-81.663
2856.2,-81.581
2858.1,-81.513
2860.1,-81.468
2862,-81.451
2864,-81.46
2865.9,-81.494
2867.9,-81.545
2869.8,-81.606
2871.8,-81.665
2873.7,-81.708
2875.7,-81.724
2877.7,-81.706
2879.6,-81.656
2881.6,-81.588
2883.5,-81.518
2885.5,-81.46
2887.4,-81.423
2889.4,-81.407
2891.3,-81.407
2893.3,-81.413
2895.2,-81.416
2897.2,-81.41
2899.1,-81.394
2901.1,-81.376
2903.1,-81.364
2905,-81.37
2907,-81.402
2908.9,-81.464
2910.9,-81.55
2912.8,-81.65
2914.8,-81.745
2916.7,-81.817
2918.7,-81.855
2920.6,-81.854
2922.6,-81.82
2924.5,-81.763
2926.5,-81.693
2928.4,-81.619
2930.4,-81.547
2932.4,-81.481
2934.3,-81.429
2936.3,-81.394
2938.2,-81.381
2940.2,-81.391
2942.1,-81.422
2944.1,-81.464
2946,-81.51
2948,-81.548
2949.9,-81.569
2951.9,-81.57
2953.8,-81.551
2955.8,-81.516
2957.8,-81.471
2959.7,-81.423
2961.7,-81.378
2963.6,-81.344
2965.6,-81.327
2967.5,-81.336
2969.5,-81.373
2971.4,-81.441
2973.4,-81.533
2975.3,-81.639
2977.3,-81.741
2979.2,-81.82
2981.2,-81.858
2983.2,-81.847
2985.1,-81.794
2987.1,-81.713
2989,-81.626
2991,-81.551
2992.9,-81.503
2994.9,-81.486
2996.8,-81.5
2998.8,-81.541
3000.7,-81.602
3002.7,-81.675
3004.6,-81.752
3006.6,-81.821
3008.5,-81.871
3010.5,-81.892
3012.5,-81.877
3014.4,-81.828
3016.4,-81.754
3018.3,-81.672
3020.3,-81.598
3022.2,-81.547
3024.2,-81.525
3026.1,-81.53
3028.1,-81.552
3030,-81.578
3032,-81.597
3033.9,-81.604
3035.9,-81.602
3037.9,-81.598
3039.8,-81.6
3041.8,-81.612
3043.7,-81.637
3045.7,-81.671
3047.6,-81.712
3049.6,-81.756
3051.5,-81.798
3053.5,-81.828
3055.4,-81.842
3057.4,-81.835
3059.3,-81.813
3061.3,-81.787
3063.2,-81.772
3065.2,-81.783
3067.2,-81.821
3069.1,-81.879
3071.1,-81.937
3073,-81.972
3075,-81.965
3076.9,-81.911
3078.9,-81.819
3080.8,-81.709
3082.8,-81.599
3084.7,-81.509
3086.7,-81.45
3088.6,-81.426
3090.6,-81.438
3092.6,-81.482
3094.5,-81.551
3096.5,-81.634
3098.4,-81.72
3100.4,-81.799
3102.3,-81.86
3104.3,-81.898
3106.2,-81.912
3108.2,-81.901
3110.1,-81.871
3112.1,-81.826
3114,-81.775
3116,-81.729
3117.9,-81.695
3119.9,-81.681
3121.9,-81.691
3123.8,-81.722
3125.8,-81.767
3127.7,-81.82
3129.7,-81.871
3131.6,-81.91
3133.6,-81.932
3135.5,-81.933
3137.5,-81.913
3139.4,-81.878
3141.4,-81.836
3143.3,-81.801
3145.3,-81.782
3147.3,-81.788
3149.2,-81.819
3151.2,-81.872
3153.1,-81.935
3155.1,-81.996
3157,-82.041
3159,-82.06
3160.9,-82.044
3162.9,-81.994
3164.8,-81.917
3166.8,-81.828
3168.7,-81.741
3170.7,-81.67
3172.6,-81.623
3174.6,-81.601
3176.6,-81.6
3178.5,-81.612
3180.5,-81.63
3182.4,-81.649
3184.4,-81.664
3186.3,-81.674
3188.3,-81.68
3190.2,-81.687
3192.2,-81.702
3194.1,-81.732
3196.1,-81.777
3198,-81.836
3200,-81.901
3202,-81.962
3203.9,-82.011
3205.9,-82.043
3207.8,-82.058
3209.8,-82.057
3211.7,-82.041
3213.7,-82.01
3215.6,-81.965
3217.6,-81.908
3219.5,-81.847
3221.5,-81.788
3223.4,-81.74
3225.4,-81.706
3227.4,-81.686
3229.3,-81.675
3231.3,-81.669
3233.2,-81.667
3235.2,-81.667
3237.1,-81.672
3239.1,-81.682
3241,-81.694
3243,-81.704
3244.9,-81.709
3246.9,-81.708
3248.8,-81.708
3250.8,-81.716
3252.7,-81.737
3254.7,-81.771
3256.7,-81.808
3258.6,-81.833
3260.6,-81.832
3262.5,-81.796
3264.5,-81.731
3266.4,-81.649
3268.4,-81.569
3270.3,-81.507
3272.3,-81.473
3274.2,-81.468
3276.2,-81.487
3278.1,-81.52
3280.1,-81.56
3282.1,-81.603
3284,-81.651
3286,-81.708
3287.9,-81.777
3289.9,-81.854
3291.8,-81.928
3293.8,-81.985
3295.7,-82.011
3297.7,-82
3299.6,-81.957
3301.6,-81.895
3303.5,-81.831
3305.5,-81.777
3307.4,-81.737
3309.4,-81.705
3311.4,-81.675
3313.3,-81.638
3315.3,-81.593
3317.2,-81.544
3319.2,-81.503
3321.1,-81.483
3323.1,-81.492
3325,-81.537
3327,-81.615
3328.9,-81.717
3330.9,-81.831
3332.8,-81.939
3334.8,-82.03
3336.8,-82.092
3338.7,-82.122
3340.7,-82.121
3342.6,-82.092
3344.6,-82.043
3346.5,-81.98
3348.5,-81.909
3350.4,-81.835
3352.4,-81.76
3354.3,-81.688
3356.3,-81.625
3358.2,-81.576
3360.2,-81.543
3362.1,-81.527
3364.1,-81.522
3366.1,-81.522
3368,-81.52
3370,-81.514
3371.9,-81.502
3373.9,-81.485
3375.8,-81.469
3377.8,-81.458
3379.7,-81.46
3381.7,-81.483
3383.6,-81.533
3385.6,-81.611
3387.5,-81.711
3389.5,-81.822
3391.5,-81.929
3393.4,-82.021
3395.4,-82.088
3397.3,-82.128
3399.3,-82.142
3401.2,-82.136
3403.2,-82.115
3405.1,-82.09
3407.1,-82.066
3409,-82.047
3411,-82.035
3412.9,-82.025
3414.9,-82.014
3416.8,-81.991
3418.8,-81.951
3420.8,-81.888
3422.7,-81.804
3424.7,-81.707
3426.6,-81.614
3428.6,-81.537
3430.5,-81.488
3432.5,-81.469
3434.4,-81.473
3436.4,-81.494
3438.3,-81.526
3440.3,-81.565
3442.2,-81.615
3444.2,-81.677
3446.2,-81.749
3448.1,-81.822
3450.1,-81.887
3452,-81.931
3454,-81.95
3455.9,-81.945
3457.9,-81.925
3459.8,-81.898
3461.8,-81.873
3463.7,-81.855
3465.7,-81.846
3467.6,-81.845
3469.6,-81.851
3471.6,-81.859
3473.5,-81.866
3475.5,-81.864
3477.4,-81.851
3479.4,-81.829
3481.3,-81.805
3483.3,-81.793
3485.2,-81.802
3487.2,-81.836
3489.1,-81.892
3491.1,-81.96
3493,-82.026
3495,-82.076
3496.9,-82.105
3498.9,-82.11
3500.9,-82.094
3502.8,-82.065
3504.8,-82.028
3506.7,-81.994
3508.7,-81.973
3510.6,-81.973
3512.6,-81.996
3514.5,-82.04
3516.5,-82.096
3518.4,-82.153
3520.4,-82.202
3522.3,-82.238
3524.3,-82.259
3526.3,-82.266
3528.2,-82.259
3530.2,-82.237
3532.1,-82.199
3534.1,-82.146
3536,-82.081
3538,-82.013
3539.9,-81.951
3541.9,-81.902
3543.8,-81.867
3545.8,-81.844
3547.7,-81.828
3549.7,-81.816
3551.6,-81.809
3553.6,-81.811
3555.6,-81.826
3557.5,-81.856
3559.5,-81.899
3561.4,-81.951
3563.4,-82.011
3565.3,-82.077
3567.3,-82.148
3569.2,-82.223
3571.2,-82.294
3573.1,-82.353
3575.1,-82.388
3577,-82.389
3579,-82.356
3581,-82.297
3582.9,-82.227
3584.9,-82.159
3586.8,-82.102
3588.8,-82.06
3590.7,-82.026
3592.7,-81.997
3594.6,-81.968
3596.6,-81.937
3598.5,-81.906
3600.5,-81.877
3602.4,-81.853
3604.4,-81.835
3606.3,-81.821
3608.3,-81.812
3610.3,-81.809
3612.2,-81.815
3614.2,-81.833
3616.1,-81.863
3618.1,-81.908
3620,-81.963
3622,-82.022
3623.9,-82.076
3625.9,-82.115
3627.8,-82.131
3629.8,-82.12
3631.7,-82.084
3633.7,-82.028
3635.7,-81.957
3637.6,-81.883
3639.6,-81.814
3641.5,-81.761
3643.5,-81.734
3645.4,-81.739
3647.4,-81.776
3649.3,-81.838
3651.3,-81.91
3653.2,-81.977
3655.2,-82.022
3657.1,-82.037
3659.1,-82.023
3661.1,-81.993
3663,-81.965
3665,-81.952
3666.9,-81.964
3668.9,-81.994
3670.8,-82.033
3672.8,-82.064
3674.7,-82.073
3676.7,-82.058
3678.6,-82.02
3680.6,-81.971
3682.5,-81.921
3684.5,-81.879
3686.4,-81.85
3688.4,-81.839
3690.4,-81.844
3692.3,-81.86
3694.3,-81.88
3696.2,-81.896
3698.2,-81.903
3700.1,-81.898
3702.1,-81.889
3704,-81.885
3706,-81.893
3707.9,-81.92
3709.9,-81.964
3711.8,-82.018
3713.8,-82.073
3715.8,-82.115
3717.7,-82.134
3719.7,-82.123
3721.6,-82.082
3723.6,-82.019
3725.5,-81.947
3727.5,-81.878
3729.4,-81.823
3731.4,-81.787
3733.3,-81.77
3735.3,-81.767
3737.2,-81.775
3739.2,-81.793
3741.1,-81.821
3743.1,-81.862
3745.1,-81.916
3747,-81.979
3749,-82.044
3750.9,-82.103
3752.9,-82.146
3754.8,-82.168
3756.8,-82.168
3758.7,-82.149
3760.7,-82.117
3762.6,-82.079
3764.6,-82.039
3766.5,-82.003
3768.5,-81.974
3770.5,-81.952
3772.4,-81.938
3774.4,-81.93
3776.3,-81.926
3778.3,-81.922
3780.2,-81.919
3782.2,-81.914
3784.1,-81.907
3786.1,-81.896
3788,-81.878
3790,-81.855
3791.9,-81.83
3793.9,-81.812
3795.8,-81.813
3797.8,-81.843
3799.8,-81.906
3801.7,-82
3803.7,-82.115
3805.6,-82.234
3807.6,-82.34
3809.5,-82.418
3811.5,-82.459
3813.4,-82.462
3815.4,-82.432
3817.3,-82.375
3819.3,-82.299
3821.2,-82.215
3823.2,-82.13
3825.2,-82.05
3827.1,-81.977
3829.1,-81.908
3831,-81.84
3833,-81.77
3834.9,-81.705
3836.9,-81.652
3838.8,-81.625
3840.8,-81.633
3842.7,-81.682
3844.7,-81.766
3846.6,-81.873
3848.6,-81.984
3850.5,-82.08
3852.5,-82.145
3854.5,-82.172
3856.4,-82.168
3858.4,-82.143
3860.3,-82.112
3862.3,-82.086
3864.2,-82.068
3866.2,-82.057
3868.1,-82.046
3870.1,-82.032
3872,-82.015
3874,-82
3875.9,-81.992
3877.9,-81.998
3879.9,-82.016
3881.8,-82.044
3883.8,-82.076
3885.7,-82.105
3887.7,-82.127
3889.6,-82.14
3891.6,-82.145
3893.5,-82.144
3895.5,-82.14
3897.4,-82.135
3899.4,-82.129
3901.3,-82.12
3903.3,-82.108
3905.3,-82.091
3907.2,-82.067
3909.2,-82.04
3911.1,-82.009
3913.1,-81.978
3915,-81.949
3917,-81.925
3918.9,-81.907
3920.9,-81.897
3922.8,-81.897
3924.8,-81.91
3926.7,-81.938
3928.7,-81.982
3930.6,-82.042
3932.6,-82.116
3934.6,-82.199
3936.5,-82.282
3938.5,-82.358
3940.4,-82.422
3942.4,-82.468
3944.3,-82.495
3946.3,-82.5
3948.2,-82.48
3950.2,-82.435
3952.1,-82.366
3954.1,-82.28
3956,-82.19
3958,-82.108
3960,-82.049
3961.9,-82.022
3963.9,-82.028
3965.8,-82.063
3967.8,-82.113
3969.7,-82.16
3971.7,-82.189
3973.6,-82.19
3975.6,-82.161
3977.5,-82.111
3979.5,-82.053
3981.4,-82.003
3983.4,-81.969
3985.3,-81.956
3987.3,-81.963
3989.3,-81.984
3991.2,-82.014
3993.2,-82.048
3995.1,-82.083
3997.1,-82.116
3999,-82.144
4001,-82.161
4002.9,-82.162
4004.9,-82.148
4006.8,-82.123
4008.8,-82.095
4010.7,-82.074
4012.7,-82.067
4014.7,-82.078
4016.6,-82.109
4018.6,-82.153
4020.5,-82.202
4022.5,-82.25
4024.4,-82.287
4026.4,-82.307
4028.3,-82.307
4030.3,-82.285
4032.2,-82.245
4034.2,-82.193
4036.1,-82.139
4038.1,-82.093
4040,-82.065
4042,-82.062
4044,-82.085
4045.9,-82.128
4047.9,-82.183
4049.8,-82.238
4051.8,-82.278
4053.7,-82.295
4055.7,-82.287
4057.6,-82.256
4059.6,-82.211
4061.5,-82.162
4063.5,-82.118
4065.4,-82.085
4067.4,-82.066
4069.4,-82.062
4071.3,-82.071
4073.3,-82.088
4075.2,-82.11
4077.2,-82.13
4079.1,-82.143
4081.1,-82.148
4083,-82.146
4085,-82.142
4086.9,-82.144
4088.9,-82.161
4090.8,-82.199
4092.8,-82.258
4094.7,-82.332
4096.7,-82.409
4098.7,-82.474
4100.6,-82.51
4102.6,-82.504
4104.5,-82.449
4106.5,-82.351
4108.4,-82.221
4110.4,-82.08
4112.3,-81.95
4114.3,-81.85
4116.2,-81.793
4118.2,-81.782
4120.1,-81.809
4122.1,-81.86
4124.1,-81.92
4126,-81.976
4128,-82.019
4129.9,-82.052
4131.9,-82.078
4133.8,-82.103
4135.8,-82.128
4137.7,-82.149
4139.7,-82.165
4141.6,-82.175
4143.6,-82.18
4145.5,-82.183
4147.5,-82.186
4149.5,-82.19
4151.4,-82.193
4153.4,-82.195
4155.3,-82.197
4157.3,-82.2
4159.2,-82.206
4161.2,-82.216
4163.1,-82.228
4165.1,-82.238
4167,-82.242
4169,-82.235
4170.9,-82.215
4172.9,-82.181
4174.8,-82.138
4176.8,-82.098
4178.8,-82.072
4180.7,-82.069
4182.7,-82.095
4184.6,-82.147
4186.6,-82.22
4188.5,-82.302
4190.5,-82.384
4192.4,-82.456
4194.4,-82.508
4196.3,-82.538
4198.3,-82.543
4200.2,-82.526
4202.2,-82.49
4204.2,-82.441
4206.1,-82.385
4208.1,-82.329
4210,-82.282
4212,-82.251
4213.9,-82.239
4215.9,-82.247
4217.8,-82.27
4219.8,-82.297
4221.7,-82.318
4223.7,-82.323
4225.6,-82.311
4227.6,-82.283
4229.5,-82.25
4231.5,-82.22
4233.5,-82.202
4235.4,-82.204
4237.4,-82.225
4239.3,-82.265
4241.3,-82.316
4243.2,-82.372
4245.2,-82.425
4247.1,-82.468
4249.1,-82.495
4251,-82.506
4253,-82.501
4254.9,-82.486
4256.9,-82.466
4258.9,-82.447
4260.8,-82.432
4262.8,-82.418
4264.7,-82.399
4266.7,-82.369
4268.6,-82.324
4270.6,-82.268
4272.5,-82.208
4274.5,-82.158
4276.4,-82.127
4278.4,-82.119
4280.3,-82.133
4282.3,-82.162
4284.2,-82.197
4286.2,-82.227
4288.2,-82.245
4290.1,-82.246
4292.1,-82.231
4294,-82.205
4296,-82.175
4297.9,-82.146
4299.9,-82.121
4301.8,-82.1
4303.8,-82.077
4305.7,-82.05
4307.7,-82.017
4309.6,-81.982
4311.6,-81.954
4313.6,-81.941
4315.5,-81.949
4317.5,-81.98
4319.4,-82.03
4321.4,-82.088
4323.3,-82.146
4325.3,-82.194
4327.2,-82.228
4329.2,-82.244
4331.1,-82.244
4333.1,-82.228
4335,-82.205
4337,-82.184
4338.9,-82.177
4340.9,-82.197
4342.9,-82.248
4344.8,-82.329
4346.8,-82.428
4348.7,-82.528
4350.7,-82.607
4352.6,-82.648
4354.6,-82.638
4356.5,-82.579
4358.5,-82.483
4360.4,-82.372
4362.4,-82.27
4364.3,-82.195
4366.3,-82.156
4368.3,-82.151
4370.2,-82.174
4372.2,-82.212
4374.1,-82.254
4376.1,-82.289
4378,-82.314
4380,-82.328
4381.9,-82.335
4383.9,-82.336
4385.8,-82.334
4387.8,-82.324
4389.7,-82.298
4391.7,-82.248
4393.7,-82.171
4395.6,-82.075
4397.6,-81.975
4399.5,-81.892
4401.5,-81.844
4403.4,-81.844
4405.4,-81.894
4407.3,-81.988
4409.3,-82.111
4411.2,-82.24
4413.2,-82.356
4415.1,-82.442
4417.1,-82.49
4419,-82.506
4421,-82.501
4423,-82.493
4424.9,-82.491
4426.9,-82.501
4428.8,-82.518
4430.8,-82.53
4432.7,-82.526
4434.7,-82.498
4436.6,-82.446
4438.6,-82.377
4440.5,-82.304
4442.5,-82.241
4444.4,-82.197
4446.4,-82.176
4448.4,-82.176
4450.3,-82.194
4452.3,-82.222
4454.2,-82.254
4456.2,-82.287
4458.1,-82.32
4460.1,-82.35
4462,-82.376
4464,-82.398
4465.9,-82.413
4467.9,-82.418
4469.8,-82.408
4471.8,-82.381
4473.7,-82.338
4475.7,-82.283
4477.7,-82.224
4479.6,-82.169
4481.6,-82.127
4483.5,-82.099
4485.5,-82.085
4487.4,-82.081
4489.4,-82.082
4491.3,-82.088
4493.3,-82.102
4495.2,-82.13
4497.2,-82.176
4499.1,-82.24
4501.1,-82.314
4503.1,-82.388
4505,-82.453
4507,-82.501
4508.9,-82.533
4510.9,-82.552
4512.8,-82.565
4514.8,-82.579
4516.7,-82.597
4518.7,-82.622
4520.6,-82.653
4522.6,-82.684
4524.5,-82.708
4526.5,-82.717
4528.4,-82.709
4530.4,-82.685
4532.4,-82.652
4534.3,-82.623
4536.3,-82.607
4538.2,-82.609
4540.2,-82.632
4542.1,-82.672
4544.1,-82.718
4546,-82.759
4548,-82.784
4549.9,-82.784
4551.9,-82.76
4553.8,-82.716
4555.8,-82.663
4557.8,-82.608
4559.7,-82.559
4561.7,-82.514
4563.6,-82.472
4565.6,-82.429
4567.5,-82.383
4569.5,-82.337
4571.4,-82.292
4573.4,-82.255
4575.3,-82.229
4577.3,-82.217
4579.2,-82.224
4581.2,-82.253
4583.2,-82.302
4585.1,-82.367
4587.1,-82.434
4589,-82.488
4591,-82.517
4592.9,-82.512
4594.9,-82.477
4596.8,-82.418
4598.8,-82.351
4600.7,-82.29
4602.7,-82.25
4604.6,-82.244
4606.6,-82.28
4608.5,-82.356
4610.5,-82.462
4612.5,-82.578
4614.4,-82.684
4616.4,-82.76
4618.3,-82.801
4620.3,-82.809
4622.2,-82.796
4624.2,-82.772
4626.1,-82.745
4628.1,-82.719
4630,-82.694
4632,-82.668
4633.9,-82.642
4635.9,-82.613
4637.9,-82.582
4639.8,-82.55
4641.8,-82.517
4643.7,-82.487
4645.7,-82.461
4647.6,-82.437
4649.6,-82.411
4651.5,-82.38
4653.5,-82.345
4655.4,-82.309
4657.4,-82.28
4659.3,-82.266
4661.3,-82.272
4663.2,-82.294
4665.2,-82.329
4667.2,-82.37
4669.1,-82.41
4671.1,-82.45
4673,-82.49
4675,-82.527
4676.9,-82.56
4678.9,-82.584
4680.8,-82.599
4682.8,-82.605
4684.7,-82.608
4686.7,-82.613
4688.6,-82.622
4690.6,-82.637
4692.6,-82.657
4694.5,-82.68
4696.5,-82.706
4698.4,-82.733
4700.4,-82.76
4702.3,-82.786
4704.3,-82.805
4706.2,-82.814
4708.2,-82.807
4710.1,-82.784
4712.1,-82.745
4714,-82.697
4716,-82.649
4717.9,-82.607
4719.9,-82.576
4721.9,-82.555
4723.8,-82.54
4725.8,-82.526
4727.7,-82.509
4729.7,-82.488
4731.6,-82.462
4733.6,-82.435
4735.5,-82.409
4737.5,-82.387
4739.4,-82.373
4741.4,-82.368
4743.3,-82.375
4745.3,-82.392
4747.3,-82.416
4749.2,-82.442
4751.2,-82.462
4753.1,-82.469
4755.1,-82.458
4757,-82.43
4759,-82.393
4760.9,-82.355
4762.9,-82.328
4764.8,-82.317
4766.8,-82.322
4768.7,-82.336
4770.7,-82.353
4772.6,-82.369
4774.6,-82.384
4776.6,-82.404
4778.5,-82.434
4780.5,-82.477
4782.4,-82.531
4784.4,-82.591
4786.3,-82.652
4788.3,-82.707
4790.2,-82.752
4792.2,-82.786
4794.1,-82.807
4796.1,-82.814
4798,-82.809
4800,-82.792
4802,-82.766
4803.9,-82.734
4805.9,-82.699
4807.8,-82.665
4809.8,-82.634
4811.7,-82.606
4813.7,-82.584
4815.6,-82.566
4817.6,-82.555
4819.5,-82.554
4821.5,-82.566
4823.4,-82.594
4825.4,-82.642
4827.4,-82.706
4829.3,-82.779
4831.3,-82.851
4833.2,-82.906
4835.2,-82.933
4837.1,-82.923
4839.1,-82.876
4841,-82.802
4843,-82.717
4844.9,-82.635
4846.9,-82.571
4848.8,-82.53
4850.8,-82.512
4852.7,-82.507
4854.7,-82.503
4856.7,-82.491
4858.6,-82.465
4860.6,-82.428
4862.5,-82.389
4864.5,-82.357
4866.4,-82.34
4868.4,-82.341
4870.3,-82.356
4872.3,-82.381
4874.2,-82.41
4876.2,-82.441
4878.1,-82.474
4880.1,-82.507
4882.1,-82.538
4884,-82.558
4886,-82.56
4887.9,-82.539
4889.9,-82.495
4891.8,-82.439
4893.8,-82.386
4895.7,-82.354
4897.7,-82.351
4899.6,-82.378
4901.6,-82.428
4903.5,-82.486
4905.5,-82.541
4907.4,-82.585
4909.4,-82.616
4911.4,-82.637
4913.3,-82.651
4915.3,-82.658
4917.2,-82.653
4919.2,-82.632
4921.1,-82.593
4923.1,-82.545
4925,-82.501
4927,-82.478
4928.9,-82.485
4930.9,-82.522
4932.8,-82.579
4934.8,-82.641
4936.8,-82.695
4938.7,-82.734
4940.7,-82.762
4942.6,-82.785
4944.6,-82.806
4946.5,-82.825
4948.5,-82.838
4950.4,-82.841
4952.4,-82.833
4954.3,-82.819
4956.3,-82.806
4958.2,-82.8
4960.2,-82.805
4962.1,-82.817
4964.1,-82.829
4966.1,-82.832
4968,-82.817
4970,-82.78
4971.9,-82.719
4973.9,-82.641
4975.8,-82.557
4977.8,-82.477
4979.7,-82.41
4981.7,-82.358
4983.6,-82.321
4985.6,-82.293
4987.5,-82.272
4989.5,-82.26
4991.5,-82.261
4993.4,-82.28
4995.4,-82.319
4997.3,-82.374
4999.3,-82.436
5001.2,-82.496
5003.2,-82.547
5005.1,-82.586
5007.1,-82.616
5009,-82.643
5011,-82.673
5012.9,-82.709
5014.9,-82.747
5016.8,-82.782
5018.8,-82.805
5020.8,-82.806
5022.7,-82.779
5024.7,-82.722
5026.6,-82.642
5028.6,-82.551
5030.5,-82.469
5032.5,-82.413
5034.4,-82.395
5036.4,-82.415
5038.3,-82.464
5040.3,-82.525
5042.2,-82.577
5044.2,-82.607
5046.2,-82.608
5048.1,-82.586
5050.1,-82.549
5052,-82.508
5054,-82.473
5055.9,-82.448
5057.9,-82.438
5059.8,-82.445
5061.8,-82.471
5063.7,-82.517
5065.7,-82.582
5067.6,-82.66
5069.6,-82.742
5071.6,-82.819
5073.5,-82.882
5075.5,-82.924
5077.4,-82.942
5079.4,-82.935
5081.3,-82.904
5083.3,-82.851
5085.2,-82.78
5087.2,-82.698
5089.1,-82.614
5091.1,-82.538
5093,-82.476
5095,-82.432
5096.9,-82.408
5098.9,-82.403
5100.9,-82.417
5102.8,-82.452
5104.8,-82.509
5106.7,-82.586
5108.7,-82.676
5110.6,-82.768
5112.6,-82.845
5114.5,-82.896
5116.5,-82.913
5118.4,-82.899
5120.4,-82.864
5122.3,-82.82
5124.3,-82.783
5126.3,-82.759
5128.2,-82.753
5130.2,-82.764
5132.1,-82.785
5134.1,-82.81
5136,-82.833
5138,-82.851
5139.9,-82.861
5141.9,-82.868
5143.8,-82.876
5145.8,-82.89
5147.7,-82.914
5149.7,-82.946
5151.6,-82.983
5153.6,-83.018
5155.6,-83.043
5157.5,-83.053
5159.5,-83.045
5161.4,-83.021
5163.4,-82.987
5165.3,-82.946
5167.3,-82.903
5169.2,-82.86
5171.2,-82.822
5173.1,-82.79
5175.1,-82.77
5177,-82.761
5179,-82.763
5181,-82.771
5182.9,-82.778
5184.9,-82.776
5186.8,-82.759
5188.8,-82.729
5190.7,-82.691
5192.7,-82.653
5194.6,-82.627
5196.6,-82.62
5198.5,-82.638
5200.5,-82.681
5202.4,-82.746
5204.4,-82.828
5206.3,-82.919
5208.3,-83.008
5210.3,-83.084
5212.2,-83.136
5214.2,-83.157
5216.1,-83.142
5218.1,-83.096
5220,-83.026
5222,-82.945
5223.9,-82.865
5225.9,-82.797
5227.8,-82.747
5229.8,-82.714
5231.7,-82.692
5233.7,-82.675
5235.7,-82.655
5237.6,-82.629
5239.6,-82.603
5241.5,-82.581
5243.5,-82.57
5245.4,-82.572
5247.4,-82.588
5249.3,-82.611
5251.3,-82.639
5253.2,-82.666
5255.2,-82.688
5257.1,-82.701
5259.1,-82.705
5261.1,-82.699
5263,-82.687
5265,-82.671
5266.9,-82.65
5268.9,-82.625
5270.8,-82.594
5272.8,-82.557
5274.7,-82.52
5276.7,-82.489
5278.6,-82.473
5280.6,-82.476
5282.5,-82.499
5284.5,-82.534
5286.4,-82.569
5288.4,-82.591
5290.4,-82.591
5292.3,-82.568
5294.3,-82.529
5296.2,-82.488
5298.2,-82.46
5300.1,-82.459
5302.1,-82.488
5304,-82.545
5306,-82.62
5307.9,-82.697
5309.9,-82.76
5311.8,-82.796
5313.8,-82.801
5315.8,-82.777
5317.7,-82.736
5319.7,-82.692
5321.6,-82.657
5323.6,-82.636
5325.5,-82.626
5327.5,-82.62
5329.4,-82.609
5331.4,-82.589
5333.3,-82.561
5335.3,-82.534
5337.2,-82.517
5339.2,-82.521
5341.1,-82.548
5343.1,-82.596
5345.1,-82.652
5347,-82.705
5349,-82.74
5350.9,-82.749
5352.9,-82.734
5354.8,-82.701
5356.8,-82.663
5358.7,-82.632
5360.7,-82.614
5362.6,-82.615
5364.6,-82.634
5366.5,-82.669
5368.5,-82.716
5370.5,-82.769
5372.4,-82.82
5374.4,-82.858
5376.3,-82.874
5378.3,-82.86
5380.2,-82.817
5382.2,-82.753
5384.1,-82.684
5386.1,-82.622
5388,-82.578
5390,-82.559
5391.9,-82.567
5393.9,-82.598
5395.8,-82.65
5397.8,-82.718
5399.8,-82.796
5401.7,-82.877
5403.7,-82.953
5405.6,-83.016
5407.6,-83.059
5409.5,-83.077
5411.5,-83.071
5413.4,-83.047
5415.4,-83.016
5417.3,-82.988
5419.3,-82.969
5421.2,-82.958
5423.2,-82.947
5425.2,-82.924
5427.1,-82.881
5429.1,-82.821
5431,-82.751
5433,-82.686
5434.9,-82.637
5436.9,-82.611
5438.8,-82.61
5440.8,-82.632
5442.7,-82.671
5444.7,-82.721
5446.6,-82.777
5448.6,-82.836
5450.5,-82.894
5452.5,-82.947
5454.5,-82.993
5456.4,-83.031
5458.4,-83.059
5460.3,-83.076
5462.3,-83.081
5464.2,-83.075
5466.2,-83.06
5468.1,-83.04
5470.1,-83.018
5472,-82.995
5474,-82.97
5475.9,-82.941
5477.9,-82.909
5479.9,-82.878
5481.8,-82.854
5483.8,-82.842
5485.7,-82.844
5487.7,-82.859
5489.6,-82.881
5491.6,-82.901
5493.5,-82.913
5495.5,-82.912
5497.4,-82.895
5499.4,-82.869
5501.3,-82.841
5503.3,-82.821
5505.3,-82.816
5507.2,-82.825
5509.2,-82.843
5511.1,-82.859
5513.1,-82.86
5515,-82.843
5517,-82.809
5518.9,-82.765
5520.9,-82.72
5522.8,-82.681
5524.8,-82.649
5526.7,-82.625
5528.7,-82.607
5530.6,-82.593
5532.6,-82.582
5534.6,-82.572
5536.5,-82.563
5538.5,-82.555
5540.4,-82.551
5542.4,-82.556
5544.3,-82.573
5546.3,-82.602
5548.2,-82.643
5550.2,-82.687
5552.1,-82.728
5554.1,-82.759
5556,-82.776
5558,-82.78
5560,-82.775
5561.9,-82.765
5563.9,-82.753
5565.8,-82.74
5567.8,-82.725
5569.7,-82.707
5571.7,-82.687
5573.6,-82.668
5575.6,-82.652
5577.5,-82.645
5579.5,-82.647
5581.4,-82.657
5583.4,-82.67
5585.3,-82.677
5587.3,-82.671
5589.3,-82.649
5591.2,-82.612
5593.2,-82.568
5595.1,-82.528
5597.1,-82.501
5599,-82.494
5601,-82.506
5602.9,-82.533
5604.9,-82.568
5606.8,-82.602
5608.8,-82.634
5610.7,-82.661
5612.7,-82.686
5614.7,-82.708
5616.6,-82.727
5618.6,-82.742
5620.5,-82.755
5622.5,-82.772
5624.4,-82.799
5626.4,-82.841
5628.3,-82.899
5630.3,-82.964
5632.2,-83.023
5634.2,-83.062
5636.1,-83.07
5638.1,-83.048
5640,-83.008
5642,-82.964
5644,-82.93
5645.9,-82.912
5647.9,-82.906
5649.8,-82.9
5651.8,-82.881
5653.7,-82.838
5655.7,-82.773
5657.6,-82.699
5659.6,-82.632
5661.5,-82.59
5663.5,-82.581
5665.4,-82.604
5667.4,-82.647
5669.4,-82.697
5671.3,-82.741
5673.3,-82.777
5675.2,-82.807
5677.2,-82.838
5679.1,-82.873
5681.1,-82.909
5683,-82.935
5685,-82.939
5686.9,-82.913
5688.9,-82.857
5690.8,-82.781
5692.8,-82.7
5694.7,-82.629
5696.7,-82.578
5698.7,-82.552
5700.6,-82.552
5702.6,-82.575
5704.5,-82.617
5706.5,-82.673
5708.4,-82.735
5710.4,-82.798
5712.3,-82.854
5714.3,-82.9
5716.2,-82.933
5718.2,-82.956
5720.1,-82.972
5722.1,-82.986
5724.1,-83.002
5726,-83.022
5728,-83.042
5729.9,-83.054
5731.9,-83.05
5733.8,-83.022
5735.8,-82.968
5737.7,-82.895
5739.7,-82.813
5741.6,-82.737
5743.6,-82.684
5745.5,-82.663
5747.5,-82.678
5749.5,-82.72
5751.4,-82.78
5753.4,-82.843
5755.3,-82.901
5757.3,-82.948
5759.2,-82.984
5761.2,-83.008
5763.1,-83.02
5765.1,-83.021
5767,-83.011
5769,-82.992
5770.9,-82.966
5772.9,-82.938
5774.8,-82.913
5776.8,-82.899
5778.8,-82.903
5780.7,-82.928
5782.7,-82.969
5784.6,-83.018
5786.6,-83.06
5788.5,-83.083
5790.5,-83.08
5792.4,-83.055
5794.4,-83.015
5796.3,-82.977
5798.3,-82.952
5800.2,-82.951
5802.2,-82.975
5804.2,-83.022
5806.1,-83.081
5808.1,-83.142
5810,-83.193
5812,-83.227
5813.9,-83.239
5815.9,-83.233
5817.8,-83.213
5819.8,-83.187
5821.7,-83.163
5823.7,-83.147
5825.6,-83.144
5827.6,-83.156
5829.5,-83.183
5831.5,-83.221
5833.5,-83.264
5835.4,-83.301
5837.4,-83.322
5839.3,-83.319
5841.3,-83.287
5843.2,-83.231
5845.2,-83.161
5847.1,-83.087
5849.1,-83.023
5851,-82.978
5853,-82.956
5854.9,-82.955
5856.9,-82.973
5858.9,-83.002
5860.8,-83.033
5862.8,-83.059
5864.7,-83.078
5866.7,-83.089
5868.6,-83.097
5870.6,-83.111
5872.5,-83.134
5874.5,-83.169
5876.4,-83.21
5878.4,-83.248
5880.3,-83.277
5882.3,-83.294
5884.2,-83.303
5886.2,-83.316
5888.2,-83.342
5890.1,-83.386
5892.1,-83.447
5894,-83.514
5896,-83.577
5897.9,-83.625
5899.9,-83.652
5901.8,-83.656
5903.8,-83.639
5905.7,-83.606
5907.7,-83.562
5909.6,-83.512
5911.6,-83.461
5913.6,-83.41
5915.5,-83.361
5917.5,-83.313
5919.4,-83.265
5921.4,-83.218
5923.3,-83.173
5925.3,-83.133
5927.2,-83.101
5929.2,-83.081
5931.1,-83.074
5933.1,-83.079
5935,-83.093
5937,-83.11
5938.9,-83.124
5940.9,-83.127
5942.9,-83.116
5944.8,-83.089
5946.8,-83.05
5948.7,-83.005
5950.7,-82.961
5952.6,-82.927
5954.6,-82.907
5956.5,-82.901
5958.5,-82.909
5960.4,-82.932
5962.4,-82.972
5964.3,-83.032
5966.3,-83.113
5968.3,-83.212
5970.2,-83.318
5972.2,-83.413
5974.1,-83.483
5976.1,-83.517
5978,-83.515
5980,-83.487
5981.9,-83.447
5983.9,-83.407
5985.8,-83.374
5987.8,-83.344
5989.7,-83.313
5991.7,-83.278
5993.7,-83.242
5995.6,-83.214
5997.6,-83.207
5999.5,-83.229
6001.5,-83.282
6003.4,-83.356
6005.4,-83.437
6007.3,-83.508
6009.3,-83.555
6011.2,-83.573
6013.2,-83.563
6015.1,-83.535
6017.1,-83.5
6019,-83.471
6021,-83.455
6023,-83.454
6024.9,-83.462
6026.9,-83.472
6028.8,-83.481
6030.8,-83.486
6032.7,-83.494
6034.7,-83.508
6036.6,-83.533
6038.6,-83.568
6040.5,-83.607
6042.5,-83.644
6044.4,-83.668
6046.4,-83.672
6048.4,-83.65
6050.3,-83.601
6052.3,-83.532
6054.2,-83.453
6056.2,-83.381
6058.1,-83.329
6060.1,-83.308
6062,-83.32
6064,-83.363
6065.9,-83.426
6067.9,-83.497
6069.8,-83.567
6071.8,-83.63
6073.7,-83.691
6075.7,-83.752
6077.7,-83.818
6079.6,-83.884
6081.6,-83.942
6083.5,-83.979
6085.5,-83.989
6087.4,-83.967
6089.4,-83.921
6091.3,-83.863
6093.3,-83.807
6095.2,-83.766
6097.2,-83.747
6099.1,-83.754
6101.1,-83.784
6103.1,-83.829
6105,-83.881
6107,-83.926
6108.9,-83.958
6110.9,-83.972
6112.8,-83.971
6114.8,-83.966
6116.7,-83.964
6118.7,-83.974
6120.6,-83.995
6122.6,-84.021
6124.5,-84.045
6126.5,-84.058
6128.4,-84.058
6130.4,-84.047
6132.4,-84.033
6134.3,-84.022
6136.3,-84.019
6138.2,-84.027
6140.2,-84.045
6142.1,-84.07
6144.1,-84.098
6146,-84.125
6148,-84.146
6149.9,-84.158
6151.9,-84.162
6153.8,-84.162
6155.8,-84.166
6157.8,-84.176
6159.7,-84.195
6161.7,-84.217
6163.6,-84.233
6165.6,-84.236
6167.5,-84.222
6169.5,-84.195
6171.4,-84.16
6173.4,-84.127
6175.3,-84.099
6177.3,-84.079
6179.2,-84.068
6181.2,-84.064
6183.2,-84.068
6185.1,-84.079
6187.1,-84.097
6189,-84.12
6191,-84.145
6192.9,-84.171
6194.9,-84.197
6196.8,-84.223
6198.8,-84.254
6200.7,-84.29
6202.7,-84.333
6204.6,-84.382
6206.6,-84.433
6208.5,-84.484
6210.5,-84.532
6212.5,-84.572
6214.4,-84.599
6216.4,-84.609
6218.3,-84.599
6220.3,-84.573
6222.2,-84.54
6224.2,-84.51
6226.1,-84.49
6228.1,-84.483
6230,-84.482
6232,-84.478
6233.9,-84.465
6235.9,-84.443
6237.9,-84.417
6239.8,-84.397
6241.8,-84.392
6243.7,-84.408
6245.7,-84.444
6247.6,-84.497
6249.6,-84.561
6251.5,-84.627
6253.5,-84.689
6255.4,-84.741
6257.4,-84.784
6259.3,-84.823
6261.3,-84.863
6263.2,-84.909
6265.2,-84.958
6267.2,-85.004
6269.1,-85.036
6271.1,-85.05
6273,-85.047
6275,-85.036
6276.9,-85.028
6278.9,-85.029
6280.8,-85.039
6282.8,-85.052
6284.7,-85.057
6286.7,-85.044
6288.6,-85.011
6290.6,-84.96
6292.6,-84.901
6294.5,-84.847
6296.5,-84.806
6298.4,-84.781
6300.4,-84.769
6302.3,-84.764
6304.3,-84.758
6306.2,-84.75
6308.2,-84.742
6310.1,-84.743
6312.1,-84.762
6314,-84.807
6316,-84.878
6317.9,-84.97
6319.9,-85.071
6321.9,-85.17
6323.8,-85.256
6325.8,-85.321
6327.7,-85.366
6329.7,-85.39
6331.6,-85.398
6333.6,-85.395
6335.5,-85.387
6337.5,-85.38
6339.4,-85.379
6341.4,-85.387
6343.3,-85.404
6345.3,-85.431
6347.3,-85.462
6349.2,-85.494
6351.2,-85.522
6353.1,-85.541
6355.1,-85.551
6357,-85.558
6359,-85.569
6360.9,-85.588
6362.9,-85.618
6364.8,-85.655
6366.8,-85.694
6368.7,-85.727
6370.7,-85.751
6372.6,-85.764
6374.6,-85.767
6376.6,-85.766
6378.5,-85.768
6380.5,-85.779
6382.4,-85.805
6384.4,-85.846
6386.3,-85.9
6388.3,-85.961
6390.2,-86.023
6392.2,-86.077
6394.1,-86.116
6396.1,-86.132
6398,-86.124
6400,-86.093
6402,-86.049
6403.9,-86.005
6405.9,-85.973
6407.8,-85.96
6409.8,-85.968
6411.7,-85.991
6413.7,-86.022
6415.6,-86.057
6417.6,-86.094
6419.5,-86.131
6421.5,-86.165
6423.4,-86.19
6425.4,-86.196
6427.4,-86.174
6429.3,-86.123
6431.3,-86.052
6433.2,-85.975
6435.2,-85.909
6437.1,-85.873
6439.1,-85.874
6441,-85.915
6443,-85.989
6444.9,-86.083
6446.9,-86.181
6448.8,-86.269
6450.8,-86.337
6452.7,-86.384
6454.7,-86.412
6456.7,-86.426
6458.6,-86.432
6460.6,-86.437
6462.5,-86.445
6464.5,-86.459
6466.4,-86.478
6468.4,-86.501
6470.3,-86.523
6472.3,-86.542
6474.2,-86.558
6476.2,-86.573
6478.1,-86.59
6480.1,-86.614
6482.1,-86.649
6484,-86.698
6486,-86.761
6487.9,-86.832
6489.9,-86.903
6491.8,-86.962
6493.8,-87.004
6495.7,-87.03
6497.7,-87.049
6499.6,-87.073
6501.6,-87.111
6503.5,-87.168
6505.5,-87.236
6507.4,-87.301
6509.4,-87.347
6511.4,-87.36
6513.3,-87.338
6515.3,-87.293
6517.2,-87.243
6519.2,-87.209
6521.1,-87.205
6523.1,-87.242
6525,-87.316
6527,-87.422
6528.9,-87.548
6530.9,-87.68
6532.8,-87.806
6534.8,-87.912
6536.8,-87.991
6538.7,-88.033
6540.7,-88.038
6542.6,-88.009
6544.6,-87.957
6546.5,-87.894
6548.5,-87.835
6550.4,-87.794
6552.4,-87.78
6554.3,-87.796
6556.3,-87.838
6558.2,-87.896
6560.2,-87.96
6562.1,-88.017
6564.1,-88.062
6566.1,-88.096
6568,-88.124
6570,-88.155
6571.9,-88.191
6573.9,-88.233
6575.8,-88.275
6577.8,-88.311
6579.7,-88.335
6581.7,-88.347
6583.6,-88.349
6585.6,-88.346
6587.5,-88.345
6589.5,-88.35
6591.5,-88.365
6593.4,-88.389
6595.4,-88.422
6597.3,-88.463
6599.3,-88.51
6601.2,-88.562
6603.2,-88.613
6605.1,-88.659
6607.1,-88.692
6609,-88.705
6611,-88.694
6612.9,-88.661
6614.9,-88.612
6616.8,-88.555
6618.8,-88.502
6620.8,-88.462
6622.7,-88.444
6624.7,-88.454
6626.6,-88.491
6628.6,-88.552
6630.5,-88.625
6632.5,-88.701
6634.4,-88.768
6636.4,-88.824
6638.3,-88.871
6640.3,-88.918
6642.2,-88.975
6644.2,-89.048
6646.2,-89.133
6648.1,-89.221
6650.1,-89.299
6652,-89.355
6654,-89.383
6655.9,-89.387
6657.9,-89.375
6659.8,-89.36
6661.8,-89.351
6663.7,-89.355
6665.7,-89.377
6667.6,-89.416
6669.6,-89.472
6671.6,-89.542
6673.5,-89.623
6675.5,-89.707
6677.4,-89.787
6679.4,-89.855
6681.3,-89.903
6683.3,-89.931
6685.2,-89.942
6687.2,-89.939
6689.1,-89.929
6691.1,-89.916
6693,-89.905
6695,-89.901
6696.9,-89.911
6698.9,-89.939
6700.9,-89.99
6702.8,-90.061
6704.8,-90.146
6706.7,-90.235
6708.7,-90.318
6710.6,-90.39
6712.6,-90.449
6714.5,-90.494
6716.5,-90.527
6718.4,-90.546
6720.4,-90.549
6722.3,-90.536
6724.3,-90.51
6726.3,-90.476
6728.2,-90.442
6730.2,-90.416
6732.1,-90.404
6734.1,-90.408
6736,-90.431
6738,-90.474
6739.9,-90.538
6741.9,-90.622
6743.8,-90.72
6745.8,-90.823
6747.7,-90.919
6749.7,-90.996
6751.6,-91.045
6753.6,-91.07
6755.6,-91.081
6757.5,-91.097
6759.5,-91.132
6761.4,-91.196
6763.4,-91.289
6765.3,-91.398
6767.3,-91.508
6769.2,-91.604
6771.2,-91.674
6773.1,-91.718
6775.1,-91.74
6777,-91.752
6779,-91.761
6781,-91.773
6782.9,-91.787
6784.9,-91.801
6786.8,-91.812
6788.8,-91.818
6790.7,-91.821
6792.7,-91.823
6794.6,-91.829
6796.6,-91.843
6798.5,-91.872
6800.5,-91.918
6802.4,-91.98
6804.4,-92.054
6806.3,-92.129
6808.3,-92.194
6810.3,-92.241
6812.2,-92.268
6814.2,-92.279
6816.1,-92.282
6818.1,-92.284
6820,-92.289
6822,-92.3
6823.9,-92.314
6825.9,-92.332
6827.8,-92.355
6829.8,-92.388
6831.7,-92.436
6833.7,-92.503
6835.7,-92.59
6837.6,-92.693
6839.6,-92.806
6841.5,-92.924
6843.5,-93.039
6845.4,-93.144
6847.4,-93.236
6849.3,-93.311
6851.3,-93.368
6853.2,-93.408
6855.2,-93.431
6857.1,-93.441
6859.1,-93.445
6861.1,-93.451
6863,-93.467
6865,-93.503
6866.9,-93.561
6868.9,-93.64
6870.8,-93.734
6872.8,-93.836
6874.7,-93.941
6876.7,-94.042
6878.6,-94.138
6880.6,-94.223
6882.5,-94.295
6884.5,-94.349
6886.4,-94.386
6888.4,-94.409
6890.4,-94.425
6892.3,-94.439
6894.3,-94.457
6896.2,-94.478
6898.2,-94.498
6900.1,-94.513
6902.1,-94.517
6904,-94.508
6906,-94.492
6907.9,-94.474
6909.9,-94.466
6911.8,-94.473
6913.8,-94.5
6915.8,-94.547
6917.7,-94.612
6919.7,-94.688
6921.6,-94.77
6923.6,-94.849
6925.5,-94.92
6927.5,-94.978
6929.4,-95.026
6931.4,-95.068
6933.3,-95.114
6935.3,-95.171
6937.2,-95.242
6939.2,-95.322
6941.1,-95.403
6943.1,-95.476
6945.1,-95.535
6947,-95.581
6949,-95.621
6950.9,-95.659
6952.9,-95.702
6954.8,-95.749
6956.8,-95.8
6958.7,-95.853
6960.7,-95.907
6962.6,-95.962
6964.6,-96.014
6966.5,-96.059
6968.5,-96.092
6970.5,-96.108
6972.4,-96.108
6974.4,-96.098
6976.3,-96.088
6978.3,-96.09
6980.2,-96.111
6982.2,-96.152
6984.1,-96.212
6986.1,-96.281
6988,-96.353
6990,-96.423
6991.9,-96.492
6993.9,-96.563
6995.8,-96.643
6997.8,-96.735
6999.8,-96.841
7001.7,-96.959
7003.7,-97.084
7005.6,-97.206
7007.6,-97.316
7009.5,-97.405
7011.5,-97.468
7013.4,-97.505
7015.4,-97.52
7017.3,-97.526
7019.3,-97.535
7021.2,-97.559
7023.2,-97.603
7025.2,-97.665
7027.1,-97.739
7029.1,-97.82
7031,-97.905
7033,-97.997
7034.9,-98.1
7036.9,-98.217
7038.8,-98.348
7040.8,-98.487
7042.7,-98.621
7044.7,-98.74
7046.6,-98.83
7048.6,-98.886
7050.5,-98.907
7052.5,-98.903
7054.5,-98.887
7056.4,-98.873
7058.4,-98.87
7060.3,-98.879
7062.3,-98.895
7064.2,-98.911
7066.2,-98.923
7068.1,-98.935
7070.1,-98.956
7072,-99
7074,-99.075
7075.9,-99.179
7077.9,-99.302
7079.9,-99.426
7081.8,-99.54
7083.8,-99.635
7085.7,-99.717
7087.7,-99.79
7089.6,-99.863
7091.6,-99.938
7093.5,-100.01
7095.5,-100.09
7097.4,-100.16
7099.4,-100.23
7101.3,-100.29
7103.3,-100.34
7105.3,-100.38
7107.2,-100.42
7109.2,-100.46
7111.1,-100.51
7113.1,-100.57
7115,-100.65
7117,-100.75
7118.9,-100.84
7120.9,-100.92
7122.8,-100.98
7124.8,-101.02
7126.7,-101.05
7128.7,-101.09
7130.6,-101.14
7132.6,-101.2
7134.6,-101.27
7136.5,-101.35
7138.5,-101.44
7140.4,-101.53
7142.4,-101.63
7144.3,-101.72
7146.3,-101.79
7148.2,-101.85
7150.2,-101.89
7152.1,-101.94
7154.1,-102
7156,-102.08
7158,-102.2
7160,-102.32
7161.9,-102.44
7163.9,-102.54
7165.8,-102.6
7167.8,-102.63
7169.7,-102.63
7171.7,-102.63
7173.6,-102.65
7175.6,-102.69
7177.5,-102.76
7179.5,-102.86
7181.4,-102.98
7183.4,-103.1
7185.3,-103.22
7187.3,-103.33
7189.3,-103.41
7191.2,-103.49
7193.2,-103.54
7195.1,-103.58
7197.1,-103.62
7199,-103.65
7201,-103.69
7202.9,-103.74
7204.9,-103.81
7206.8,-103.88
7208.8,-103.97
7210.7,-104.05
7212.7,-104.13
7214.7,-104.21
7216.6,-104.27
7218.6,-104.34
7220.5,-104.4
7222.5,-104.48
7224.4,-104.56
7226.4,-104.66
7228.3,-104.78
7230.3,-104.9
7232.2,-105.03
7234.2,-105.16
7236.1,-105.26
7238.1,-105.35
7240,-105.42
7242,-105.48
7244,-105.55
7245.9,-105.65
7247.9,-105.79
7249.8,-105.96
7251.8,-106.15
7253.7,-106.33
7255.7,-106.49
7257.6,-106.6
7259.6,-106.66
7261.5,-106.66
7263.5,-106.64
7265.4,-106.63
7267.4,-106.62
7269.4,-106.64
7271.3,-106.69
7273.3,-106.76
7275.2,-106.84
7277.2,-106.95
7279.1,-107.07
7281.1,-107.2
7283,-107.35
7285,-107.51
7286.9,-107.66
7288.9,-107.78
7290.8,-107.88
7292.8,-107.95
7294.7,-108
7296.7,-108.03
7298.7,-108.05
7300.6,-108.08
7302.6,-108.12
7304.5,-108.18
7306.5,-108.24
7308.4,-108.31
7310.4,-108.37
7312.3,-108.43
7314.3,-108.47
7316.2,-108.53
7318.2,-108.6
7320.1,-108.7
7322.1,-108.83
7324.1,-108.99
7326,-109.16
7328,-109.31
7329.9,-109.44
7331.9,-109.55
7333.8,-109.63
7335.8,-109.71
7337.7,-109.8
7339.7,-109.91
7341.6,-110.04
7343.6,-110.19
7345.5,-110.34
7347.5,-110.47
7349.5,-110.59
7351.4,-110.68
7353.4,-110.75
7355.3,-110.79
7357.3,-110.81
7359.2,-110.84
7361.2,-110.86
7363.1,-110.9
7365.1,-110.96
7367,-111.04
7369,-111.14
7370.9,-111.27
7372.9,-111.41
7374.8,-111.56
7376.8,-111.71
7378.8,-111.87
7380.7,-112
7382.7,-112.11
7384.6,-112.18
7386.6,-112.22
7388.5,-112.24
7390.5,-112.24
7392.4,-112.26
7394.4,-112.31
7396.3,-112.38
7398.3,-112.48
7400.2,-112.59
7402.2,-112.7
7404.2,-112.8
7406.1,-112.89
7408.1,-112.98
7410,-113.08
7412,-113.2
7413.9,-113.34
7415.9,-113.51
7417.8,-113.69
7419.8,-113.87
7421.7,-114.03
7423.7,-114.18
7425.6,-114.31
7427.6,-114.42
7429.5,-114.51
7431.5,-114.61
7433.5,-114.7
7435.4,-114.79
7437.4,-114.89
7439.3,-114.98
7441.3,-115.07
7443.2,-115.14
7445.2,-115.21
7447.1,-115.27
7449.1,-115.33
7451,-115.41
7453,-115.51
7454.9,-115.65
7456.9,-115.83
7458.9,-116.02
7460.8,-116.21
7462.8,-116.38
7464.7,-116.5
7466.7,-116.59
7468.6,-116.66
7470.6,-116.72
7472.5,-116.78
7474.5,-116.85
7476.4,-116.94
7478.4,-117.03
7480.3,-117.12
7482.3,-117.22
7484.2,-117.33
7486.2,-117.46
7488.2,-117.61
7490.1,-117.78
7492.1,-117.97
7494,-118.16
7496,-118.34
7497.9,-118.48
7499.9,-118.58
7501.8,-118.67
7503.8,-118.74
7505.7,-118.82
7507.7,-118.91
7509.6,-119.03
7511.6,-119.15
7513.6,-119.28
7515.5,-119.41
7517.5,-119.53
7519.4,-119.63
7521.4,-119.72
7523.3,-119.78
7525.3,-119.84
7527.2,-119.87
7529.2,-119.91
7531.1,-119.96
7533.1,-120.03
7535,-120.12
7537,-120.26
7538.9,-120.42
7540.9,-120.61
7542.9,-120.81
7544.8,-121
7546.8,-121.18
7548.7,-121.32
7550.7,-121.43
7552.6,-121.52
7554.6,-121.59
7556.5,-121.65
7558.5,-121.72
7560.4,-121.78
7562.4,-121.86
7564.3,-121.95
7566.3,-122.04
7568.3,-122.14
7570.2,-122.24
7572.2,-122.34
7574.1,-122.43
7576.1,-122.51
7578,-122.58
7580,-122.65
7581.9,-122.72
7583.9,-122.78
7585.8,-122.83
7587.8,-122.88
7589.7,-122.94
7591.7,-123.01
7593.7,-123.11
7595.6,-123.25
7597.6,-123.41
7599.5,-123.6
7601.5,-123.8
7603.4,-124.01
7605.4,-124.2
7607.3,-124.36
7609.3,-124.49
7611.2,-124.59
7613.2,-124.65
7615.1,-124.68
7617.1,-124.7
7619,-124.69
7621,-124.68
7623,-124.66
7624.9,-124.65
7626.9,-124.65
7628.8,-124.68
7630.8,-124.74
7632.7,-124.83
7634.7,-124.93
7636.6,-125.02
7638.6,-125.11
7640.5,-125.18
7642.5,-125.25
7644.4,-125.32
7646.4,-125.39
7648.4,-125.47
7650.3,-125.54
7652.3,-125.6
7654.2,-125.64
7656.2,-125.67
7658.1,-125.71
7660.1,-125.76
7662,-125.84
7664,-125.92
7665.9,-126.02
7667.9,-126.12
7669.8,-126.22
7671.8,-126.31
7673.7,-126.39
7675.7,-126.47
7677.7,-126.54
7679.6,-126.62
7681.6,-126.69
7683.5,-126.75
7685.5,-126.81
7687.4,-126.86
7689.4,-126.91
7691.3,-126.94
7693.3,-126.98
7695.2,-127.01
7697.2,-127.05
7699.1,-127.09
7701.1,-127.14
7703.1,-127.19
7705,-127.24
7707,-127.29
7708.9,-127.32
7710.9,-127.33
7712.8,-127.33
7714.8,-127.31
7716.7,-127.28
7718.7,-127.24
7720.6,-127.2
7722.6,-127.17
7724.5,-127.17
7726.5,-127.19
7728.4,-127.24
7730.4,-127.31
7732.4,-127.39
7734.3,-127.47
7736.3,-127.54
7738.2,-127.6
7740.2,-127.65
7742.1,-127.69
7744.1,-127.73
7746,-127.77
7748,-127.81
7749.9,-127.84
7751.9,-127.88
7753.8,-127.92
7755.8,-127.96
7757.8,-128
7759.7,-128.05
7761.7,-128.11
7763.6,-128.16
7765.6,-128.2
7767.5,-128.23
7769.5,-128.24
7771.4,-128.23
7773.4,-128.21
7775.3,-128.17
7777.3,-128.14
7779.2,-128.11
7781.2,-128.09
7783.2,-128.08
7785.1,-128.08
7787.1,-128.09
7789,-128.11
7791,-128.13
7792.9,-128.15
7794.9,-128.18
7796.8,-128.21
7798.8,-128.24
7800.7,-128.25
7802.7,-128.24
7804.6,-128.22
7806.6,-128.18
7808.5,-128.13
7810.5,-128.08
7812.5,-128.04
7814.4,-128
7816.4,-127.98
7818.3,-127.98
7820.3,-127.99
7822.2,-128.03
7824.2,-128.08
7826.1,-128.14
7828.1,-128.22
7830,-128.3
7832,-128.38
7833.9,-128.43
7835.9,-128.47
7837.9,-128.47
7839.8,-128.46
7841.8,-128.43
7843.7,-128.39
7845.7,-128.36
7847.6,-128.34
7849.6,-128.33
7851.5,-128.31
7853.5,-128.29
7855.4,-128.26
7857.4,-128.23
7859.3,-128.21
7861.3,-128.2
7863.2,-128.21
7865.2,-128.25
7867.2,-128.31
7869.1,-128.38
7871.1,-128.43
7873,-128.46
7875,-128.45
7876.9,-128.4
7878.9,-128.33
7880.8,-128.25
7882.8,-128.18
7884.7,-128.14
7886.7,-128.13
7888.6,-128.15
7890.6,-128.19
7892.6,-128.25
7894.5,-128.32
7896.5,-128.39
7898.4,-128.45
7900.4,-128.51
7902.3,-128.54
7904.3,-128.55
7906.2,-128.53
7908.2,-128.49
7910.1,-128.44
7912.1,-128.39
7914,-128.34
7916,-128.32
7917.9,-128.3
7919.9,-128.3
7921.9,-128.3
7923.8,-128.3
7925.8,-128.28
7927.7,-128.24
7929.7,-128.18
7931.6,-128.11
7933.6,-128.05
7935.5,-127.99
7937.5,-127.94
7939.4,-127.92
7941.4,-127.91
7943.3,-127.91
7945.3,-127.92
7947.3,-127.93
7949.2,-127.93
7951.2,-127.93
7953.1,-127.93
7955.1,-127.93
7957,-127.94
7959,-127.94
7960.9,-127.96
7962.9,-127.98
7964.8,-128.01
7966.8,-128.05
7968.7,-128.1
7970.7,-128.14
7972.6,-128.18
7974.6,-128.22
7976.6,-128.24
7978.5,-128.25
7980.5,-128.27
7982.4,-128.29
7984.4,-128.31
7986.3,-128.34
7988.3,-128.38
7990.2,-128.41
7992.2,-128.45
7994.1,-128.48
7996.1,-128.5
7998,-128.52
8000,-128.52
