0,2.387e-08
1.9536,2.4048e-08
3.9072,2.4559e-08
5.8608,2.5315e-08
7.8144,2.6163e-08
9.768,2.6898e-08
11.722,2.732e-08
13.675,2.7322e-08
15.629,2.6933e-08
17.582,2.6302e-08
19.536,2.5603e-08
21.49,2.493e-08
23.443,2.4229e-08
25.397,2.3326e-08
27.35,2.2035e-08
29.304,2.0281e-08
31.258,1.8165e-08
33.211,1.5947e-08
35.165,1.3966e-08
37.118,1.2525e-08
39.072,1.1806e-08
41.026,1.182e-08
42.979,1.2393e-08
44.933,1.3208e-08
46.886,1.3889e-08
48.84,1.4121e-08
50.794,1.3769e-08
52.747,1.2939e-08
54.701,1.1937e-08
56.654,1.1155e-08
58.608,1.0912e-08
60.562,1.1338e-08
62.515,1.2331e-08
64.469,1.3603e-08
66.422,1.4776e-08
68.376,1.5508e-08
70.33,1.5579e-08
72.283,1.4941e-08
74.237,1.3709e-08
76.19,1.2107e-08
78.144,1.0393e-08
80.098,8.7879e-09
82.051,7.4309e-09
84.005,6.3769e-09
85.958,5.6214e-09
87.912,5.1407e-09
89.866,4.9255e-09
91.819,4.9928e-09
93.773,5.3733e-09
95.726,6.0819e-09
97.68,7.0834e-09
99.634,8.2719e-09
101.59,9.473e-09
103.54,1.0476e-08
105.49,1.1085e-08
107.45,1.1181e-08
109.4,1.075e-08
111.36,9.8937e-09
113.31,8.7833e-09
115.26,7.6104e-09
117.22,6.5325e-09
119.17,5.6458e-09
121.12,4.9852e-09
123.08,4.5432e-09
125.03,4.293e-09
126.98,4.2031e-09
128.94,4.2402e-09
130.89,4.366e-09
132.84,4.5351e-09
134.8,4.7015e-09
136.75,4.831e-09
138.71,4.9129e-09
140.66,4.9614e-09
142.61,5.0057e-09
144.57,5.0724e-09
146.52,5.1704e-09
148.47,5.2852e-09
150.43,5.3844e-09
152.38,5.4303e-09
154.33,5.3926e-09
156.29,5.2578e-09
158.24,5.0327e-09
160.2,4.7436e-09
162.15,4.4326e-09
164.1,4.152e-09
166.06,3.958e-09
168.01,3.9052e-09
169.96,4.043e-09
171.92,4.4143e-09
173.87,5.0542e-09
175.82,5.9842e-09
177.78,7.1988e-09
179.73,8.6463e-09
181.68,1.0215e-08
183.64,1.1738e-08
185.59,1.3035e-08
187.55,1.3965e-08
189.5,1.4487e-08
191.45,1.4676e-08
193.41,1.469e-08
195.36,1.4706e-08
197.31,1.4869e-08
199.27,1.5272e-08
201.22,1.5991e-08
203.17,1.7126e-08
205.13,1.8816e-08
207.08,2.1214e-08
209.04,2.4425e-08
210.99,2.8441e-08
212.94,3.3124e-08
214.9,3.8249e-08
216.85,4.3607e-08
218.8,4.912e-08
220.76,5.4903e-08
222.71,6.123e-08
224.66,6.8403e-08
226.62,7.6576e-08
228.57,8.5629e-08
230.53,9.5143e-08
232.48,1.0449e-07
234.43,1.13e-07
236.39,1.2013e-07
238.34,1.256e-07
240.29,1.2951e-07
242.25,1.322e-07
244.2,1.3413e-07
246.15,1.3564e-07
248.11,1.3673e-07
250.06,1.371e-07
252.01,1.3628e-07
253.97,1.3393e-07
255.92,1.3004e-07
257.88,1.2505e-07
259.83,1.1968e-07
261.78,1.1477e-07
263.74,1.1091e-07
265.69,1.0832e-07
267.64,1.0675e-07
269.6,1.0561e-07
271.55,1.0425e-07
273.5,1.0228e-07
275.46,9.9809e-08
277.41,9.748e-08
279.37,9.6391e-08
281.32,9.7862e-08
283.27,1.0318e-07
285.23,1.1324e-07
287.18,1.2817e-07
289.13,1.4695e-07
291.09,1.6728e-07
293.04,1.8591e-07
294.99,1.9947e-07
296.95,2.0545e-07
298.9,2.0298e-07
300.85,1.9305e-07
302.81,1.7807e-07
304.76,1.6101e-07
306.72,1.4459e-07
308.67,1.3066e-07
310.62,1.1999e-07
312.58,1.1238e-07
314.53,1.0688e-07
316.48,1.021e-07
318.44,9.6708e-08
320.39,8.9817e-08
322.34,8.1349e-08
324.3,7.2076e-08
326.25,6.3379e-08
328.21,5.6782e-08
330.16,5.3457e-08
332.11,5.3844e-08
334.07,5.7527e-08
336.02,6.3376e-08
337.97,6.9924e-08
339.93,7.5827e-08
341.88,8.0238e-08
343.83,8.2939e-08
345.79,8.4224e-08
347.74,8.465e-08
349.69,8.4869e-08
351.65,8.5682e-08
353.6,8.8315e-08
355.56,9.4761e-08
357.51,1.0794e-07
359.46,1.3147e-07
361.42,1.6898e-07
363.37,2.2322e-07
365.32,2.9497e-07
367.28,3.8233e-07
369.23,4.8041e-07
371.18,5.817e-07
373.14,6.7713e-07
375.09,7.5751e-07
377.05,8.15e-07
379,8.4431e-07
380.95,8.4352e-07
382.91,8.1434e-07
384.86,7.6198e-07
386.81,6.9412e-07
388.77,6.1937e-07
390.72,5.4537e-07
392.67,4.7747e-07
394.63,4.1845e-07
396.58,3.693e-07
398.53,3.3028e-07
400.49,3.0141e-07
402.44,2.8232e-07
404.4,2.7166e-07
406.35,2.6689e-07
408.3,2.646e-07
410.26,2.6126e-07
412.21,2.5394e-07
414.16,2.4077e-07
416.12,2.2121e-07
418.07,1.9619e-07
420.02,1.6813e-07
421.98,1.406e-07
423.93,1.1753e-07
425.89,1.0226e-07
427.84,9.6972e-08
429.79,1.0277e-07
431.75,1.2032e-07
433.7,1.5053e-07
435.65,1.9451e-07
437.61,2.5283e-07
439.56,3.2424e-07
441.51,4.0479e-07
443.47,4.8772e-07
445.42,5.6436e-07
447.37,6.2562e-07
449.33,6.636e-07
451.28,6.731e-07
453.24,6.5267e-07
455.19,6.0523e-07
457.14,5.3773e-07
459.1,4.5989e-07
461.05,3.8211e-07
463,3.132e-07
464.96,2.5878e-07
466.91,2.2077e-07
468.86,1.9809e-07
470.82,1.8795e-07
472.77,1.8698e-07
474.73,1.9199e-07
476.68,2.0019e-07
478.63,2.094e-07
480.59,2.1822e-07
482.54,2.2623e-07
484.49,2.3389e-07
486.45,2.4202e-07
488.4,2.5089e-07
490.35,2.5947e-07
492.31,2.6534e-07
494.26,2.6548e-07
496.21,2.5779e-07
498.17,2.4244e-07
500.12,2.2246e-07
502.08,2.0291e-07
504.03,1.8922e-07
505.98,1.856e-07
507.94,1.9436e-07
509.89,2.1641e-07
511.84,2.5256e-07
513.8,3.0438e-07
515.75,3.746e-07
517.7,4.6673e-07
519.66,5.8462e-07
521.61,7.3177e-07
523.57,9.1005e-07
525.52,1.1176e-06
527.47,1.346e-06
529.43,1.5788e-06
531.38,1.7922e-06
533.33,1.9595e-06
535.29,2.0576e-06
537.24,2.0745e-06
539.19,2.013e-06
541.15,1.8901e-06
543.1,1.7311e-06
545.05,1.5604e-06
547.01,1.3944e-06
548.96,1.2389e-06
550.92,1.0921e-06
552.87,9.5229e-07
554.82,8.2365e-07
556.78,7.1804e-07
558.73,6.5094e-07
560.68,6.3453e-07
562.64,6.7202e-07
564.59,7.5591e-07
566.54,8.7003e-07
568.5,9.9329e-07
570.45,1.1033e-06
572.41,1.1791e-06
574.36,1.2045e-06
576.31,1.1708e-06
578.27,1.0794e-06
580.22,9.4182e-07
582.17,7.7685e-07
584.13,6.0625e-07
586.08,4.4986e-07
588.03,3.2235e-07
589.99,2.3187e-07
591.94,1.8013e-07
593.89,1.6354e-07
595.85,1.7495e-07
597.8,2.0581e-07
599.76,2.4824e-07
601.71,2.9643e-07
603.66,3.4672e-07
605.62,3.9647e-07
607.57,4.4236e-07
609.52,4.7928e-07
611.48,5.0072e-07
613.43,5.0068e-07
615.38,4.7629e-07
617.34,4.2977e-07
619.29,3.6848e-07
621.25,3.0299e-07
623.2,2.4379e-07
625.15,1.983e-07
627.11,1.6914e-07
629.06,1.5435e-07
631.01,1.49e-07
632.97,1.4735e-07
634.92,1.4461e-07
636.87,1.3807e-07
638.83,1.2734e-07
640.78,1.1394e-07
642.74,1.0052e-07
644.69,8.9926e-08
646.64,8.4441e-08
648.6,8.5492e-08
650.55,9.3828e-08
652.5,1.0987e-07
654.46,1.3381e-07
656.41,1.6521e-07
658.36,2.0229e-07
660.32,2.4121e-07
662.27,2.7622e-07
664.22,3.0069e-07
666.18,3.0897e-07
668.13,2.9836e-07
670.09,2.703e-07
672.04,2.303e-07
673.99,1.8633e-07
675.95,1.4654e-07
677.9,1.1691e-07
679.85,9.9925e-08
681.81,9.4634e-08
683.76,9.7841e-08
685.71,1.059e-07
687.67,1.1623e-07
689.62,1.2802e-07
691.58,1.4193e-07
693.53,1.5926e-07
695.48,1.8093e-07
697.44,2.0691e-07
699.39,2.3625e-07
701.34,2.674e-07
703.3,2.9867e-07
705.25,3.2846e-07
707.2,3.5527e-07
709.16,3.7762e-07
711.11,3.9401e-07
713.06,4.03e-07
715.02,4.0331e-07
716.97,3.9387e-07
718.93,3.7398e-07
720.88,3.4377e-07
722.83,3.0467e-07
724.79,2.5973e-07
726.74,2.1319e-07
728.69,1.6951e-07
730.65,1.3204e-07
732.6,1.0224e-07
734.55,7.9718e-08
736.51,6.2968e-08
738.46,5.0324e-08
740.42,4.0627e-08
742.37,3.3362e-08
744.32,2.8381e-08
746.28,2.5517e-08
748.23,2.4349e-08
750.18,2.4237e-08
752.14,2.4578e-08
754.09,2.5123e-08
756.04,2.6222e-08
758,2.889e-08
759.95,3.4705e-08
761.9,4.5569e-08
763.86,6.3442e-08
765.81,9.0097e-08
767.77,1.2694e-07
769.72,1.7485e-07
771.67,2.3391e-07
773.63,3.029e-07
775.58,3.7861e-07
777.53,4.5523e-07
779.49,5.2434e-07
781.44,5.7599e-07
783.39,6.0103e-07
785.35,5.9398e-07
787.3,5.5535e-07
789.26,4.9219e-07
791.21,4.1636e-07
793.16,3.4116e-07
795.12,2.7779e-07
797.07,2.3305e-07
799.02,2.089e-07
800.98,2.0366e-07
802.93,2.1385e-07
804.88,2.3577e-07
806.84,2.6631e-07
808.79,3.029e-07
810.74,3.4284e-07
812.7,3.8248e-07
814.65,4.1688e-07
816.61,4.4029e-07
818.56,4.4747e-07
820.51,4.3541e-07
822.47,4.0451e-07
824.42,3.5868e-07
826.37,3.0431e-07
828.33,2.4857e-07
830.28,1.9782e-07
832.23,1.5664e-07
834.19,1.2749e-07
836.14,1.1098e-07
838.1,1.0624e-07
840.05,1.1149e-07
842,1.2444e-07
843.96,1.4267e-07
845.91,1.6387e-07
847.86,1.8592e-07
849.82,2.0683e-07
851.77,2.2462e-07
853.72,2.3735e-07
855.68,2.4319e-07
857.63,2.4082e-07
859.58,2.2975e-07
861.54,2.1071e-07
863.49,1.8572e-07
865.45,1.5775e-07
867.4,1.3022e-07
869.35,1.0617e-07
871.31,8.7674e-08
873.26,7.5495e-08
875.21,6.9128e-08
877.17,6.7139e-08
879.12,6.7696e-08
881.07,6.9147e-08
883.03,7.0523e-08
884.98,7.1866e-08
886.94,7.4315e-08
888.89,7.9903e-08
890.84,9.1141e-08
892.8,1.1045e-07
894.75,1.3954e-07
896.7,1.7891e-07
898.66,2.2752e-07
900.61,2.8295e-07
902.56,3.4222e-07
904.52,4.0304e-07
906.47,4.6502e-07
908.42,5.3005e-07
910.38,6.0133e-07
912.33,6.8136e-07
914.29,7.7011e-07
916.24,8.6457e-07
918.19,9.5987e-07
920.15,1.0511e-06
922.1,1.1342e-06
924.05,1.205e-06
926.01,1.2574e-06
927.96,1.2825e-06
929.91,1.2699e-06
931.87,1.2122e-06
933.82,1.1092e-06
935.78,9.7003e-07
937.73,8.1111e-07
939.68,6.5162e-07
941.64,5.0793e-07
943.59,3.899e-07
945.54,3.001e-07
947.5,2.3546e-07
949.45,1.8999e-07
951.4,1.5734e-07
953.36,1.3233e-07
955.31,1.1161e-07
957.26,9.363e-08
959.22,7.8336e-08
961.17,6.6773e-08
963.13,6.059e-08
965.08,6.1445e-08
967.03,7.0332e-08
968.99,8.7008e-08
970.94,1.0974e-07
972.89,1.3553e-07
974.85,1.6063e-07
976.8,1.8138e-07
978.75,1.9503e-07
980.71,2.0043e-07
982.66,1.9854e-07
984.62,1.9242e-07
986.57,1.8657e-07
988.52,1.8548e-07
990.48,1.92e-07
992.43,2.0609e-07
994.38,2.2475e-07
996.34,2.4342e-07
998.29,2.5829e-07
1000.2,2.6854e-07
1002.2,2.7744e-07
1004.2,2.9171e-07
1006.1,3.1936e-07
1008.1,3.6697e-07
1010,4.3755e-07
1012,5.2991e-07
1013.9,6.3939e-07
1015.9,7.5946e-07
1017.8,8.8315e-07
1019.8,1.0038e-06
1021.7,1.115e-06
1023.7,1.2107e-06
1025.6,1.2852e-06
1027.6,1.3336e-06
1029.5,1.3524e-06
1031.5,1.3391e-06
1033.5,1.2928e-06
1035.4,1.2139e-06
1037.4,1.1047e-06
1039.3,9.7107e-07
1041.3,8.2213e-07
1043.2,6.6967e-07
1045.2,5.2568e-07
1047.1,3.9963e-07
1049.1,2.9665e-07
1051,2.1745e-07
1053,1.5993e-07
1054.9,1.2135e-07
1056.9,1.0003e-07
1058.9,9.5704e-08
1060.8,1.0883e-07
1062.8,1.3943e-07
1064.7,1.8623e-07
1066.7,2.4632e-07
1068.6,3.1545e-07
1070.6,3.8856e-07
1072.5,4.6034e-07
1074.5,5.2561e-07
1076.4,5.7978e-07
1078.4,6.1922e-07
1080.3,6.4179e-07
1082.3,6.4721e-07
1084.2,6.3702e-07
1086.2,6.1426e-07
1088.2,5.8267e-07
1090.1,5.4595e-07
1092.1,5.0721e-07
1094,4.6862e-07
1096,4.3132e-07
1097.9,3.9526e-07
1099.9,3.5935e-07
1101.8,3.2187e-07
1103.8,2.8154e-07
1105.7,2.3872e-07
1107.7,1.9625e-07
1109.6,1.5924e-07
1111.6,1.3369e-07
1113.6,1.2439e-07
1115.5,1.3302e-07
1117.5,1.5716e-07
1119.4,1.9083e-07
1121.4,2.2606e-07
1123.3,2.5537e-07
1125.3,2.7395e-07
1127.2,2.8094e-07
1129.2,2.7927e-07
1131.1,2.7389e-07
1133.1,2.6927e-07
1135,2.6729e-07
1137,2.6654e-07
1138.9,2.6347e-07
1140.9,2.5462e-07
1142.9,2.3882e-07
1144.8,2.1802e-07
1146.8,1.9649e-07
1148.7,1.7903e-07
1150.7,1.6926e-07
1152.6,1.6865e-07
1154.6,1.764e-07
1156.5,1.8999e-07
1158.5,2.0581e-07
1160.4,2.2028e-07
1162.4,2.3131e-07
1164.3,2.4005e-07
1166.3,2.5187e-07
1168.3,2.7567e-07
1170.2,3.2118e-07
1172.2,3.9475e-07
1174.1,4.9572e-07
1176.1,6.1505e-07
1178,7.3721e-07
1180,8.4497e-07
1181.9,9.2501e-07
1183.9,9.7182e-07
1185.8,9.8827e-07
1187.8,9.8236e-07
1189.7,9.6217e-07
1191.7,9.3148e-07
1193.7,8.8858e-07
1195.6,8.2873e-07
1197.6,7.4875e-07
1199.5,6.5122e-07
1201.5,5.4578e-07
1203.4,4.47e-07
1205.4,3.6974e-07
1207.3,3.2436e-07
1209.3,3.1365e-07
1211.2,3.3245e-07
1213.2,3.7007e-07
1215.1,4.1404e-07
1217.1,4.5404e-07
1219,4.8457e-07
1221,5.0533e-07
1223,5.1949e-07
1224.9,5.3061e-07
1226.9,5.3978e-07
1228.8,5.4465e-07
1230.8,5.4075e-07
1232.7,5.244e-07
1234.7,4.9531e-07
1236.6,4.5747e-07
1238.6,4.1761e-07
1240.5,3.8244e-07
1242.5,3.5599e-07
1244.4,3.3863e-07
1246.4,3.2774e-07
1248.4,3.194e-07
1250.3,3.1003e-07
1252.3,2.9733e-07
1254.2,2.8043e-07
1256.2,2.5949e-07
1258.1,2.3533e-07
1260.1,2.0917e-07
1262,1.826e-07
1264,1.5781e-07
1265.9,1.3789e-07
1267.9,1.2704e-07
1269.8,1.3032e-07
1271.8,1.529e-07
1273.7,1.9873e-07
1275.7,2.6896e-07
1277.7,3.6051e-07
1279.6,4.6537e-07
1281.6,5.7102e-07
1283.5,6.6236e-07
1285.5,7.2492e-07
1287.4,7.4864e-07
1289.4,7.3102e-07
1291.3,6.7825e-07
1293.3,6.0362e-07
1295.2,5.2349e-07
1297.2,4.522e-07
1299.1,3.9797e-07
1301.1,3.6119e-07
1303.1,3.3575e-07
1305,3.126e-07
1307,2.8391e-07
1308.9,2.4625e-07
1310.9,2.0179e-07
1312.8,1.5728e-07
1314.8,1.2173e-07
1316.7,1.0359e-07
1318.7,1.086e-07
1320.6,1.3841e-07
1322.6,1.9026e-07
1324.5,2.5728e-07
1326.5,3.2966e-07
1328.4,3.9645e-07
1330.4,4.4812e-07
1332.4,4.7925e-07
1334.3,4.9012e-07
1336.3,4.8652e-07
1338.2,4.7733e-07
1340.2,4.7094e-07
1342.1,4.719e-07
1344.1,4.7944e-07
1346,4.8831e-07
1348,4.9147e-07
1349.9,4.8335e-07
1351.9,4.6221e-07
1353.8,4.3086e-07
1355.8,3.9551e-07
1357.8,3.6349e-07
1359.7,3.4064e-07
1361.7,3.2948e-07
1363.6,3.2894e-07
1365.6,3.356e-07
1367.5,3.4563e-07
1369.5,3.5642e-07
1371.4,3.6688e-07
1373.4,3.7664e-07
1375.3,3.8494e-07
1377.3,3.9028e-07
1379.2,3.912e-07
1381.2,3.8744e-07
1383.2,3.8081e-07
1385.1,3.7491e-07
1387.1,3.7402e-07
1389,3.8169e-07
1391,3.9956e-07
1392.9,4.2666e-07
1394.9,4.5898e-07
1396.8,4.8967e-07
1398.8,5.1017e-07
1400.7,5.1243e-07
1402.7,4.9187e-07
1404.6,4.4965e-07
1406.6,3.9311e-07
1408.5,3.3367e-07
1410.5,2.8287e-07
1412.5,2.4854e-07
1414.4,2.3264e-07
1416.4,2.3174e-07
1418.3,2.3965e-07
1420.3,2.5064e-07
1422.2,2.6187e-07
1424.2,2.7422e-07
1426.1,2.9141e-07
1428.1,3.1814e-07
1430,3.5798e-07
1432,4.1156e-07
1433.9,4.757e-07
1435.9,5.437e-07
1437.9,6.0675e-07
1439.8,6.5603e-07
1441.8,6.8464e-07
1443.7,6.891e-07
1445.7,6.702e-07
1447.6,6.3352e-07
1449.6,5.8963e-07
1451.5,5.5338e-07
1453.5,5.4177e-07
1455.4,5.7035e-07
1457.4,6.4892e-07
1459.3,7.7815e-07
1461.3,9.4853e-07
1463.2,1.1418e-06
1465.2,1.3347e-06
1467.2,1.5029e-06
1469.1,1.6252e-06
1471.1,1.686e-06
1473,1.6777e-06
1475,1.6019e-06
1476.9,1.4694e-06
1478.9,1.2991e-06
1480.8,1.1151e-06
1482.8,9.4147e-07
1484.7,7.9718e-07
1486.7,6.9129e-07
1488.6,6.2204e-07
1490.6,5.7952e-07
1492.6,5.512e-07
1494.5,5.2763e-07
1496.5,5.0576e-07
1498.4,4.8864e-07
1500.4,4.821e-07
1502.3,4.9076e-07
1504.3,5.151e-07
1506.2,5.5085e-07
1508.2,5.9022e-07
1510.1,6.2404e-07
1512.1,6.4407e-07
1514,6.4486e-07
1516,6.2492e-07
1517.9,5.8693e-07
1519.9,5.3675e-07
1521.9,4.8159e-07
1523.8,4.2777e-07
1525.8,3.7912e-07
1527.7,3.366e-07
1529.7,2.9909e-07
1531.6,2.6497e-07
1533.6,2.3373e-07
1535.5,2.0692e-07
1537.5,1.8808e-07
1539.4,1.8155e-07
1541.4,1.9101e-07
1543.3,2.1816e-07
1545.3,2.6273e-07
1547.3,3.2366e-07
1549.2,4.0122e-07
1551.2,4.9892e-07
1553.1,6.2395e-07
1555.1,7.8581e-07
1557,9.9287e-07
1559,1.2481e-06
1560.9,1.5449e-06
1562.9,1.8644e-06
1564.8,2.1764e-06
1566.8,2.4426e-06
1568.7,2.6248e-06
1570.7,2.6944e-06
1572.6,2.6406e-06
1574.6,2.4751e-06
1576.6,2.2283e-06
1578.5,1.941e-06
1580.5,1.6523e-06
1582.4,1.3893e-06
1584.4,1.163e-06
1586.3,9.7065e-07
1588.3,8.0328e-07
1590.2,6.5358e-07
1592.2,5.2094e-07
1594.1,4.1192e-07
1596.1,3.3705e-07
1598,3.0619e-07
1600,3.2459e-07
1602,3.9072e-07
1603.9,4.9559e-07
1605.9,6.2332e-07
1607.8,7.5278e-07
1609.8,8.6074e-07
1611.7,9.2672e-07
1613.7,9.3883e-07
1615.6,8.9858e-07
1617.6,8.225e-07
1619.5,7.3879e-07
1621.5,6.7951e-07
1623.4,6.7068e-07
1625.4,7.2376e-07
1627.4,8.3191e-07
1629.3,9.7207e-07
1631.3,1.1122e-06
1633.2,1.2209e-06
1635.2,1.2757e-06
1637.1,1.2683e-06
1639.1,1.2049e-06
1641,1.1029e-06
1643,9.8519e-07
1644.9,8.7429e-07
1646.9,7.8815e-07
1648.8,7.3752e-07
1650.8,7.2523e-07
1652.7,7.4666e-07
1654.7,7.9073e-07
1656.7,8.4161e-07
1658.6,8.8133e-07
1660.6,8.9342e-07
1662.5,8.674e-07
1664.5,8.0246e-07
1666.4,7.0909e-07
1668.4,6.0721e-07
1670.3,5.2106e-07
1672.3,4.7222e-07
1674.2,4.7304e-07
1676.2,5.2292e-07
1678.1,6.0876e-07
1680.1,7.0938e-07
1682.1,8.0246e-07
1684,8.712e-07
1686,9.0857e-07
1687.9,9.1754e-07
1689.9,9.0812e-07
1691.8,8.9271e-07
1693.8,8.8205e-07
1695.7,8.8279e-07
1697.7,8.9673e-07
1699.6,9.2122e-07
1701.6,9.5015e-07
1703.5,9.7592e-07
1705.5,9.9213e-07
1707.4,9.965e-07
1709.4,9.9227e-07
1711.4,9.8712e-07
1713.3,9.897e-07
1715.3,1.0054e-06
1717.2,1.0338e-06
1719.2,1.0687e-06
1721.1,1.1003e-06
1723.1,1.1195e-06
1725,1.12e-06
1727,1.1001e-06
1728.9,1.0625e-06
1730.9,1.0123e-06
1732.8,9.563e-07
1734.8,9.0102e-07
1736.8,8.5286e-07
1738.7,8.182e-07
1740.7,8.0326e-07
1742.6,8.1252e-07
1744.6,8.4579e-07
1746.5,8.953e-07
1748.5,9.4501e-07
1750.4,9.7379e-07
1752.4,9.6197e-07
1754.3,8.986e-07
1756.3,7.8604e-07
1758.2,6.3967e-07
1760.2,4.8313e-07
1762.1,3.4114e-07
1764.1,2.3306e-07
1766.1,1.6922e-07
1768,1.5034e-07
1770,1.6949e-07
1771.9,2.1516e-07
1773.9,2.7441e-07
1775.8,3.3526e-07
1777.8,3.8829e-07
1779.7,4.2746e-07
1781.7,4.5043e-07
1783.6,4.587e-07
1785.6,4.5747e-07
1787.5,4.5525e-07
1789.5,4.6284e-07
1791.5,4.916e-07
1793.4,5.5122e-07
1795.4,6.4746e-07
1797.3,7.8042e-07
1799.3,9.4424e-07
1801.2,1.1285e-06
1803.2,1.3208e-06
1805.1,1.51e-06
1807.1,1.6873e-06
1809,1.8463e-06
1811,1.9799e-06
1812.9,2.0795e-06
1814.9,2.1344e-06
1816.8,2.1356e-06
1818.8,2.0806e-06
1820.8,1.9765e-06
1822.7,1.8404e-06
1824.7,1.6955e-06
1826.6,1.5654e-06
1828.6,1.4683e-06
1830.5,1.4134e-06
1832.5,1.399e-06
1834.4,1.4131e-06
1836.4,1.4358e-06
1838.3,1.4447e-06
1840.3,1.4215e-06
1842.2,1.359e-06
1844.2,1.2648e-06
1846.2,1.1593e-06
1848.1,1.0688e-06
1850.1,1.0162e-06
1852,1.0125e-06
1854,1.0536e-06
1855.9,1.1216e-06
1857.9,1.1919e-06
1859.8,1.2416e-06
1861.8,1.2574e-06
1863.7,1.2398e-06
1865.7,1.2025e-06
1867.6,1.1663e-06
1869.6,1.1521e-06
1871.6,1.1727e-06
1873.5,1.229e-06
1875.5,1.3094e-06
1877.4,1.393e-06
1879.4,1.4558e-06
1881.3,1.4773e-06
1883.3,1.4464e-06
1885.2,1.3648e-06
1887.2,1.2455e-06
1889.1,1.1087e-06
1891.1,9.7464e-07
1893,8.5742e-07
1895,7.6195e-07
1896.9,6.8505e-07
1898.9,6.194e-07
1900.9,5.5825e-07
1902.8,4.9828e-07
1904.8,4.3989e-07
1906.7,3.8531e-07
1908.7,3.3621e-07
1910.6,2.9227e-07
1912.6,2.5148e-07
1914.5,2.1176e-07
1916.5,1.7341e-07
1918.4,1.4118e-07
1920.4,1.2532e-07
1922.3,1.4097e-07
1924.3,2.0536e-07
1926.3,3.3297e-07
1928.2,5.296e-07
1930.2,7.8694e-07
1932.1,1.0803e-06
1934.1,1.3711e-06
1936,1.6148e-06
1938,1.7718e-06
1939.9,1.8178e-06
1941.9,1.7503e-06
1943.8,1.5875e-06
1945.8,1.3628e-06
1947.7,1.1149e-06
1949.7,8.7946e-07
1951.6,6.8249e-07
1953.6,5.3829e-07
1955.6,4.4943e-07
1957.5,4.0871e-07
1959.5,4.0213e-07
1961.4,4.1252e-07
1963.4,4.2354e-07
1965.3,4.2333e-07
1967.3,4.0672e-07
1969.2,3.7538e-07
1971.2,3.3598e-07
1973.1,2.9716e-07
1975.1,2.6663e-07
1977,2.4932e-07
1979,2.4689e-07
1981,2.5821e-07
1982.9,2.8029e-07
1984.9,3.0906e-07
1986.8,3.4e-07
1988.8,3.6863e-07
1990.7,3.9111e-07
1992.7,4.0479e-07
1994.6,4.0852e-07
1996.6,4.0245e-07
1998.5,3.8753e-07
2000.5,3.6492e-07
2002.4,3.3571e-07
2004.4,3.0125e-07
2006.3,2.6351e-07
2008.3,2.2522e-07
2010.3,1.8944e-07
2012.2,1.5879e-07
2014.2,1.3475e-07
2016.1,1.1753e-07
2018.1,1.065e-07
2020,1.009e-07
2022,1.0025e-07
2023.9,1.0433e-07
2025.9,1.1284e-07
2027.8,1.2499e-07
2029.8,1.3952e-07
2031.7,1.5499e-07
2033.7,1.7031e-07
2035.7,1.8521e-07
2037.6,2.0021e-07
2039.6,2.1635e-07
2041.5,2.3444e-07
2043.5,2.5438e-07
2045.4,2.747e-07
2047.4,2.9263e-07
2049.3,3.0462e-07
2051.3,3.0749e-07
2053.2,2.9947e-07
2055.2,2.8124e-07
2057.1,2.5633e-07
2059.1,2.3092e-07
2061.1,2.1291e-07
2063,2.1022e-07
2065,2.2894e-07
2066.9,2.7149e-07
2068.9,3.3551e-07
2070.8,4.1394e-07
2072.8,4.9613e-07
2074.7,5.7005e-07
2076.7,6.2453e-07
2078.6,6.5137e-07
2080.6,6.4664e-07
2082.5,6.1124e-07
2084.5,5.5065e-07
2086.4,4.7391e-07
2088.4,3.9207e-07
2090.4,3.1624e-07
2092.3,2.558e-07
2094.3,2.1702e-07
2096.2,2.0244e-07
2098.2,2.109e-07
2100.1,2.3804e-07
2102.1,2.7705e-07
2104,3.196e-07
2106,3.5715e-07
2107.9,3.8257e-07
2109.9,3.9205e-07
2111.8,3.8653e-07
2113.8,3.7213e-07
2115.8,3.5869e-07
2117.7,3.568e-07
2119.7,3.7401e-07
2121.6,4.1197e-07
2123.6,4.6581e-07
2125.5,5.2611e-07
2127.5,5.8265e-07
2129.4,6.2787e-07
2131.4,6.5846e-07
2133.3,6.7441e-07
2135.3,6.7678e-07
2137.2,6.6596e-07
2139.2,6.4186e-07
2141.1,6.0547e-07
2143.1,5.6052e-07
2145.1,5.1345e-07
2147,4.7176e-07
2149,4.4185e-07
2150.9,4.2811e-07
2152.9,4.3366e-07
2154.8,4.6161e-07
2156.8,5.1509e-07
2158.7,5.9512e-07
2160.7,6.9727e-07
2162.6,8.0946e-07
2164.6,9.1321e-07
2166.5,9.8876e-07
2168.5,1.0221e-06
2170.5,1.0105e-06
2172.4,9.6395e-07
2174.4,9.0116e-07
2176.3,8.4194e-07
2178.3,7.999e-07
2180.2,7.785e-07
2182.2,7.723e-07
2184.1,7.7256e-07
2186.1,7.7403e-07
2188,7.7957e-07
2190,7.9996e-07
2191.9,8.4871e-07
2193.9,9.3445e-07
2195.8,1.0544e-06
2197.8,1.1926e-06
2199.8,1.3235e-06
2201.7,1.4207e-06
2203.7,1.4649e-06
2205.6,1.4495e-06
2207.6,1.3806e-06
2209.5,1.2732e-06
2211.5,1.1454e-06
2213.4,1.0139e-06
2215.4,8.9135e-07
2217.3,7.8556e-07
2219.3,6.9908e-07
2221.2,6.2982e-07
2223.2,5.7242e-07
2225.2,5.2088e-07
2227.1,4.7142e-07
2229.1,4.242e-07
2231,3.827e-07
2233,3.5095e-07
2234.9,3.3039e-07
2236.9,3.1818e-07
2238.8,3.0797e-07
2240.8,2.9282e-07
2242.7,2.684e-07
2244.7,2.3486e-07
2246.6,1.9647e-07
2248.6,1.5965e-07
2250.5,1.3029e-07
2252.5,1.12e-07
2254.5,1.0556e-07
2256.4,1.0967e-07
2258.4,1.2214e-07
2260.3,1.4074e-07
2262.3,1.6349e-07
2264.2,1.8842e-07
2266.2,2.1342e-07
2268.1,2.3663e-07
2270.1,2.5739e-07
2272,2.7715e-07
2274,2.9981e-07
2275.9,3.3059e-07
2277.9,3.7395e-07
2279.9,4.3144e-07
2281.8,5.0052e-07
2283.8,5.7511e-07
2285.7,6.4753e-07
2287.7,7.1052e-07
2289.6,7.5847e-07
2291.6,7.8757e-07
2293.5,7.9535e-07
2295.5,7.8077e-07
2297.4,7.4509e-07
2299.4,6.9294e-07
2301.3,6.3248e-07
2303.3,5.7392e-07
2305.3,5.2664e-07
2307.2,4.9616e-07
2309.2,4.827e-07
2311.1,4.8193e-07
2313.1,4.8757e-07
2315,4.9434e-07
2317,4.997e-07
2318.9,5.0359e-07
2320.9,5.0662e-07
2322.8,5.0825e-07
2324.8,5.0589e-07
2326.7,4.9558e-07
2328.7,4.7374e-07
2330.6,4.3893e-07
2332.6,3.9288e-07
2334.6,3.4019e-07
2336.5,2.8702e-07
2338.5,2.3926e-07
2340.4,2.0082e-07
2342.4,1.728e-07
2344.3,1.5381e-07
2346.3,1.412e-07
2348.2,1.3249e-07
2350.2,1.2643e-07
2352.1,1.2308e-07
2354.1,1.2318e-07
2356,1.2725e-07
2358,1.3503e-07
2360,1.4561e-07
2361.9,1.5801e-07
2363.9,1.7184e-07
2365.8,1.8741e-07
2367.8,2.0526e-07
2369.7,2.251e-07
2371.7,2.4494e-07
2373.6,2.61e-07
2375.6,2.6868e-07
2377.5,2.6425e-07
2379.5,2.4648e-07
2381.4,2.1731e-07
2383.4,1.8122e-07
2385.3,1.436e-07
2387.3,1.0911e-07
2389.3,8.062e-08
2391.2,5.9184e-08
2393.2,4.4611e-08
2395.1,3.6261e-08
2397.1,3.3589e-08
2399,3.6365e-08
2401,4.4704e-08
2402.9,5.9078e-08
2404.9,8.0388e-08
2406.8,1.0996e-07
2408.8,1.4931e-07
2410.7,1.9955e-07
2412.7,2.6073e-07
2414.7,3.3138e-07
2416.6,4.0869e-07
2418.6,4.8928e-07
2420.5,5.6991e-07
2422.5,6.4775e-07
2424.4,7.1972e-07
2426.4,7.8159e-07
2428.3,8.2762e-07
2430.3,8.5154e-07
2432.2,8.4879e-07
2434.2,8.1886e-07
2436.1,7.6646e-07
2438.1,7.0085e-07
2440,6.3352e-07
2442,5.7526e-07
2444,5.3358e-07
2445.9,5.1117e-07
2447.9,5.0566e-07
2449.8,5.1068e-07
2451.8,5.1812e-07
2453.7,5.2096e-07
2455.7,5.1565e-07
2457.6,5.0317e-07
2459.6,4.8838e-07
2461.5,4.7788e-07
2463.5,4.7764e-07
2465.4,4.9109e-07
2467.4,5.1834e-07
2469.4,5.5634e-07
2471.3,5.9979e-07
2473.3,6.4251e-07
2475.2,6.7907e-07
2477.2,7.0624e-07
2479.1,7.236e-07
2481.1,7.3289e-07
2483,7.3609e-07
2485,7.332e-07
2486.9,7.211e-07
2488.9,6.9452e-07
2490.8,6.4901e-07
2492.8,5.8476e-07
2494.7,5.0918e-07
2496.7,4.3684e-07
2498.7,3.8611e-07
2500.6,3.7338e-07
2502.6,4.0687e-07
2504.5,4.8234e-07
2506.5,5.8282e-07
2508.4,6.8283e-07
2510.4,7.5615e-07
2512.3,7.8405e-07
2514.3,7.6103e-07
2516.2,6.9573e-07
2518.2,6.07e-07
2520.1,5.169e-07
2522.1,4.4376e-07
2524.1,3.9772e-07
2526,3.7983e-07
2528,3.8422e-07
2529.9,4.0182e-07
2531.9,4.2363e-07
2533.8,4.4251e-07
2535.8,4.5341e-07
2537.7,4.5276e-07
2539.7,4.3821e-07
2541.6,4.0913e-07
2543.6,3.6759e-07
2545.5,3.1884e-07
2547.5,2.7063e-07
2549.5,2.313e-07
2551.4,2.0718e-07
2553.4,2.005e-07
2555.3,2.0843e-07
2557.3,2.2376e-07
2559.2,2.3709e-07
2561.2,2.3972e-07
2563.1,2.2664e-07
2565.1,1.984e-07
2567,1.617e-07
2569,1.2853e-07
2570.9,1.1421e-07
2572.9,1.3491e-07
2574.8,2.0451e-07
2576.8,3.3112e-07
2578.8,5.1354e-07
2580.7,7.3879e-07
2582.7,9.8234e-07
2584.6,1.2121e-06
2586.6,1.3951e-06
2588.5,1.5062e-06
2590.5,1.5332e-06
2592.4,1.4791e-06
2594.4,1.3596e-06
2596.3,1.1976e-06
2598.3,1.0174e-06
2600.2,8.4036e-07
2602.2,6.8173e-07
2604.2,5.5001e-07
2606.1,4.4724e-07
2608.1,3.7077e-07
2610,3.1573e-07
2612,2.7743e-07
2613.9,2.5286e-07
2615.9,2.4087e-07
2617.8,2.4105e-07
2619.8,2.5217e-07
2621.7,2.7106e-07
2623.7,2.924e-07
2625.6,3.0972e-07
2627.6,3.1736e-07
2629.5,3.1276e-07
2631.5,2.9843e-07
2633.5,2.8295e-07
2635.4,2.8008e-07
2637.4,3.0605e-07
2639.3,3.7509e-07
2641.3,4.9436e-07
2643.2,6.5996e-07
2645.2,8.5541e-07
2647.1,1.0539e-06
2649.1,1.224e-06
2651,1.3377e-06
2653,1.3777e-06
2654.9,1.3421e-06
2656.9,1.245e-06
2658.9,1.1119e-06
2660.8,9.7257e-07
2662.8,8.5304e-07
2664.7,7.6991e-07
2666.7,7.2786e-07
2668.6,7.21e-07
2670.6,7.3661e-07
2672.5,7.5961e-07
2674.5,7.7632e-07
2676.4,7.7709e-07
2678.4,7.5794e-07
2680.3,7.2096e-07
2682.3,6.7329e-07
2684.2,6.2428e-07
2686.2,5.8158e-07
2688.2,5.4784e-07
2690.1,5.1978e-07
2692.1,4.9046e-07
2694,4.5329e-07
2696,4.058e-07
2697.9,3.5102e-07
2699.9,2.9619e-07
2701.8,2.4992e-07
2703.8,2.1963e-07
2705.7,2.1076e-07
2707.7,2.2772e-07
2709.6,2.759e-07
2711.6,3.6318e-07
2713.6,4.9985e-07
2715.5,6.9613e-07
2717.5,9.5761e-07
2719.4,1.2801e-06
2721.4,1.6462e-06
2723.3,2.0254e-06
2725.3,2.3788e-06
2727.2,2.6667e-06
2729.2,2.8566e-06
2731.1,2.9296e-06
2733.1,2.883e-06
2735,2.7299e-06
2737,2.4976e-06
2738.9,2.2232e-06
2740.9,1.9485e-06
2742.9,1.7125e-06
2744.8,1.5458e-06
2746.8,1.4657e-06
2748.7,1.476e-06
2750.7,1.5687e-06
2752.6,1.726e-06
2754.6,1.922e-06
2756.5,2.1247e-06
2758.5,2.2987e-06
2760.4,2.4113e-06
2762.4,2.4393e-06
2764.3,2.3753e-06
2766.3,2.2303e-06
2768.3,2.0299e-06
2770.2,1.8068e-06
2772.2,1.5918e-06
2774.1,1.4061e-06
2776.1,1.2584e-06
2778,1.1456e-06
2780,1.0568e-06
2781.9,9.7827e-07
2783.9,8.9769e-07
2785.8,8.0726e-07
2787.8,7.0474e-07
2789.7,5.9325e-07
2791.7,4.8003e-07
2793.7,3.7465e-07
2795.6,2.8687e-07
2797.6,2.2474e-07
2799.5,1.9306e-07
2801.5,1.9277e-07
2803.4,2.2126e-07
2805.4,2.7356e-07
2807.3,3.4393e-07
2809.3,4.274e-07
2811.2,5.2047e-07
2813.2,6.2061e-07
2815.1,7.2469e-07
2817.1,8.2726e-07
2819,9.2008e-07
2821,9.9416e-07
2823,1.0439e-06
2824.9,1.0713e-06
2826.9,1.0879e-06
2828.8,1.1128e-06
2830.8,1.1656e-06
2832.7,1.2592e-06
2834.7,1.3935e-06
2836.6,1.5537e-06
2838.6,1.7134e-06
2840.5,1.841e-06
2842.5,1.9084e-06
2844.4,1.8975e-06
2846.4,1.8053e-06
2848.4,1.6453e-06
2850.3,1.4446e-06
2852.3,1.2384e-06
2854.2,1.0621e-06
2856.2,9.4322e-07
2858.1,8.9588e-07
2860.1,9.1793e-07
2862,9.9239e-07
2864,1.092e-06
2865.9,1.1861e-06
2867.9,1.2471e-06
2869.8,1.2564e-06
2871.8,1.2073e-06
2873.7,1.1051e-06
2875.7,9.6427e-07
2877.7,8.0414e-07
2879.6,6.4413e-07
2881.6,4.9997e-07
2883.5,3.8165e-07
2885.5,2.932e-07
2887.4,2.3372e-07
2889.4,1.9909e-07
2891.3,1.8369e-07
2893.3,1.8181e-07
2895.2,1.8877e-07
2897.2,2.0139e-07
2899.1,2.1794e-07
2901.1,2.3763e-07
2903.1,2.5977e-07
2905,2.8328e-07
2907,3.0662e-07
2908.9,3.2811e-07
2910.9,3.4656e-07
2912.8,3.6165e-07
2914.8,3.7415e-07
2916.7,3.858e-07
2918.7,3.9868e-07
2920.6,4.1422e-07
2922.6,4.3201e-07
2924.5,4.4901e-07
2926.5,4.6009e-07
2928.4,4.5984e-07
2930.4,4.4519e-07
2932.4,4.1722e-07
2934.3,3.8123e-07
2936.3,3.4474e-07
2938.2,3.1441e-07
2940.2,2.9339e-07
2942.1,2.8046e-07
2944.1,2.7116e-07
2946,2.6029e-07
2948,2.4444e-07
2949.9,2.2354e-07
2951.9,2.0082e-07
2953.8,1.815e-07
2955.8,1.71e-07
2957.8,1.7343e-07
2959.7,1.9094e-07
2961.7,2.241e-07
2963.6,2.725e-07
2965.6,3.352e-07
2967.5,4.105e-07
2969.5,4.9507e-07
2971.4,5.8326e-07
2973.4,6.6715e-07
2975.3,7.3766e-07
2977.3,7.8644e-07
2979.2,8.0779e-07
2981.2,7.9992e-07
2983.2,7.6504e-07
2985.1,7.0858e-07
2987.1,6.3783e-07
2989,5.604e-07
2991,4.8298e-07
2992.9,4.1049e-07
2994.9,3.4581e-07
2996.8,2.8995e-07
2998.8,2.4258e-07
3000.7,2.028e-07
3002.7,1.6992e-07
3004.6,1.4407e-07
3006.6,1.2656e-07
3008.5,1.1978e-07
3010.5,1.2659e-07
3012.5,1.4942e-07
3014.4,1.8917e-07
3016.4,2.4436e-07
3018.3,3.1061e-07
3020.3,3.8082e-07
3022.2,4.4607e-07
3024.2,4.9739e-07
3026.1,5.2803e-07
3028.1,5.3544e-07
3030,5.2222e-07
3032,4.9533e-07
3033.9,4.6392e-07
3035.9,4.3638e-07
3037.9,4.1795e-07
3039.8,4.0965e-07
3041.8,4.0878e-07
3043.7,4.1058e-07
3045.7,4.1023e-07
3047.6,4.0423e-07
3049.6,3.9089e-07
3051.5,3.6995e-07
3053.5,3.42e-07
3055.4,3.082e-07
3057.4,2.7042e-07
3059.3,2.316e-07
3061.3,1.9565e-07
3063.2,1.6678e-07
3065.2,1.4822e-07
3067.2,1.4121e-07
3069.1,1.4464e-07
3071.1,1.5595e-07
3073,1.7277e-07
3075,1.9472e-07
3076.9,2.2432e-07
3078.9,2.6661e-07
3080.8,3.2724e-07
3082.8,4.1e-07
3084.7,5.147e-07
3086.7,6.3644e-07
3088.6,7.6678e-07
3090.6,8.9615e-07
3092.6,1.0165e-06
3094.5,1.1229e-06
3096.5,1.2127e-06
3098.4,1.2843e-06
3100.4,1.3338e-06
3102.3,1.3548e-06
3104.3,1.3396e-06
3106.2,1.2829e-06
3108.2,1.1852e-06
3110.1,1.055e-06
3112.1,9.0734e-07
3114,7.5941e-07
3116,6.254e-07
3117.9,5.1309e-07
3119.9,4.2371e-07
3121.9,3.5481e-07
3123.8,3.043e-07
3125.8,2.7316e-07
3127.7,2.6519e-07
3129.7,2.8396e-07
3131.6,3.2864e-07
3133.6,3.9127e-07
3135.5,4.5714e-07
3137.5,5.0857e-07
3139.4,5.3059e-07
3141.4,5.158e-07
3143.3,4.6649e-07
3145.3,3.9308e-07
3147.3,3.0997e-07
3149.2,2.307e-07
3151.2,1.6451e-07
3153.1,1.1526e-07
3155.1,8.2464e-08
3157,6.3304e-08
3159,5.4543e-08
3160.9,5.3589e-08
3162.9,5.8754e-08
3164.8,6.9085e-08
3166.8,8.4146e-08
3168.7,1.0386e-07
3170.7,1.2824e-07
3172.6,1.5691e-07
3174.6,1.885e-07
3176.6,2.2037e-07
3178.5,2.4915e-07
3180.5,2.7214e-07
3182.4,2.8891e-07
3184.4,3.0216e-07
3186.3,3.1713e-07
3188.3,3.3975e-07
3190.2,3.7442e-07
3192.2,4.2273e-07
3194.1,4.8352e-07
3196.1,5.5412e-07
3198,6.3149e-07
3200,7.1249e-07
3202,7.9303e-07
3203.9,8.6685e-07
3205.9,9.2512e-07
3207.8,9.5753e-07
3209.8,9.548e-07
3211.7,9.1182e-07
3213.7,8.3e-07
3215.6,7.1794e-07
3217.6,5.8992e-07
3219.5,4.6279e-07
3221.5,3.5224e-07
3223.4,2.6991e-07
3225.4,2.2228e-07
3227.4,2.1136e-07
3229.3,2.3649e-07
3231.3,2.9607e-07
3233.2,3.8821e-07
3235.2,5.1001e-07
3237.1,6.5609e-07
3239.1,8.1698e-07
3241,9.7876e-07
3243,1.1243e-06
3244.9,1.2362e-06
3246.9,1.3004e-06
3248.8,1.3102e-06
3250.8,1.2677e-06
3252.7,1.1838e-06
3254.7,1.0761e-06
3256.7,9.6392e-07
3258.6,8.6473e-07
3260.6,7.8938e-07
3262.5,7.3999e-07
3264.5,7.0998e-07
3266.4,6.8702e-07
3268.4,6.5801e-07
3270.3,6.1436e-07
3272.3,5.5551e-07
3274.2,4.892e-07
3276.2,4.2837e-07
3278.1,3.8606e-07
3280.1,3.7041e-07
3282.1,3.8187e-07
3284,4.1343e-07
3286,4.5342e-07
3287.9,4.8966e-07
3289.9,5.1313e-07
3291.8,5.201e-07
3293.8,5.121e-07
3295.7,4.9428e-07
3297.7,4.7305e-07
3299.6,4.5394e-07
3301.6,4.4054e-07
3303.5,4.3449e-07
3305.5,4.3623e-07
3307.4,4.456e-07
3309.4,4.6198e-07
3311.4,4.836e-07
3313.3,5.0674e-07
3315.3,5.2545e-07
3317.2,5.3243e-07
3319.2,5.2106e-07
3321.1,4.8771e-07
3323.1,4.3357e-07
3325,3.6505e-07
3327,2.929e-07
3328.9,2.303e-07
3330.9,1.9081e-07
3332.8,1.8671e-07
3334.8,2.2787e-07
3336.8,3.2104e-07
3338.7,4.6933e-07
3340.7,6.7143e-07
3342.6,9.2046e-07
3344.6,1.2028e-06
3346.5,1.4972e-06
3348.5,1.7754e-06
3350.4,2.0049e-06
3352.4,2.1542e-06
3354.3,2.1998e-06
3356.3,2.133e-06
3358.2,1.9628e-06
3360.2,1.7148e-06
3362.1,1.425e-06
3364.1,1.1305e-06
3366.1,8.6185e-07
3368,6.3775e-07
3370,4.6493e-07
3371.9,3.4109e-07
3373.9,2.5923e-07
3375.8,2.1147e-07
3377.8,1.9105e-07
3379.7,1.9265e-07
3381.7,2.1148e-07
3383.6,2.421e-07
3385.6,2.7768e-07
3387.5,3.1049e-07
3389.5,3.3363e-07
3391.5,3.4363e-07
3393.4,3.426e-07
3395.4,3.3871e-07
3397.3,3.4415e-07
3399.3,3.7097e-07
3401.2,4.261e-07
3403.2,5.0751e-07
3405.1,6.0321e-07
3407.1,6.938e-07
3409,7.5806e-07
3411,7.7974e-07
3412.9,7.5314e-07
3414.9,6.8541e-07
3416.8,5.9485e-07
3418.8,5.06e-07
3420.8,4.4335e-07
3422.7,4.2549e-07
3424.7,4.6117e-07
3426.6,5.4766e-07
3428.6,6.716e-07
3430.5,8.1195e-07
3432.5,9.4469e-07
3434.4,1.0481e-06
3436.4,1.1076e-06
3438.3,1.1182e-06
3440.3,1.0847e-06
3442.2,1.0194e-06
3444.2,9.3852e-07
3446.2,8.5853e-07
3448.1,7.9347e-07
3450.1,7.531e-07
3452,7.42e-07
3454,7.5934e-07
3455.9,7.9922e-07
3457.9,8.5172e-07
3459.8,9.0439e-07
3461.8,9.4448e-07
3463.7,9.6142e-07
3465.7,9.4932e-07
3467.6,9.0844e-07
3469.6,8.4501e-07
3471.6,7.6907e-07
3473.5,6.911e-07
3475.5,6.1898e-07
3477.4,5.5647e-07
3479.4,5.0388e-07
3481.3,4.5989e-07
3483.3,4.2341e-07
3485.2,3.9438e-07
3487.2,3.736e-07
3489.1,3.6241e-07
3491.1,3.6291e-07
3493,3.7863e-07
3495,4.1484e-07
3496.9,4.774e-07
3498.9,5.6986e-07
3500.9,6.8981e-07
3502.8,8.2645e-07
3504.8,9.6093e-07
3506.7,1.0701e-06
3508.7,1.1323e-06
3510.6,1.1337e-06
3512.6,1.0719e-06
3514.5,9.5688e-07
3516.5,8.0751e-07
3518.4,6.4685e-07
3520.4,4.9619e-07
3522.3,3.7064e-07
3524.3,2.7718e-07
3526.3,2.1529e-07
3528.2,1.7948e-07
3530.2,1.6237e-07
3532.1,1.5695e-07
3534.1,1.5757e-07
3536,1.6009e-07
3538,1.6166e-07
3539.9,1.6083e-07
3541.9,1.5769e-07
3543.8,1.5385e-07
3545.8,1.5181e-07
3547.7,1.5393e-07
3549.7,1.6165e-07
3551.6,1.7521e-07
3553.6,1.941e-07
3555.6,2.1778e-07
3557.5,2.4609e-07
3559.5,2.7912e-07
3561.4,3.1665e-07
3563.4,3.5763e-07
3565.3,4.0021e-07
3567.3,4.4247e-07
3569.2,4.834e-07
3571.2,5.2338e-07
3573.1,5.6367e-07
3575.1,6.0482e-07
3577,6.451e-07
3579,6.7984e-07
3581,7.0266e-07
3582.9,7.08e-07
3584.9,6.9395e-07
3586.8,6.6351e-07
3588.8,6.2387e-07
3590.7,5.8377e-07
3592.7,5.506e-07
3594.6,5.2841e-07
3596.6,5.1779e-07
3598.5,5.1709e-07
3600.5,5.2401e-07
3602.4,5.3662e-07
3604.4,5.5333e-07
3606.3,5.7193e-07
3608.3,5.8852e-07
3610.3,5.9693e-07
3612.2,5.8955e-07
3614.2,5.5932e-07
3616.1,5.0258e-07
3618.1,4.2139e-07
3620,3.2421e-07
3622,2.2473e-07
3623.9,1.3929e-07
3625.9,8.4008e-08
3627.8,7.2743e-08
3629.8,1.1612e-07
3631.7,2.2122e-07
3633.7,3.911e-07
3635.7,6.2361e-07
3637.6,9.0961e-07
3639.6,1.2315e-06
3641.5,1.5638e-06
3643.5,1.8758e-06
3645.4,2.1375e-06
3647.4,2.326e-06
3649.3,2.4303e-06
3651.3,2.4527e-06
3653.2,2.4061e-06
3655.2,2.309e-06
3657.1,2.1807e-06
3659.1,2.0388e-06
3661.1,1.8999e-06
3663,1.7804e-06
3665,1.6968e-06
3666.9,1.6624e-06
3668.9,1.6837e-06
3670.8,1.7578e-06
3672.8,1.8727e-06
3674.7,2.012e-06
3676.7,2.1587e-06
3678.6,2.2977e-06
3680.6,2.4135e-06
3682.5,2.4877e-06
3684.5,2.4984e-06
3686.4,2.4245e-06
3688.4,2.2536e-06
3690.4,1.9901e-06
3692.3,1.6583e-06
3694.3,1.2971e-06
3696.2,9.5041e-07
3698.2,6.5493e-07
3700.1,4.3199e-07
3702.1,2.8529e-07
3704,2.0464e-07
3706,1.7334e-07
3707.9,1.7628e-07
3709.9,2.0644e-07
3711.8,2.6823e-07
3713.8,3.7668e-07
3715.8,5.5241e-07
3717.7,8.1321e-07
3719.7,1.1645e-06
3721.6,1.592e-06
3723.6,2.0599e-06
3725.5,2.5159e-06
3727.5,2.9036e-06
3729.4,3.1759e-06
3731.4,3.3071e-06
3733.3,3.2988e-06
3735.3,3.1771e-06
3737.2,2.9838e-06
3739.2,2.7656e-06
3741.1,2.5628e-06
3743.1,2.4037e-06
3745.1,2.3021e-06
3747,2.2593e-06
3749,2.2668e-06
3750.9,2.3096e-06
3752.9,2.3683e-06
3754.8,2.4205e-06
3756.8,2.4436e-06
3758.7,2.4176e-06
3760.7,2.3292e-06
3762.6,2.1758e-06
3764.6,1.9666e-06
3766.5,1.7207e-06
3768.5,1.4629e-06
3770.5,1.2175e-06
3772.4,1.0039e-06
3774.4,8.3309e-07
3776.3,7.0777e-07
3778.3,6.2355e-07
3780.2,5.72e-07
3782.2,5.4416e-07
3784.1,5.3366e-07
3786.1,5.3824e-07
3788,5.591e-07
3790,5.9812e-07
3791.9,6.5417e-07
3793.9,7.2046e-07
3795.8,7.8415e-07
3797.8,8.2887e-07
3799.8,8.3913e-07
3801.7,8.0506e-07
3803.7,7.2596e-07
3805.6,6.1179e-07
3807.6,4.8245e-07
3809.5,3.6511e-07
3811.5,2.9012e-07
3813.4,2.8572e-07
3815.4,3.7209e-07
3817.3,5.5573e-07
3819.3,8.2592e-07
3821.2,1.155e-06
3823.2,1.5039e-06
3825.2,1.8316e-06
3827.1,2.1058e-06
3829.1,2.3095e-06
3831,2.4415e-06
3833,2.5101e-06
3834.9,2.5248e-06
3836.9,2.4911e-06
3838.8,2.4112e-06
3840.8,2.2882e-06
3842.7,2.1309e-06
3844.7,1.9546e-06
3846.6,1.7771e-06
3848.6,1.6133e-06
3850.5,1.4713e-06
3852.5,1.3519e-06
3854.5,1.252e-06
3856.4,1.1691e-06
3858.4,1.1031e-06
3860.3,1.0559e-06
3862.3,1.0289e-06
3864.2,1.0213e-06
3866.2,1.031e-06
3868.1,1.0586e-06
3870.1,1.1111e-06
3872,1.2036e-06
3874,1.3556e-06
3875.9,1.5828e-06
3877.9,1.8873e-06
3879.9,2.2509e-06
3881.8,2.6338e-06
3883.8,2.9809e-06
3885.7,3.2344e-06
3887.7,3.3486e-06
3889.6,3.3022e-06
3891.6,3.1057e-06
3893.5,2.7995e-06
3895.5,2.4441e-06
3897.4,2.1054e-06
3899.4,1.8401e-06
3901.3,1.6868e-06
3903.3,1.6642e-06
3905.3,1.7758e-06
3907.2,2.0162e-06
3909.2,2.376e-06
3911.1,2.8416e-06
3913.1,3.3903e-06
3915,3.9847e-06
3917,4.5694e-06
3918.9,5.0755e-06
3920.9,5.4331e-06
3922.8,5.5895e-06
3924.8,5.5264e-06
3926.7,5.2669e-06
3928.7,4.8703e-06
3930.6,4.4132e-06
3932.6,3.9656e-06
3934.6,3.5712e-06
3936.5,3.2386e-06
3938.5,2.9464e-06
3940.4,2.6591e-06
3942.4,2.3467e-06
3944.3,2.0004e-06
3946.3,1.6396e-06
3948.2,1.3075e-06
3950.2,1.059e-06
3952.1,9.4593e-07
3954.1,1.0029e-06
3956,1.2386e-06
3958,1.6324e-06
3960,2.1379e-06
3961.9,2.6917e-06
3963.9,3.2271e-06
3965.8,3.689e-06
3967.8,4.0457e-06
3969.7,4.2924e-06
3971.7,4.4483e-06
3973.6,4.5455e-06
3975.6,4.6165e-06
3977.5,4.6832e-06
3979.5,4.7496e-06
3981.4,4.7997e-06
3983.4,4.8004e-06
3985.3,4.7118e-06
3987.3,4.5018e-06
3989.3,4.1623e-06
3991.2,3.7206e-06
3993.2,3.2371e-06
3995.1,2.789e-06
3997.1,2.4441e-06
3999,2.2358e-06
4001,2.1513e-06
4002.9,2.1381e-06
4004.9,2.1256e-06
4006.8,2.0535e-06
4008.8,1.8926e-06
4010.7,1.6549e-06
4012.7,1.3876e-06
4014.7,1.1581e-06
4016.6,1.0337e-06
4018.6,1.0638e-06
4020.5,1.2665e-06
4022.5,1.6251e-06
4024.4,2.0924e-06
4026.4,2.6027e-06
4028.3,3.0879e-06
4030.3,3.4921e-06
4032.2,3.783e-06
4034.2,3.9552e-06
4036.1,4.026e-06
4038.1,4.0254e-06
4040,3.9831e-06
4042,3.9173e-06
4044,3.8301e-06
4045.9,3.7125e-06
4047.9,3.5549e-06
4049.8,3.3602e-06
4051.8,3.1494e-06
4053.7,2.9578e-06
4055.7,2.8234e-06
4057.6,2.774e-06
4059.6,2.8207e-06
4061.5,2.9581e-06
4063.5,3.1707e-06
4065.4,3.4374e-06
4067.4,3.7342e-06
4069.4,4.0338e-06
4071.3,4.3077e-06
4073.3,4.5327e-06
4075.2,4.6982e-06
4077.2,4.8088e-06
4079.1,4.8786e-06
4081.1,4.9179e-06
4083,4.9206e-06
4085,4.8619e-06
4086.9,4.71e-06
4088.9,4.4456e-06
4090.8,4.08e-06
4092.8,3.6588e-06
4094.7,3.2493e-06
4096.7,2.9173e-06
4098.7,2.7033e-06
4100.6,2.6105e-06
4102.6,2.6081e-06
4104.5,2.6478e-06
4106.5,2.6841e-06
4108.4,2.691e-06
4110.4,2.6673e-06
4112.3,2.6313e-06
4114.3,2.6091e-06
4116.2,2.6227e-06
4118.2,2.6835e-06
4120.1,2.7924e-06
4122.1,2.9438e-06
4124.1,3.1288e-06
4126,3.3358e-06
4128,3.5465e-06
4129.9,3.7337e-06
4131.9,3.8628e-06
4133.8,3.8985e-06
4135.8,3.8149e-06
4137.7,3.6045e-06
4139.7,3.2805e-06
4141.6,2.8742e-06
4143.6,2.4262e-06
4145.5,1.9778e-06
4147.5,1.5629e-06
4149.5,1.2049e-06
4151.4,9.1669e-07
4153.4,7.05e-07
4155.3,5.7469e-07
4157.3,5.3232e-07
4159.2,5.8658e-07
4161.2,7.4518e-07
4163.1,1.0089e-06
4165.1,1.3656e-06
4167,1.7856e-06
4169,2.2241e-06
4170.9,2.6285e-06
4172.9,2.9515e-06
4174.8,3.1643e-06
4176.8,3.2648e-06
4178.8,3.2758e-06
4180.7,3.2349e-06
4182.7,3.1788e-06
4184.6,3.1306e-06
4186.6,3.0933e-06
4188.5,3.0536e-06
4190.5,2.9921e-06
4192.4,2.8931e-06
4194.4,2.7523e-06
4196.3,2.5772e-06
4198.3,2.3836e-06
4200.2,2.1916e-06
4202.2,2.0222e-06
4204.2,1.8959e-06
4206.1,1.8317e-06
4208.1,1.8456e-06
4210,1.948e-06
4212,2.1404e-06
4213.9,2.4126e-06
4215.9,2.7413e-06
4217.8,3.0909e-06
4219.8,3.4167e-06
4221.7,3.6703e-06
4223.7,3.8074e-06
4225.6,3.7974e-06
4227.6,3.6302e-06
4229.5,3.3202e-06
4231.5,2.904e-06
4233.5,2.433e-06
4235.4,1.9624e-06
4237.4,1.5407e-06
4239.3,1.2009e-06
4241.3,9.5686e-07
4243.2,8.0381e-07
4245.2,7.2242e-07
4247.1,6.86e-07
4249.1,6.6799e-07
4251,6.4844e-07
4253,6.1784e-07
4254.9,5.779e-07
4256.9,5.3941e-07
4258.9,5.1828e-07
4260.8,5.3112e-07
4262.8,5.9157e-07
4264.7,7.0826e-07
4266.7,8.8443e-07
4268.6,1.1187e-06
4270.6,1.4058e-06
4272.5,1.7369e-06
4274.5,2.0983e-06
4276.4,2.4706e-06
4278.4,2.8283e-06
4280.3,3.1426e-06
4282.3,3.3858e-06
4284.2,3.5388e-06
4286.2,3.5968e-06
4288.2,3.5716e-06
4290.1,3.4883e-06
4292.1,3.3778e-06
4294,3.2667e-06
4296,3.1691e-06
4297.9,3.083e-06
4299.9,2.9927e-06
4301.8,2.8766e-06
4303.8,2.7171e-06
4305.7,2.508e-06
4307.7,2.2583e-06
4309.6,1.9896e-06
4311.6,1.7294e-06
4313.6,1.5039e-06
4315.5,1.3327e-06
4317.5,1.228e-06
4319.4,1.1951e-06
4321.4,1.2339e-06
4323.3,1.3376e-06
4325.3,1.4906e-06
4327.2,1.6684e-06
4329.2,1.8404e-06
4331.1,1.9788e-06
4333.1,2.0671e-06
4335,2.105e-06
4337,2.107e-06
4338.9,2.0931e-06
4340.9,2.0775e-06
4342.9,2.0602e-06
4344.8,2.0268e-06
4346.8,1.9568e-06
4348.7,1.8352e-06
4350.7,1.6629e-06
4352.6,1.4601e-06
4354.6,1.2604e-06
4356.5,1.0997e-06
4358.5,1.0043e-06
4360.4,9.8277e-07
4362.4,1.0245e-06
4364.3,1.1041e-06
4366.3,1.1904e-06
4368.3,1.2558e-06
4370.2,1.2832e-06
4372.2,1.2701e-06
4374.1,1.227e-06
4376.1,1.1733e-06
4378,1.131e-06
4380,1.118e-06
4381.9,1.1436e-06
4383.9,1.2064e-06
4385.8,1.2948e-06
4387.8,1.3906e-06
4389.7,1.474e-06
4391.7,1.5271e-06
4393.7,1.5376e-06
4395.6,1.5005e-06
4397.6,1.4198e-06
4399.5,1.3085e-06
4401.5,1.1879e-06
4403.4,1.0828e-06
4405.4,1.0159e-06
4407.3,1.0009e-06
4409.3,1.0384e-06
4411.2,1.1163e-06
4413.2,1.2157e-06
4415.1,1.3192e-06
4417.1,1.4191e-06
4419,1.5203e-06
4421,1.6387e-06
4423,1.7946e-06
4424.9,2.0038e-06
4426.9,2.2708e-06
4428.8,2.5854e-06
4430.8,2.9237e-06
4432.7,3.2545e-06
4434.7,3.5473e-06
4436.6,3.7802e-06
4438.6,3.9443e-06
4440.5,4.0424e-06
4442.5,4.0832e-06
4444.4,4.0724e-06
4446.4,4.0067e-06
4448.4,3.8741e-06
4450.3,3.6621e-06
4452.3,3.3699e-06
4454.2,3.0197e-06
4456.2,2.6588e-06
4458.1,2.3496e-06
4460.1,2.1479e-06
4462,2.0806e-06
4464,2.1307e-06
4465.9,2.2409e-06
4467.9,2.3324e-06
4469.8,2.3342e-06
4471.8,2.2078e-06
4473.7,1.9593e-06
4475.7,1.6341e-06
4477.7,1.2971e-06
4479.6,1.0099e-06
4481.6,8.1118e-07
4483.5,7.0897e-07
4485.5,6.8367e-07
4487.4,6.9967e-07
4489.4,7.1944e-07
4491.3,7.1513e-07
4493.3,6.7468e-07
4495.2,6.0208e-07
4497.2,5.1304e-07
4499.1,4.284e-07
4501.1,3.6741e-07
4503.1,3.4243e-07
4505,3.563e-07
4507,4.0267e-07
4508.9,4.6922e-07
4510.9,5.4256e-07
4512.8,6.1335e-07
4514.8,6.796e-07
4516.7,7.4655e-07
4518.7,8.2335e-07
4520.6,9.181e-07
4522.6,1.034e-06
4524.5,1.168e-06
4526.5,1.3129e-06
4528.4,1.4585e-06
4530.4,1.594e-06
4532.4,1.7073e-06
4534.3,1.787e-06
4536.3,1.825e-06
4538.2,1.8202e-06
4540.2,1.7807e-06
4542.1,1.7214e-06
4544.1,1.659e-06
4546,1.6057e-06
4548,1.5669e-06
4549.9,1.5423e-06
4551.9,1.5294e-06
4553.8,1.5269e-06
4555.8,1.5344e-06
4557.8,1.5506e-06
4559.7,1.5709e-06
4561.7,1.5862e-06
4563.6,1.5854e-06
4565.6,1.5586e-06
4567.5,1.5017e-06
4569.5,1.4191e-06
4571.4,1.3247e-06
4573.4,1.2394e-06
4575.3,1.187e-06
4577.3,1.1874e-06
4579.2,1.2516e-06
4581.2,1.3798e-06
4583.2,1.5641e-06
4585.1,1.7937e-06
4587.1,2.0585e-06
4589,2.3493e-06
4591,2.6523e-06
4592.9,2.9426e-06
4594.9,3.1828e-06
4596.8,3.329e-06
4598.8,3.3448e-06
4600.7,3.2156e-06
4602.7,2.9569e-06
4604.6,2.6108e-06
4606.6,2.2327e-06
4608.5,1.8747e-06
4610.5,1.5726e-06
4612.5,1.3406e-06
4614.4,1.1743e-06
4616.4,1.0583e-06
4618.3,9.7293e-07
4620.3,9.0068e-07
4622.2,8.2892e-07
4624.2,7.5103e-07
4626.1,6.6593e-07
4628.1,5.7665e-07
4630,4.8845e-07
4632,4.0742e-07
4633.9,3.3989e-07
4635.9,2.924e-07
4637.9,2.716e-07
4639.8,2.8312e-07
4641.8,3.2943e-07
4643.7,4.075e-07
4645.7,5.0777e-07
4647.6,6.1539e-07
4649.6,7.1386e-07
4651.5,7.9005e-07
4653.5,8.3864e-07
4655.4,8.6456e-07
4657.4,8.8232e-07
4659.3,9.1278e-07
4661.3,9.781e-07
4663.2,1.0963e-06
4665.2,1.2764e-06
4667.2,1.5151e-06
4669.1,1.7957e-06
4671.1,2.0901e-06
4673,2.3642e-06
4675,2.5856e-06
4676.9,2.7326e-06
4678.9,2.8009e-06
4680.8,2.8063e-06
4682.8,2.7807e-06
4684.7,2.763e-06
4686.7,2.786e-06
4688.6,2.8644e-06
4690.6,2.9887e-06
4692.6,3.1271e-06
4694.5,3.2371e-06
4696.5,3.2822e-06
4698.4,3.2465e-06
4700.4,3.1415e-06
4702.3,3.0012e-06
4704.3,2.8677e-06
4706.2,2.7725e-06
4708.2,2.7233e-06
4710.1,2.7003e-06
4712.1,2.665e-06
4714,2.5755e-06
4716,2.4034e-06
4717.9,2.1449e-06
4719.9,1.8214e-06
4721.9,1.4736e-06
4723.8,1.1484e-06
4725.8,8.8688e-07
4727.7,7.1481e-07
4729.7,6.3818e-07
4731.6,6.438e-07
4733.6,7.0407e-07
4735.5,7.8438e-07
4737.5,8.515e-07
4739.4,8.8106e-07
4741.4,8.6255e-07
4743.3,8.0085e-07
4745.3,7.1425e-07
4747.3,6.2992e-07
4749.2,5.781e-07
4751.2,5.8626e-07
4753.1,6.7389e-07
4755.1,8.4821e-07
4757,1.1014e-06
4759,1.4102e-06
4760.9,1.7385e-06
4762.9,2.0433e-06
4764.8,2.2834e-06
4766.8,2.4269e-06
4768.7,2.4577e-06
4770.7,2.3777e-06
4772.6,2.2047e-06
4774.6,1.9688e-06
4776.6,1.706e-06
4778.5,1.452e-06
4780.5,1.2358e-06
4782.4,1.075e-06
4784.4,9.7339e-07
4786.3,9.2195e-07
4788.3,9.035e-07
4790.2,8.9944e-07
4792.2,8.9599e-07
4794.1,8.8781e-07
4796.1,8.78e-07
4798,8.7543e-07
4800,8.9127e-07
4802,9.3601e-07
4803.9,1.0173e-06
4805.9,1.1381e-06
4807.8,1.2943e-06
4809.8,1.4736e-06
4811.7,1.6566e-06
4813.7,1.8214e-06
4815.6,1.9504e-06
4817.6,2.0373e-06
4819.5,2.0897e-06
4821.5,2.1265e-06
4823.4,2.1705e-06
4825.4,2.2389e-06
4827.4,2.3365e-06
4829.3,2.4532e-06
4831.3,2.5671e-06
4833.2,2.6505e-06
4835.2,2.6779e-06
4837.1,2.6312e-06
4839.1,2.5037e-06
4841,2.3005e-06
4843,2.0379e-06
4844.9,1.7404e-06
4846.9,1.4369e-06
4848.8,1.1566e-06
4850.8,9.2413e-07
4852.7,7.5459e-07
4854.7,6.5089e-07
4856.7,6.0321e-07
4858.6,5.9175e-07
4860.6,5.9232e-07
4862.5,5.8301e-07
4864.5,5.4997e-07
4866.4,4.9048e-07
4868.4,4.1239e-07
4870.3,3.3064e-07
4872.3,2.6225e-07
4874.2,2.2171e-07
4876.2,2.1797e-07
4878.1,2.5368e-07
4880.1,3.2613e-07
4882.1,4.2907e-07
4884,5.5456e-07
4886,6.9401e-07
4887.9,8.3887e-07
4889.9,9.8115e-07
4891.8,1.1144e-06
4893.8,1.2353e-06
4895.7,1.3442e-06
4897.7,1.445e-06
4899.6,1.5429e-06
4901.6,1.6416e-06
4903.5,1.7411e-06
4905.5,1.837e-06
4907.4,1.9217e-06
4909.4,1.9878e-06
4911.4,2.0305e-06
4913.3,2.0496e-06
4915.3,2.0493e-06
4917.2,2.0367e-06
4919.2,2.0189e-06
4921.1,2.0014e-06
4923.1,1.9869e-06
4925,1.9757e-06
4927,1.9661e-06
4928.9,1.9545e-06
4930.9,1.9351e-06
4932.8,1.9012e-06
4934.8,1.846e-06
4936.8,1.7646e-06
4938.7,1.6563e-06
4940.7,1.5253e-06
4942.6,1.3813e-06
4944.6,1.2381e-06
4946.5,1.1116e-06
4948.5,1.0158e-06
4950.4,9.6003e-07
4952.4,9.4602e-07
4954.3,9.6865e-07
4956.3,1.0186e-06
4958.2,1.0859e-06
4960.2,1.1634e-06
4962.1,1.2466e-06
4964.1,1.3328e-06
4966.1,1.4184e-06
4968,1.4975e-06
4970,1.5629e-06
4971.9,1.6073e-06
4973.9,1.6267e-06
4975.8,1.6212e-06
4977.8,1.5952e-06
4979.7,1.5556e-06
4981.7,1.5094e-06
4983.6,1.4625e-06
4985.6,1.4184e-06
4987.5,1.3784e-06
4989.5,1.3417e-06
4991.5,1.306e-06
4993.4,1.2668e-06
4995.4,1.2179e-06
4997.3,1.1524e-06
4999.3,1.0642e-06
5001.2,9.5091e-07
5003.2,8.1544e-07
5005.1,6.6635e-07
5007.1,5.1648e-07
5009,3.8034e-07
5011,2.7151e-07
5012.9,2.0104e-07
5014.9,1.7687e-07
5016.8,2.0349e-07
5018.8,2.8102e-07
5020.8,4.0339e-07
5022.7,5.567e-07
5024.7,7.1926e-07
5026.6,8.6479e-07
5028.6,9.6863e-07
5030.5,1.0151e-06
5032.5,1.0029e-06
5034.4,9.4578e-07
5036.4,8.6771e-07
5038.3,7.9476e-07
5040.3,7.4657e-07
5042.2,7.3137e-07
5044.2,7.4591e-07
5046.2,7.7955e-07
5048.1,8.2001e-07
5050.1,8.5812e-07
5052,8.9035e-07
5054,9.1892e-07
5055.9,9.5049e-07
5057.9,9.9361e-07
5059.8,1.0556e-06
5061.8,1.1389e-06
5063.7,1.239e-06
5065.7,1.3447e-06
5067.6,1.4414e-06
5069.6,1.5171e-06
5071.6,1.5676e-06
5073.5,1.5986e-06
5075.5,1.6232e-06
5077.4,1.6561e-06
5079.4,1.7061e-06
5081.3,1.7705e-06
5083.3,1.8341e-06
5085.2,1.8734e-06
5087.2,1.8647e-06
5089.1,1.7931e-06
5091.1,1.6598e-06
5093,1.4822e-06
5095,1.289e-06
5096.9,1.1099e-06
5098.9,9.6643e-07
5100.9,8.6613e-07
5102.8,8.0378e-07
5104.8,7.6646e-07
5106.7,7.4006e-07
5108.7,7.1371e-07
5110.6,6.8109e-07
5112.6,6.3969e-07
5114.5,5.8967e-07
5116.5,5.3358e-07
5118.4,4.7648e-07
5120.4,4.2578e-07
5122.3,3.8986e-07
5124.3,3.759e-07
5126.3,3.8774e-07
5128.2,4.2514e-07
5130.2,4.8459e-07
5132.1,5.6132e-07
5134.1,6.5124e-07
5136,7.5163e-07
5138,8.6013e-07
5139.9,9.7248e-07
5141.9,1.0805e-06
5143.8,1.1719e-06
5145.8,1.2328e-06
5147.7,1.2522e-06
5149.7,1.2266e-06
5151.6,1.1626e-06
5153.6,1.0752e-06
5155.6,9.8341e-07
5157.5,9.0484e-07
5159.5,8.5092e-07
5161.4,8.2563e-07
5163.4,8.2709e-07
5165.3,8.5045e-07
5167.3,8.9043e-07
5169.2,9.4201e-07
5171.2,9.998e-07
5173.1,1.0572e-06
5175.1,1.1066e-06
5177,1.1414e-06
5179,1.1579e-06
5181,1.1566e-06
5182.9,1.1409e-06
5184.9,1.115e-06
5186.8,1.0804e-06
5188.8,1.0347e-06
5190.7,9.7348e-07
5192.7,8.9241e-07
5194.6,7.9099e-07
5196.6,6.7414e-07
5198.5,5.5177e-07
5200.5,4.366e-07
5202.4,3.4117e-07
5204.4,2.7534e-07
5206.3,2.4471e-07
5208.3,2.5031e-07
5210.3,2.8904e-07
5212.2,3.5465e-07
5214.2,4.3902e-07
5216.1,5.3372e-07
5218.1,6.3171e-07
5220,7.2871e-07
5222,8.2336e-07
5223.9,9.1575e-07
5225.9,1.0047e-06
5227.8,1.085e-06
5229.8,1.1473e-06
5231.7,1.1797e-06
5233.7,1.1727e-06
5235.7,1.1238e-06
5237.6,1.0399e-06
5239.6,9.3625e-07
5241.5,8.3225e-07
5243.5,7.454e-07
5245.4,6.8643e-07
5247.4,6.5685e-07
5249.3,6.4978e-07
5251.3,6.5341e-07
5253.2,6.5555e-07
5255.2,6.4755e-07
5257.1,6.2625e-07
5259.1,5.9355e-07
5261.1,5.5422e-07
5263,5.1324e-07
5265,4.7412e-07
5266.9,4.3868e-07
5268.9,4.0817e-07
5270.8,3.848e-07
5272.8,3.7268e-07
5274.7,3.7778e-07
5276.7,4.0669e-07
5278.6,4.6474e-07
5280.6,5.537e-07
5282.5,6.698e-07
5284.5,8.0274e-07
5286.4,9.3641e-07
5288.4,1.0518e-06
5290.4,1.1316e-06
5292.3,1.1656e-06
5294.3,1.1541e-06
5296.2,1.1091e-06
5298.2,1.0517e-06
5300.1,1.0062e-06
5302.1,9.9461e-07
5304,1.0318e-06
5306,1.1236e-06
5307.9,1.2676e-06
5309.9,1.4553e-06
5311.8,1.6732e-06
5313.8,1.9027e-06
5315.8,2.1207e-06
5317.7,2.2995e-06
5319.7,2.4116e-06
5321.6,2.4351e-06
5323.6,2.3607e-06
5325.5,2.1946e-06
5327.5,1.9578e-06
5329.4,1.6799e-06
5331.4,1.3914e-06
5333.3,1.1167e-06
5335.3,8.7161e-07
5337.2,6.6404e-07
5339.2,4.9769e-07
5341.1,3.7536e-07
5343.1,3.0059e-07
5345.1,2.7716e-07
5347,3.0726e-07
5349,3.8933e-07
5350.9,5.164e-07
5352.9,6.7533e-07
5354.8,8.4763e-07
5356.8,1.0121e-06
5358.7,1.1491e-06
5360.7,1.2456e-06
5362.6,1.2989e-06
5364.6,1.3176e-06
5366.5,1.3182e-06
5368.5,1.3195e-06
5370.5,1.3359e-06
5372.4,1.3732e-06
5374.4,1.4266e-06
5376.3,1.4834e-06
5378.3,1.5277e-06
5380.2,1.5445e-06
5382.2,1.5241e-06
5384.1,1.4626e-06
5386.1,1.3618e-06
5388,1.2283e-06
5390,1.0713e-06
5391.9,9.0275e-07
5393.9,7.3588e-07
5395.8,5.8364e-07
5397.8,4.5644e-07
5399.8,3.6004e-07
5401.7,2.9506e-07
5403.7,2.5847e-07
5405.6,2.4676e-07
5407.6,2.5884e-07
5409.5,2.9712e-07
5411.5,3.6583e-07
5413.4,4.6736e-07
5415.4,5.9824e-07
5417.3,7.4702e-07
5419.3,8.9523e-07
5421.2,1.0214e-06
5423.2,1.1066e-06
5425.2,1.1402e-06
5427.1,1.1226e-06
5429.1,1.0648e-06
5431,9.8432e-07
5433,8.9947e-07
5434.9,8.2359e-07
5436.9,7.6238e-07
5438.8,7.1462e-07
5440.8,6.7577e-07
5442.7,6.4231e-07
5444.7,6.1434e-07
5446.6,5.9535e-07
5448.6,5.8978e-07
5450.5,5.9998e-07
5452.5,6.2463e-07
5454.5,6.5936e-07
5456.4,6.9879e-07
5458.4,7.3869e-07
5460.3,7.7665e-07
5462.3,8.113e-07
5464.2,8.4057e-07
5466.2,8.6043e-07
5468.1,8.6495e-07
5470.1,8.4793e-07
5472,8.0515e-07
5474,7.3634e-07
5475.9,6.4594e-07
5477.9,5.4255e-07
5479.9,4.3728e-07
5481.8,3.4174e-07
5483.8,2.6618e-07
5485.7,2.1809e-07
5487.7,2.0143e-07
5489.6,2.1638e-07
5491.6,2.5952e-07
5493.5,3.2417e-07
5495.5,4.0095e-07
5497.4,4.7867e-07
5499.4,5.459e-07
5501.3,5.932e-07
5503.3,6.1594e-07
5505.3,6.1659e-07
5507.2,6.0522e-07
5509.2,5.9733e-07
5511.1,6.0872e-07
5513.1,6.4908e-07
5515,7.1694e-07
5517,7.987e-07
5518.9,8.7297e-07
5520.9,9.1887e-07
5522.8,9.2464e-07
5524.8,8.9244e-07
5526.7,8.3685e-07
5528.7,7.7786e-07
5530.6,7.319e-07
5532.6,7.0542e-07
5534.6,6.94e-07
5536.5,6.866e-07
5538.5,6.7234e-07
5540.4,6.4595e-07
5542.4,6.0942e-07
5544.3,5.697e-07
5546.3,5.3424e-07
5548.2,5.0705e-07
5550.2,4.8694e-07
5552.1,4.6857e-07
5554.1,4.4523e-07
5556,4.1195e-07
5558,3.6769e-07
5560,3.1587e-07
5561.9,2.6333e-07
5563.9,2.1833e-07
5565.8,1.8819e-07
5567.8,1.7738e-07
5569.7,1.8671e-07
5571.7,2.1353e-07
5573.6,2.5301e-07
5575.6,2.9971e-07
5577.5,3.4877e-07
5579.5,3.9631e-07
5581.4,4.3897e-07
5583.4,4.733e-07
5585.3,4.9554e-07
5587.3,5.0231e-07
5589.3,4.918e-07
5591.2,4.6486e-07
5593.2,4.2513e-07
5595.1,3.7811e-07
5597.1,3.2947e-07
5599,2.8359e-07
5601,2.4296e-07
5602.9,2.084e-07
5604.9,1.7986e-07
5606.8,1.5706e-07
5608.8,1.3983e-07
5610.7,1.2809e-07
5612.7,1.2162e-07
5614.7,1.2002e-07
5616.6,1.2258e-07
5618.6,1.2828e-07
5620.5,1.3582e-07
5622.5,1.4371e-07
5624.4,1.5059e-07
5626.4,1.5548e-07
5628.3,1.5816e-07
5630.3,1.5925e-07
5632.2,1.6022e-07
5634.2,1.6332e-07
5636.1,1.7133e-07
5638.1,1.873e-07
5640,2.1401e-07
5642,2.5335e-07
5644,3.0572e-07
5645.9,3.6949e-07
5647.9,4.4088e-07
5649.8,5.1413e-07
5651.8,5.8193e-07
5653.7,6.3631e-07
5655.7,6.6972e-07
5657.6,6.7648e-07
5659.6,6.5429e-07
5661.5,6.0527e-07
5663.5,5.3623e-07
5665.4,4.5752e-07
5667.4,3.8071e-07
5669.4,3.1583e-07
5671.3,2.6899e-07
5673.3,2.4142e-07
5675.2,2.3008e-07
5677.2,2.2942e-07
5679.1,2.3345e-07
5681.1,2.3731e-07
5683,2.38e-07
5685,2.3438e-07
5686.9,2.2673e-07
5688.9,2.1633e-07
5690.8,2.0501e-07
5692.8,1.9469e-07
5694.7,1.8676e-07
5696.7,1.8154e-07
5698.7,1.7802e-07
5700.6,1.7436e-07
5702.6,1.6906e-07
5704.5,1.6248e-07
5706.5,1.579e-07
5708.4,1.6143e-07
5710.4,1.8037e-07
5712.3,2.2038e-07
5714.3,2.8285e-07
5716.2,3.6355e-07
5718.2,4.5371e-07
5720.1,5.4312e-07
5722.1,6.2399e-07
5724.1,6.9327e-07
5726,7.5229e-07
5728,8.0363e-07
5729.9,8.4722e-07
5731.9,8.7783e-07
5733.8,8.8572e-07
5735.8,8.6037e-07
5737.7,7.9544e-07
5739.7,6.9245e-07
5741.6,5.6161e-07
5743.6,4.1939e-07
5745.5,2.8435e-07
5747.5,1.7283e-07
5749.5,9.6148e-08
5751.4,5.9561e-08
5753.4,6.27e-08
5755.3,1.0056e-07
5757.3,1.6457e-07
5759.2,2.436e-07
5761.2,3.2519e-07
5763.1,3.9704e-07
5765.1,4.4889e-07
5767,4.7415e-07
5769,4.7077e-07
5770.9,4.4115e-07
5772.9,3.9109e-07
5774.8,3.2816e-07
5776.8,2.6028e-07
5778.8,1.9459e-07
5780.7,1.37e-07
5782.7,9.2088e-08
5784.6,6.3209e-08
5786.6,5.2757e-08
5788.5,6.232e-08
5790.5,9.2689e-08
5792.4,1.4358e-07
5794.4,2.1315e-07
5796.3,2.9753e-07
5798.3,3.9088e-07
5800.2,4.864e-07
5802.2,5.7823e-07
5804.2,6.6399e-07
5806.1,7.4639e-07
5808.1,8.3303e-07
5810,9.3358e-07
5812,1.055e-06
5813.9,1.1968e-06
5815.9,1.3485e-06
5817.8,1.4909e-06
5819.8,1.6013e-06
5821.7,1.6607e-06
5823.7,1.6598e-06
5825.6,1.6008e-06
5827.6,1.4958e-06
5829.5,1.3619e-06
5831.5,1.216e-06
5833.5,1.0714e-06
5835.4,9.3664e-07
5837.4,8.162e-07
5839.3,7.1192e-07
5841.3,6.2376e-07
5843.2,5.5022e-07
5845.2,4.8883e-07
5847.1,4.3694e-07
5849.1,3.9244e-07
5851,3.5419e-07
5853,3.2169e-07
5854.9,2.9443e-07
5856.9,2.7139e-07
5858.9,2.5127e-07
5860.8,2.3311e-07
5862.8,2.17e-07
5864.7,2.0403e-07
5866.7,1.9563e-07
5868.6,1.9263e-07
5870.6,1.9466e-07
5872.5,2.0056e-07
5874.5,2.0968e-07
5876.4,2.2329e-07
5878.4,2.4549e-07
5880.3,2.8258e-07
5882.3,3.4097e-07
5884.2,4.2417e-07
5886.2,5.303e-07
5888.2,6.5127e-07
5890.1,7.7432e-07
5892.1,8.8544e-07
5894,9.7319e-07
5896,1.0313e-06
5897.9,1.0587e-06
5899.9,1.0584e-06
5901.8,1.0339e-06
5903.8,9.8789e-07
5905.7,9.2123e-07
5907.7,8.3431e-07
5909.6,7.2904e-07
5911.6,6.1055e-07
5913.6,4.8761e-07
5915.5,3.7146e-07
5917.5,2.7349e-07
5919.4,2.0265e-07
5921.4,1.6356e-07
5923.3,1.5582e-07
5925.3,1.7469e-07
5927.2,2.1265e-07
5929.2,2.6133e-07
5931.1,3.1329e-07
5933.1,3.6299e-07
5935,4.0693e-07
5937,4.431e-07
5938.9,4.703e-07
5940.9,4.8783e-07
5942.9,4.9585e-07
5944.8,4.9595e-07
5946.8,4.913e-07
5948.7,4.8595e-07
5950.7,4.8343e-07
5952.6,4.8546e-07
5954.6,4.9175e-07
5956.5,5.0099e-07
5958.5,5.1254e-07
5960.4,5.2775e-07
5962.4,5.4993e-07
5964.3,5.8302e-07
5966.3,6.296e-07
5968.3,6.8952e-07
5970.2,7.5956e-07
5972.2,8.3434e-07
5974.1,9.0768e-07
5976.1,9.7367e-07
5978,1.0272e-06
5980,1.0641e-06
5981.9,1.0811e-06
5983.9,1.076e-06
5985.8,1.0487e-06
5987.8,1.0012e-06
5989.7,9.378e-07
5991.7,8.6465e-07
5993.7,7.8858e-07
5995.6,7.1599e-07
5997.6,6.5173e-07
5999.5,5.9839e-07
6001.5,5.5598e-07
6003.4,5.2242e-07
6005.4,4.9444e-07
6007.3,4.6903e-07
6009.3,4.4459e-07
6011.2,4.2156e-07
6013.2,4.0204e-07
6015.1,3.8873e-07
6017.1,3.8387e-07
6019,3.8878e-07
6021,4.0443e-07
6023,4.323e-07
6024.9,4.7487e-07
6026.9,5.3481e-07
6028.8,6.1279e-07
6030.8,7.0485e-07
6032.7,8.0087e-07
6034.7,8.8522e-07
6036.6,9.4028e-07
6038.6,9.516e-07
6040.5,9.133e-07
6042.5,8.3137e-07
6044.4,7.2344e-07
6046.4,6.1495e-07
6048.4,5.3258e-07
6050.3,4.9709e-07
6052.3,5.1779e-07
6054.2,5.9031e-07
6056.2,6.9833e-07
6058.1,8.1854e-07
6060.1,9.2734e-07
6062,1.0069e-06
6064,1.0489e-06
6065.9,1.0546e-06
6067.9,1.0319e-06
6069.8,9.9142e-07
6071.8,9.422e-07
6073.7,8.8971e-07
6075.7,8.3595e-07
6077.7,7.8118e-07
6079.6,7.2612e-07
6081.6,6.7348e-07
6083.5,6.2808e-07
6085.5,5.9546e-07
6087.4,5.7975e-07
6089.4,5.8177e-07
6091.3,5.9821e-07
6093.3,6.2237e-07
6095.2,6.4595e-07
6097.2,6.6123e-07
6099.1,6.6296e-07
6101.1,6.4926e-07
6103.1,6.2153e-07
6105,5.8352e-07
6107,5.3984e-07
6108.9,4.9466e-07
6110.9,4.5098e-07
6112.8,4.108e-07
6114.8,3.7582e-07
6116.7,3.4809e-07
6118.7,3.302e-07
6120.6,3.2469e-07
6122.6,3.3319e-07
6124.5,3.5577e-07
6126.5,3.9072e-07
6128.4,4.3507e-07
6130.4,4.8529e-07
6132.4,5.3811e-07
6134.3,5.9105e-07
6136.3,6.4257e-07
6138.2,6.9179e-07
6140.2,7.381e-07
6142.1,7.8099e-07
6144.1,8.2008e-07
6146,8.5547e-07
6148,8.8783e-07
6149.9,9.1797e-07
6151.9,9.4597e-07
6153.8,9.703e-07
6155.8,9.8762e-07
6157.8,9.9361e-07
6159.7,9.8453e-07
6161.7,9.5881e-07
6163.6,9.1795e-07
6165.6,8.663e-07
6167.5,8.0989e-07
6169.5,7.5482e-07
6171.4,7.0583e-07
6173.4,6.6539e-07
6175.3,6.3367e-07
6177.3,6.0915e-07
6179.2,5.8953e-07
6181.2,5.7274e-07
6183.2,5.5751e-07
6185.1,5.4365e-07
6187.1,5.32e-07
6189,5.242e-07
6191,5.2248e-07
6192.9,5.2922e-07
6194.9,5.462e-07
6196.8,5.7364e-07
6198.8,6.0929e-07
6200.7,6.4804e-07
6202.7,6.8249e-07
6204.6,7.0471e-07
6206.6,7.0856e-07
6208.5,6.9177e-07
6210.5,6.5704e-07
6212.5,6.1147e-07
6214.4,5.6467e-07
6216.4,5.2605e-07
6218.3,5.0233e-07
6220.3,4.9598e-07
6222.2,5.049e-07
6224.2,5.2337e-07
6226.1,5.4373e-07
6228.1,5.5818e-07
6230,5.6033e-07
6232,5.46e-07
6233.9,5.137e-07
6235.9,4.6468e-07
6237.9,4.0309e-07
6239.8,3.3586e-07
6241.8,2.7233e-07
6243.7,2.2312e-07
6245.7,1.9838e-07
6247.6,2.0573e-07
6249.6,2.4838e-07
6251.5,3.2414e-07
6253.5,4.2569e-07
6255.4,5.4182e-07
6257.4,6.5953e-07
6259.3,7.6621e-07
6261.3,8.515e-07
6263.2,9.0846e-07
6265.2,9.3405e-07
6267.2,9.2904e-07
6269.1,8.9749e-07
6271.1,8.4595e-07
6273,7.8245e-07
6275,7.1551e-07
6276.9,6.5306e-07
6278.9,6.0148e-07
6280.8,5.6497e-07
6282.8,5.4543e-07
6284.7,5.4319e-07
6286.7,5.5821e-07
6288.6,5.9135e-07
6290.6,6.4465e-07
6292.6,7.2048e-07
6294.5,8.1973e-07
6296.5,9.399e-07
6298.4,1.0741e-06
6300.4,1.2111e-06
6302.3,1.3371e-06
6304.3,1.4383e-06
6306.2,1.5033e-06
6308.2,1.5266e-06
6310.1,1.509e-06
6312.1,1.458e-06
6314,1.3854e-06
6316,1.3038e-06
6317.9,1.2226e-06
6319.9,1.1465e-06
6321.9,1.0753e-06
6323.8,1.0059e-06
6325.8,9.3516e-07
6327.7,8.6225e-07
6329.7,7.8906e-07
6331.6,7.195e-07
6333.6,6.5777e-07
6335.5,6.0683e-07
6337.5,5.6768e-07
6339.4,5.3958e-07
6341.4,5.2091e-07
6343.3,5.1001e-07
6345.3,5.0571e-07
6347.3,5.0719e-07
6349.2,5.134e-07
6351.2,5.223e-07
6353.1,5.3041e-07
6355.1,5.3312e-07
6357,5.2583e-07
6359,5.0565e-07
6360.9,4.729e-07
6362.9,4.317e-07
6364.8,3.8918e-07
6366.8,3.5329e-07
6368.7,3.3021e-07
6370.7,3.2229e-07
6372.6,3.2745e-07
6374.6,3.4017e-07
6376.6,3.5366e-07
6378.5,3.623e-07
6380.5,3.6346e-07
6382.4,3.5832e-07
6384.4,3.5154e-07
6386.3,3.5012e-07
6388.3,3.6165e-07
6390.2,3.9239e-07
6392.2,4.4544e-07
6394.1,5.1939e-07
6396.1,6.0787e-07
6398,7.0022e-07
6400,7.8318e-07
6402,8.4338e-07
6403.9,8.7008e-07
6405.9,8.5786e-07
6407.8,8.084e-07
6409.8,7.3121e-07
6411.7,6.4242e-07
6413.7,5.6192e-07
6415.6,5.0917e-07
6417.6,4.989e-07
6419.5,5.3796e-07
6421.5,6.2429e-07
6423.4,7.4817e-07
6425.4,8.9485e-07
6427.4,1.0475e-06
6429.3,1.1894e-06
6431.3,1.306e-06
6433.2,1.3856e-06
6435.2,1.4216e-06
6437.1,1.4128e-06
6439.1,1.3647e-06
6441,1.2875e-06
6443,1.1938e-06
6444.9,1.0952e-06
6446.9,1e-06
6448.8,9.122e-07
6450.8,8.3168e-07
6452.7,7.5607e-07
6454.7,6.823e-07
6456.7,6.0834e-07
6458.6,5.3432e-07
6460.6,4.6287e-07
6462.5,3.9864e-07
6464.5,3.4724e-07
6466.4,3.1402e-07
6468.4,3.031e-07
6470.3,3.1666e-07
6472.3,3.5449e-07
6474.2,4.1353e-07
6476.2,4.8754e-07
6478.1,5.6742e-07
6480.1,6.4225e-07
6482.1,7.0105e-07
6484,7.3511e-07
6486,7.3989e-07
6487.9,7.1612e-07
6489.9,6.6965e-07
6491.8,6.0984e-07
6493.8,5.4715e-07
6495.7,4.9052e-07
6497.7,4.4552e-07
6499.6,4.138e-07
6501.6,3.938e-07
6503.5,3.825e-07
6505.5,3.7718e-07
6507.4,3.7665e-07
6509.4,3.8145e-07
6511.4,3.9289e-07
6513.3,4.1159e-07
6515.3,4.3602e-07
6517.2,4.6201e-07
6519.2,4.8353e-07
6521.1,4.9474e-07
6523.1,4.9234e-07
6525,4.7719e-07
6527,4.5429e-07
6528.9,4.31e-07
6530.9,4.1431e-07
6532.8,4.0843e-07
6534.8,4.1369e-07
6536.8,4.2731e-07
6538.7,4.453e-07
6540.7,4.6458e-07
6542.6,4.8431e-07
6544.6,5.0563e-07
6546.5,5.3035e-07
6548.5,5.5891e-07
6550.4,5.8894e-07
6552.4,6.1495e-07
6554.3,6.2963e-07
6556.3,6.2614e-07
6558.2,6.0078e-07
6560.2,5.547e-07
6562.1,4.9413e-07
6564.1,4.2876e-07
6566.1,3.6891e-07
6568,3.2252e-07
6570,2.9294e-07
6571.9,2.7848e-07
6573.9,2.7365e-07
6575.8,2.7164e-07
6577.8,2.6699e-07
6579.7,2.5727e-07
6581.7,2.4335e-07
6583.6,2.2818e-07
6585.6,2.149e-07
6587.5,2.0516e-07
6589.5,1.9845e-07
6591.5,1.9249e-07
6593.4,1.8438e-07
6595.4,1.7189e-07
6597.3,1.5427e-07
6599.3,1.3252e-07
6601.2,1.09e-07
6603.2,8.6743e-08
6605.1,6.8739e-08
6607.1,5.7329e-08
6609,5.3871e-08
6611,5.8716e-08
6612.9,7.1462e-08
6614.9,9.1358e-08
6616.8,1.1764e-07
6618.8,1.4961e-07
6620.8,1.8633e-07
6622.7,2.2617e-07
6624.7,2.664e-07
6626.6,3.0326e-07
6628.6,3.3248e-07
6630.5,3.5018e-07
6632.5,3.5391e-07
6634.4,3.4324e-07
6636.4,3.1998e-07
6638.3,2.8782e-07
6640.3,2.514e-07
6642.2,2.1535e-07
6644.2,1.833e-07
6646.2,1.5736e-07
6648.1,1.3815e-07
6650.1,1.2522e-07
6652,1.1766e-07
6654,1.1466e-07
6655.9,1.1583e-07
6657.9,1.2123e-07
6659.8,1.3124e-07
6661.8,1.4617e-07
6663.7,1.6583e-07
6665.7,1.8908e-07
6667.6,2.1358e-07
6669.6,2.3611e-07
6671.6,2.5325e-07
6673.5,2.6227e-07
6675.5,2.6182e-07
6677.4,2.5222e-07
6679.4,2.3511e-07
6681.3,2.1298e-07
6683.3,1.8855e-07
6685.2,1.6434e-07
6687.2,1.4244e-07
6689.1,1.2431e-07
6691.1,1.1072e-07
6693,1.0172e-07
6695,9.677e-08
6696.9,9.5055e-08
6698.9,9.5745e-08
6700.9,9.8228e-08
6702.8,1.0219e-07
6704.8,1.0756e-07
6706.7,1.1437e-07
6708.7,1.2267e-07
6710.6,1.3247e-07
6712.6,1.437e-07
6714.5,1.5624e-07
6716.5,1.6979e-07
6718.4,1.8378e-07
6720.4,1.9719e-07
6722.3,2.0858e-07
6724.3,2.1622e-07
6726.3,2.1851e-07
6728.2,2.1438e-07
6730.2,2.037e-07
6732.1,1.8748e-07
6734.1,1.6771e-07
6736,1.4698e-07
6738,1.2796e-07
6739.9,1.128e-07
6741.9,1.028e-07
6743.8,9.824e-08
6745.8,9.8527e-08
6747.7,1.0246e-07
6749.7,1.0859e-07
6751.6,1.1552e-07
6753.6,1.2212e-07
6755.6,1.2761e-07
6757.5,1.3147e-07
6759.5,1.333e-07
6761.4,1.3262e-07
6763.4,1.2884e-07
6765.3,1.2144e-07
6767.3,1.1018e-07
6769.2,9.544e-08
6771.2,7.8261e-08
6773.1,6.0228e-08
6775.1,4.3133e-08
6777,2.8597e-08
6779,1.7765e-08
6781,1.1161e-08
6782.9,8.6748e-09
6784.9,9.676e-09
6786.8,1.3183e-08
6788.8,1.8075e-08
6790.7,2.3316e-08
6792.7,2.816e-08
6794.6,3.2298e-08
6796.6,3.5905e-08
6798.5,3.9553e-08
6800.5,4.4008e-08
6802.4,4.9946e-08
6804.4,5.7677e-08
6806.3,6.6949e-08
6808.3,7.6919e-08
6810.3,8.6307e-08
6812.2,9.3728e-08
6814.2,9.8085e-08
6816.1,9.8899e-08
6818.1,9.642e-08
6820,9.1482e-08
6822,8.5155e-08
6823.9,7.8388e-08
6825.9,7.18e-08
6827.8,6.5708e-08
6829.8,6.0306e-08
6831.7,5.5837e-08
6833.7,5.2608e-08
6835.7,5.0831e-08
6837.6,5.0416e-08
6839.6,5.0854e-08
6841.5,5.1324e-08
6843.5,5.097e-08
6845.4,4.9218e-08
6847.4,4.5995e-08
6849.3,4.1727e-08
6851.3,3.7155e-08
6853.2,3.3054e-08
6855.2,2.9984e-08
6857.1,2.817e-08
6859.1,2.7522e-08
6861.1,2.7762e-08
6863,2.8573e-08
6865,2.9701e-08
6866.9,3.0972e-08
6868.9,3.2249e-08
6870.8,3.3373e-08
6872.8,3.4153e-08
6874.7,3.443e-08
6876.7,3.4191e-08
6878.6,3.3648e-08
6880.6,3.3208e-08
6882.5,3.3315e-08
6884.5,3.4205e-08
6886.4,3.5721e-08
6888.4,3.7292e-08
6890.4,3.8117e-08
6892.3,3.7483e-08
6894.3,3.5067e-08
6896.2,3.1081e-08
6898.2,2.6196e-08
6900.1,2.1304e-08
6902.1,1.7224e-08
6904,1.4475e-08
6906,1.3185e-08
6907.9,1.3136e-08
6909.9,1.389e-08
6911.8,1.4935e-08
6913.8,1.5806e-08
6915.8,1.6159e-08
6917.7,1.581e-08
6919.7,1.4734e-08
6921.6,1.3049e-08
6923.6,1.0976e-08
6925.5,8.7901e-09
6927.5,6.7579e-09
6929.4,5.0951e-09
6931.4,3.9344e-09
6933.3,3.3169e-09
6935.3,3.2006e-09
6937.2,3.4766e-09
6939.2,3.9906e-09
6941.1,4.5654e-09
6943.1,5.0275e-09
6945.1,5.2338e-09
6947,5.0995e-09
6949,4.6176e-09
6950.9,3.8668e-09
6952.9,3.0014e-09
6954.8,2.225e-09
6956.8,1.751e-09
6958.7,1.7596e-09
6960.7,2.3586e-09
6962.6,3.556e-09
6964.6,5.2504e-09
6966.5,7.2419e-09
6968.5,9.2661e-09
6970.5,1.1047e-08
6972.4,1.2357e-08
6974.4,1.3066e-08
6976.3,1.3163e-08
6978.3,1.274e-08
6980.2,1.1952e-08
6982.2,1.096e-08
6984.1,9.8932e-09
6986.1,8.8248e-09
6988,7.7733e-09
6990,6.7231e-09
6991.9,5.6519e-09
6993.9,4.5554e-09
6995.8,3.463e-09
6997.8,2.4399e-09
6999.8,1.5758e-09
7001.7,9.649e-10
7003.7,6.8318e-10
7005.6,7.6881e-10
7007.6,1.2089e-09
7009.5,1.935e-09
7011.5,2.8291e-09
7013.4,3.7409e-09
7015.4,4.5144e-09
7017.3,5.0208e-09
7019.3,5.187e-09
7021.2,5.0122e-09
7023.2,4.5657e-09
7025.2,3.9637e-09
7027.1,3.3346e-09
7029.1,2.785e-09
7031,2.3774e-09
7033,2.1267e-09
7034.9,2.0118e-09
7036.9,1.9921e-09
7038.8,2.0231e-09
7040.8,2.0652e-09
7042.7,2.0893e-09
7044.7,2.0812e-09
7046.6,2.0463e-09
7048.6,2.011e-09
7050.5,2.0169e-09
7052.5,2.106e-09
7054.5,2.302e-09
7056.4,2.5956e-09
7058.4,2.9438e-09
7060.3,3.284e-09
7062.3,3.5588e-09
7064.2,3.7397e-09
7066.2,3.8374e-09
7068.1,3.8947e-09
7070.1,3.9629e-09
7072,4.0738e-09
7074,4.2205e-09
7075.9,4.357e-09
7077.9,4.4187e-09
7079.9,4.3545e-09
7081.8,4.1543e-09
7083.8,3.8578e-09
7085.7,3.54e-09
7087.7,3.2775e-09
7089.6,3.1146e-09
7091.6,3.0435e-09
7093.5,3.0092e-09
7095.5,2.9373e-09
7097.4,2.7683e-09
7099.4,2.4848e-09
7101.3,2.117e-09
7103.3,1.7278e-09
7105.3,1.3847e-09
7107.2,1.134e-09
7109.2,9.8702e-10
7111.1,9.2191e-10
7113.1,8.9828e-10
7115,8.7542e-10
7117,8.2731e-10
7118.9,7.4918e-10
7120.9,6.55e-10
7122.8,5.6833e-10
7124.8,5.1091e-10
7126.7,4.9353e-10
7128.7,5.1262e-10
7130.6,5.5324e-10
7132.6,5.9672e-10
7134.6,6.289e-10
7136.5,6.4527e-10
7138.5,6.5064e-10
7140.4,6.5436e-10
7142.4,6.6428e-10
7144.3,6.8349e-10
7146.3,7.1238e-10
7148.2,7.5538e-10
7150.2,8.2871e-10
7152.1,9.6404e-10
7154.1,1.2038e-09
7156,1.5878e-09
7158,2.1349e-09
7160,2.8275e-09
7161.9,3.608e-09
7163.9,4.3903e-09
7165.8,5.086e-09
7167.8,5.6324e-09
7169.7,6.0112e-09
7171.7,6.2468e-09
7173.6,6.3868e-09
7175.6,6.4741e-09
7177.5,6.5245e-09
7179.5,6.5211e-09
7181.4,6.4239e-09
7183.4,6.1907e-09
7185.3,5.7976e-09
7187.3,5.2534e-09
7189.3,4.601e-09
7191.2,3.9087e-09
7193.2,3.2512e-09
7195.1,2.6899e-09
7197.1,2.2575e-09
7199,1.9534e-09
7201,1.7505e-09
7202.9,1.6094e-09
7204.9,1.4953e-09
7206.8,1.3889e-09
7208.8,1.2915e-09
7210.7,1.2212e-09
7212.7,1.2046e-09
7214.7,1.2647e-09
7216.6,1.4104e-09
7218.6,1.6298e-09
7220.5,1.8899e-09
7222.5,2.1442e-09
7224.4,2.3451e-09
7226.4,2.4578e-09
7228.3,2.469e-09
7230.3,2.3874e-09
7232.2,2.2373e-09
7234.2,2.0473e-09
7236.1,1.8414e-09
7238.1,1.6345e-09
7240,1.4336e-09
7242,1.2414e-09
7244,1.0596e-09
7245.9,8.9051e-10
7247.9,7.367e-10
7249.8,6.0008e-10
7251.8,4.819e-10
7253.7,3.8361e-10
7255.7,3.0792e-10
7257.6,2.594e-10
7259.6,2.4434e-10
7261.5,2.7009e-10
7263.5,3.4407e-10
7265.4,4.7248e-10
7267.4,6.5821e-10
7269.4,8.9789e-10
7271.3,1.1787e-09
7273.3,1.4767e-09
7275.2,1.7577e-09
7277.2,1.9835e-09
7279.1,2.1195e-09
7281.1,2.1445e-09
7283,2.0561e-09
7285,1.8723e-09
7286.9,1.6259e-09
7288.9,1.3566e-09
7290.8,1.1008e-09
7292.8,8.8459e-10
7294.7,7.2028e-10
7296.7,6.0779e-10
7298.7,5.3895e-10
7300.6,5.0307e-10
7302.6,4.9173e-10
7304.5,5.0103e-10
7306.5,5.3093e-10
7308.4,5.8227e-10
7310.4,6.5335e-10
7312.3,7.3803e-10
7314.3,8.2666e-10
7316.2,9.0924e-10
7318.2,9.7909e-10
7320.1,1.0344e-09
7322.1,1.0768e-09
7324.1,1.1078e-09
7326,1.1255e-09
7328,1.1242e-09
7329.9,1.0966e-09
7331.9,1.0385e-09
7333.8,9.517e-10
7335.8,8.4513e-10
7337.7,7.3195e-10
7339.7,6.2523e-10
7341.6,5.3396e-10
7343.6,4.6111e-10
7345.5,4.0442e-10
7347.5,3.5897e-10
7349.5,3.2015e-10
7351.4,2.8563e-10
7353.4,2.5551e-10
7355.3,2.311e-10
7357.3,2.1327e-10
7359.2,2.0129e-10
7361.2,1.9271e-10
7363.1,1.8438e-10
7365.1,1.7373e-10
7367,1.6014e-10
7369,1.4561e-10
7370.9,1.3466e-10
7372.9,1.3343e-10
7374.8,1.4824e-10
7376.8,1.8397e-10
7378.8,2.4271e-10
7380.7,3.2316e-10
7382.7,4.2091e-10
7384.6,5.2925e-10
7386.6,6.4039e-10
7388.5,7.4628e-10
7390.5,8.3914e-10
7392.4,9.1183e-10
7394.4,9.5838e-10
7396.3,9.7498e-10
7398.3,9.6096e-10
7400.2,9.1931e-10
7402.2,8.5618e-10
7404.2,7.7941e-10
7406.1,6.9662e-10
7408.1,6.1373e-10
7410,5.3439e-10
7412,4.6041e-10
7413.9,3.927e-10
7415.9,3.3224e-10
7417.8,2.8048e-10
7419.8,2.3928e-10
7421.7,2.1036e-10
7423.7,1.9473e-10
7425.6,1.9215e-10
7427.6,2.0101e-10
7429.5,2.1845e-10
7431.5,2.4095e-10
7433.5,2.6501e-10
7435.4,2.8785e-10
7437.4,3.0776e-10
7439.3,3.2398e-10
7441.3,3.3621e-10
7443.2,3.441e-10
7445.2,3.469e-10
7447.1,3.4374e-10
7449.1,3.3411e-10
7451,3.1836e-10
7453,2.9793e-10
7454.9,2.7511e-10
7456.9,2.5252e-10
7458.9,2.3259e-10
7460.8,2.1711e-10
7462.8,2.0709e-10
7464.7,2.0265e-10
7466.7,2.0301e-10
7468.6,2.0661e-10
7470.6,2.114e-10
7472.5,2.1536e-10
7474.5,2.1703e-10
7476.4,2.1592e-10
7478.4,2.1253e-10
7480.3,2.0794e-10
7482.3,2.0318e-10
7484.2,1.9869e-10
7486.2,1.9416e-10
7488.2,1.8878e-10
7490.1,1.8175e-10
7492.1,1.7269e-10
7494,1.619e-10
7496,1.5013e-10
7497.9,1.3836e-10
7499.9,1.2747e-10
7501.8,1.1806e-10
7503.8,1.1044e-10
7505.7,1.0472e-10
7507.7,1.0095e-10
7509.6,9.9191e-11
7511.6,9.9581e-11
7513.6,1.0232e-10
7515.5,1.0753e-10
7517.5,1.1504e-10
7519.4,1.2424e-10
7521.4,1.3397e-10
7523.3,1.4275e-10
7525.3,1.4915e-10
7527.2,1.5223e-10
7529.2,1.5196e-10
7531.1,1.4931e-10
7533.1,1.4606e-10
7535,1.4427e-10
7537,1.456e-10
7538.9,1.5073e-10
7540.9,1.591e-10
7542.9,1.69e-10
7544.8,1.7814e-10
7546.8,1.8433e-10
7548.7,1.8616e-10
7550.7,1.8334e-10
7552.6,1.7662e-10
7554.6,1.6735e-10
7556.5,1.57e-10
7558.5,1.4672e-10
7560.4,1.3717e-10
7562.4,1.2857e-10
7564.3,1.2078e-10
7566.3,1.1357e-10
7568.3,1.0677e-10
7570.2,1.0034e-10
7572.2,9.443e-11
7574.1,8.926e-11
7576.1,8.5023e-11
7578,8.1793e-11
7580,7.9504e-11
7581.9,7.8002e-11
7583.9,7.7124e-11
7585.8,7.6756e-11
7587.8,7.6835e-11
7589.7,7.7311e-11
7591.7,7.81e-11
7593.7,7.9078e-11
7595.6,8.0108e-11
7597.6,8.1101e-11
7599.5,8.2039e-11
7601.5,8.2956e-11
7603.4,8.3893e-11
7605.4,8.4852e-11
7607.3,8.579e-11
7609.3,8.6643e-11
7611.2,8.7371e-11
7613.2,8.7977e-11
7615.1,8.8504e-11
7617.1,8.9009e-11
7619,8.9528e-11
7621,9.0046e-11
7623,9.0484e-11
7624.9,9.0728e-11
7626.9,9.0683e-11
7628.8,9.036e-11
7630.8,8.991e-11
7632.7,8.9604e-11
7634.7,8.9719e-11
7636.6,9.0388e-11
7638.6,9.1483e-11
7640.5,9.2615e-11
7642.5,9.3259e-11
7644.4,9.2969e-11
7646.4,9.1562e-11
7648.4,8.9197e-11
7650.3,8.6302e-11
7652.3,8.3389e-11
7654.2,8.0861e-11
7656.2,7.8908e-11
7658.1,7.7513e-11
7660.1,7.6555e-11
7662,7.5915e-11
7664,7.5531e-11
7665.9,7.5389e-11
7667.9,7.547e-11
7669.8,7.572e-11
7671.8,7.6056e-11
7673.7,7.6389e-11
7675.7,7.6661e-11
7677.7,7.6853e-11
7679.6,7.6965e-11
7681.6,7.6997e-11
7683.5,7.6922e-11
7685.5,7.6685e-11
7687.4,7.6221e-11
7689.4,7.5483e-11
7691.3,7.4473e-11
7693.3,7.3266e-11
7695.2,7.2009e-11
7697.2,7.0889e-11
7699.1,7.0088e-11
7701.1,6.9728e-11
7703.1,6.9843e-11
7705,7.0376e-11
7707,7.1208e-11
7708.9,7.2196e-11
7710.9,7.3195e-11
7712.8,7.4071e-11
7714.8,7.4696e-11
7716.7,7.4959e-11
7718.7,7.4803e-11
7720.6,7.4256e-11
7722.6,7.3445e-11
7724.5,7.2563e-11
7726.5,7.1797e-11
7728.4,7.1255e-11
7730.4,7.0931e-11
7732.4,7.0734e-11
7734.3,7.0555e-11
7736.3,7.0341e-11
7738.2,7.0115e-11
7740.2,6.9949e-11
7742.1,6.9912e-11
7744.1,7.0024e-11
7746,7.0255e-11
7748,7.0549e-11
7749.9,7.0857e-11
7751.9,7.1143e-11
7753.8,7.1371e-11
7755.8,7.1499e-11
7757.8,7.1485e-11
7759.7,7.132e-11
7761.7,7.106e-11
7763.6,7.083e-11
7765.6,7.0786e-11
7767.5,7.1059e-11
7769.5,7.1694e-11
7771.4,7.2616e-11
7773.4,7.3653e-11
7775.3,7.4593e-11
7777.3,7.5256e-11
7779.2,7.5546e-11
7781.2,7.5471e-11
7783.2,7.5126e-11
7785.1,7.4655e-11
7787.1,7.4214e-11
7789,7.3924e-11
7791,7.3844e-11
7792.9,7.3941e-11
7794.9,7.4097e-11
7796.8,7.4142e-11
7798.8,7.3917e-11
7800.7,7.3333e-11
7802.7,7.241e-11
7804.6,7.1279e-11
7806.6,7.0143e-11
7808.5,6.9227e-11
7810.5,6.8711e-11
7812.5,6.8687e-11
7814.4,6.9132e-11
7816.4,6.992e-11
7818.3,7.085e-11
7820.3,7.1697e-11
7822.2,7.2263e-11
7824.2,7.2425e-11
7826.1,7.2172e-11
7828.1,7.1608e-11
7830,7.0923e-11
7832,7.0322e-11
7833.9,6.9957e-11
7835.9,6.9878e-11
7837.9,7.0032e-11
7839.8,7.0297e-11
7841.8,7.0539e-11
7843.7,7.0645e-11
7845.7,7.0541e-11
7847.6,7.0184e-11
7849.6,6.9561e-11
7851.5,6.8697e-11
7853.5,6.7674e-11
7855.4,6.6624e-11
7857.4,6.5704e-11
7859.3,6.5045e-11
7861.3,6.4712e-11
7863.2,6.4689e-11
7865.2,6.4909e-11
7867.2,6.5302e-11
7869.1,6.5831e-11
7871.1,6.6486e-11
7873,6.7266e-11
7875,6.8146e-11
7876.9,6.906e-11
7878.9,6.9921e-11
7880.8,7.0644e-11
7882.8,7.1172e-11
7884.7,7.1489e-11
7886.7,7.1621e-11
7888.6,7.1625e-11
7890.6,7.1572e-11
7892.6,7.1528e-11
7894.5,7.1516e-11
7896.5,7.1493e-11
7898.4,7.1347e-11
7900.4,7.0944e-11
7902.3,7.019e-11
7904.3,6.9103e-11
7906.2,6.783e-11
7908.2,6.6615e-11
7910.1,6.5719e-11
7912.1,6.5333e-11
7914,6.5511e-11
7916,6.6166e-11
7917.9,6.7105e-11
7919.9,6.8108e-11
7921.9,6.8993e-11
7923.8,6.9647e-11
7925.8,7.0028e-11
7927.7,7.0143e-11
7929.7,7.0035e-11
7931.6,6.9774e-11
7933.6,6.9462e-11
7935.5,6.922e-11
7937.5,6.9161e-11
7939.4,6.9352e-11
7941.4,6.9783e-11
7943.3,7.0362e-11
7945.3,7.0935e-11
7947.3,7.1333e-11
7949.2,7.1411e-11
7951.2,7.1085e-11
7953.1,7.0334e-11
7955.1,6.9199e-11
7957,6.7765e-11
7959,6.616e-11
7960.9,6.4548e-11
7962.9,6.3115e-11
7964.8,6.2039e-11
7966.8,6.1449e-11
7968.7,6.1385e-11
7970.7,6.1798e-11
7972.6,6.257e-11
7974.6,6.3563e-11
7976.6,6.4653e-11
7978.5,6.5757e-11
7980.5,6.6826e-11
7982.4,6.7828e-11
7984.4,6.8733e-11
7986.3,6.9496e-11
7988.3,7.0061e-11
7990.2,7.0377e-11
7992.2,7.0422e-11
7994.1,7.024e-11
7996.1,6.994e-11
7998,6.9671e-11
8000,6.9564e-11
