0,1.7371e-08
1.9536,1.7455e-08
3.9072,1.768e-08
5.8608,1.7975e-08
7.8144,1.8256e-08
9.768,1.8466e-08
11.722,1.8638e-08
13.675,1.8932e-08
15.629,1.9645e-08
17.582,2.1138e-08
19.536,2.3674e-08
21.49,2.7214e-08
23.443,3.1267e-08
25.397,3.492e-08
27.35,3.7098e-08
29.304,3.6974e-08
31.258,3.4317e-08
33.211,2.9614e-08
35.165,2.3875e-08
37.118,1.8255e-08
39.072,1.3676e-08
41.026,1.0617e-08
42.979,9.1029e-09
44.933,8.8355e-09
46.886,9.3548e-09
48.84,1.0181e-08
50.794,1.0918e-08
52.747,1.1321e-08
54.701,1.1342e-08
56.654,1.1115e-08
58.608,1.09e-08
60.562,1.097e-08
62.515,1.15e-08
64.469,1.2484e-08
66.422,1.3723e-08
68.376,1.4888e-08
70.33,1.5631e-08
72.283,1.5712e-08
74.237,1.5074e-08
76.19,1.386e-08
78.144,1.2339e-08
80.098,1.0801e-08
82.051,9.46e-09
84.005,8.4085e-09
85.958,7.6389e-09
87.912,7.0971e-09
89.866,6.7381e-09
91.819,6.5509e-09
93.773,6.5502e-09
95.726,6.7506e-09
97.68,7.1427e-09
99.634,7.6844e-09
101.59,8.3083e-09
103.54,8.9361e-09
105.49,9.4915e-09
107.45,9.9085e-09
109.4,1.0136e-08
111.36,1.0141e-08
113.31,9.9144e-09
115.26,9.4771e-09
117.22,8.8821e-09
119.17,8.2107e-09
121.12,7.557e-09
123.08,7.0042e-09
125.03,6.6016e-09
126.98,6.3508e-09
128.94,6.2108e-09
130.89,6.1194e-09
132.84,6.0211e-09
134.8,5.8893e-09
136.75,5.7314e-09
138.71,5.5791e-09
140.66,5.4704e-09
142.61,5.4352e-09
144.57,5.4887e-09
146.52,5.632e-09
148.47,5.8539e-09
150.43,6.1291e-09
152.38,6.416e-09
154.33,6.6585e-09
156.29,6.7978e-09
158.24,6.7919e-09
160.2,6.634e-09
162.15,6.36e-09
164.1,6.0411e-09
166.06,5.7644e-09
168.01,5.6112e-09
169.96,5.6433e-09
171.92,5.901e-09
173.87,6.4081e-09
175.82,7.1774e-09
177.78,8.2056e-09
179.73,9.4591e-09
181.68,1.0857e-08
183.64,1.2273e-08
185.59,1.3554e-08
187.55,1.4574e-08
189.5,1.5281e-08
191.45,1.5714e-08
193.41,1.5986e-08
195.36,1.6232e-08
197.31,1.6559e-08
199.27,1.7032e-08
201.22,1.7691e-08
203.17,1.8597e-08
205.13,1.9847e-08
207.08,2.1565e-08
209.04,2.3851e-08
210.99,2.6727e-08
212.94,3.0116e-08
214.9,3.3864e-08
216.85,3.7821e-08
218.8,4.1916e-08
220.76,4.6186e-08
222.71,5.0733e-08
224.66,5.5614e-08
226.62,6.0739e-08
228.57,6.5843e-08
230.53,7.0565e-08
232.48,7.458e-08
234.43,7.7739e-08
236.39,8.0139e-08
238.34,8.2102e-08
240.29,8.4091e-08
242.25,8.6571e-08
244.2,8.9848e-08
246.15,9.3927e-08
248.11,9.845e-08
250.06,1.0275e-07
252.01,1.0604e-07
253.97,1.0762e-07
255.92,1.0708e-07
257.88,1.0437e-07
259.83,9.9814e-08
261.78,9.397e-08
263.74,8.7522e-08
265.69,8.1117e-08
267.64,7.5227e-08
269.6,7.0097e-08
271.55,6.5781e-08
273.5,6.2262e-08
275.46,5.9571e-08
277.41,5.7859e-08
279.37,5.7388e-08
281.32,5.8501e-08
283.27,6.1575e-08
285.23,6.6957e-08
287.18,7.4819e-08
289.13,8.4943e-08
291.09,9.6522e-08
293.04,1.0814e-07
294.99,1.1801e-07
296.95,1.2448e-07
298.9,1.2654e-07
300.85,1.2406e-07
302.81,1.1781e-07
304.76,1.0903e-07
306.72,9.9085e-08
308.67,8.9062e-08
310.62,7.9664e-08
312.58,7.1209e-08
314.53,6.3724e-08
316.48,5.7058e-08
318.44,5.1002e-08
320.39,4.541e-08
322.34,4.029e-08
324.3,3.5824e-08
326.25,3.2316e-08
328.21,3.0083e-08
330.16,2.9352e-08
332.11,3.019e-08
334.07,3.2466e-08
336.02,3.586e-08
337.97,3.9899e-08
339.93,4.4051e-08
341.88,4.7837e-08
343.83,5.0923e-08
345.79,5.3175e-08
347.74,5.4664e-08
349.69,5.567e-08
351.65,5.6731e-08
353.6,5.8743e-08
355.56,6.3055e-08
357.51,7.1449e-08
359.46,8.5942e-08
361.42,1.084e-07
363.37,1.4009e-07
365.32,1.8131e-07
367.28,2.3121e-07
369.23,2.8783e-07
371.18,3.4834e-07
373.14,4.093e-07
375.09,4.6694e-07
377.05,5.1725e-07
379,5.5617e-07
380.95,5.7985e-07
382.91,5.8526e-07
384.86,5.7102e-07
386.81,5.3811e-07
388.77,4.8998e-07
390.72,4.3185e-07
392.67,3.6961e-07
394.63,3.0854e-07
396.58,2.5263e-07
398.53,2.0441e-07
400.49,1.6517e-07
402.44,1.3521e-07
404.4,1.1398e-07
406.35,1.0025e-07
408.3,9.2241e-08
410.26,8.8028e-08
412.21,8.5795e-08
414.16,8.4092e-08
416.12,8.1932e-08
418.07,7.8802e-08
420.02,7.4624e-08
421.98,6.9664e-08
423.93,6.4377e-08
425.89,5.9236e-08
427.84,5.4665e-08
429.79,5.1151e-08
431.75,4.9499e-08
433.7,5.102e-08
435.65,5.7432e-08
437.61,7.0372e-08
439.56,9.0655e-08
441.51,1.1764e-07
443.47,1.49e-07
445.42,1.8109e-07
447.37,2.0967e-07
449.33,2.3081e-07
451.28,2.417e-07
453.24,2.4121e-07
455.19,2.301e-07
457.14,2.1078e-07
459.1,1.8681e-07
461.05,1.6192e-07
463,1.3924e-07
464.96,1.2063e-07
466.91,1.0667e-07
468.86,9.6914e-08
470.82,9.0454e-08
472.77,8.6318e-08
474.73,8.3689e-08
476.68,8.1987e-08
478.63,8.0939e-08
480.59,8.0706e-08
482.54,8.1994e-08
484.49,8.5961e-08
486.45,9.3803e-08
488.4,1.0612e-07
490.35,1.2235e-07
492.31,1.4059e-07
494.26,1.5804e-07
496.21,1.7172e-07
498.17,1.7939e-07
500.12,1.8011e-07
502.08,1.7427e-07
504.03,1.6334e-07
505.98,1.4932e-07
507.94,1.3434e-07
509.89,1.2041e-07
511.84,1.0927e-07
513.8,1.023e-07
515.75,1.0039e-07
517.7,1.0404e-07
519.66,1.1365e-07
521.61,1.3018e-07
523.57,1.5559e-07
525.52,1.9267e-07
527.47,2.4375e-07
529.43,3.0872e-07
531.38,3.8337e-07
533.33,4.592e-07
535.29,5.2526e-07
537.24,5.717e-07
539.19,5.9322e-07
541.15,5.9081e-07
543.1,5.7089e-07
545.05,5.422e-07
547.01,5.1199e-07
548.96,4.8338e-07
550.92,4.5505e-07
552.87,4.2324e-07
554.82,3.8478e-07
556.78,3.3968e-07
558.73,2.9198e-07
560.68,2.4847e-07
562.64,2.1628e-07
564.59,2.0033e-07
566.54,2.0167e-07
568.5,2.1728e-07
570.45,2.4087e-07
572.41,2.6447e-07
574.36,2.8031e-07
576.31,2.8265e-07
578.27,2.6921e-07
580.22,2.4165e-07
582.17,2.0494e-07
584.13,1.6571e-07
586.08,1.3029e-07
588.03,1.0308e-07
589.99,8.571e-08
591.94,7.7284e-08
593.89,7.5247e-08
595.85,7.6609e-08
597.8,7.9027e-08
599.76,8.1453e-08
601.71,8.4175e-08
603.66,8.8257e-08
605.62,9.4661e-08
607.57,1.0342e-07
609.52,1.1327e-07
611.48,1.2189e-07
613.43,1.2673e-07
615.38,1.2599e-07
617.34,1.1936e-07
619.29,1.0825e-07
621.25,9.5428e-08
623.2,8.4129e-08
625.15,7.7027e-08
627.11,7.5424e-08
629.06,7.8908e-08
631.01,8.5586e-08
632.97,9.2767e-08
634.92,9.7828e-08
636.87,9.8974e-08
638.83,9.5645e-08
640.78,8.8491e-08
642.74,7.897e-08
644.69,6.8755e-08
646.64,5.9227e-08
648.6,5.1229e-08
650.55,4.5176e-08
652.5,4.135e-08
654.46,4.0163e-08
656.41,4.216e-08
658.36,4.7724e-08
660.32,5.6639e-08
662.27,6.7792e-08
664.22,7.9216e-08
666.18,8.8519e-08
668.13,9.3534e-08
670.09,9.294e-08
672.04,8.6623e-08
673.99,7.5668e-08
675.95,6.201e-08
677.9,4.7905e-08
679.85,3.538e-08
681.81,2.5853e-08
683.76,1.9979e-08
685.71,1.7746e-08
687.67,1.8734e-08
689.62,2.2415e-08
691.58,2.8382e-08
693.53,3.6438e-08
695.48,4.6539e-08
697.44,5.8667e-08
699.39,7.272e-08
701.34,8.8475e-08
703.3,1.056e-07
705.25,1.2368e-07
707.2,1.421e-07
709.16,1.6e-07
711.11,1.7623e-07
713.06,1.8934e-07
715.02,1.9784e-07
716.97,2.0041e-07
718.93,1.9611e-07
720.88,1.8462e-07
722.83,1.6644e-07
724.79,1.4306e-07
726.74,1.1687e-07
728.69,9.0789e-08
730.65,6.7576e-08
732.6,4.9178e-08
734.55,3.6318e-08
736.51,2.8545e-08
738.46,2.4682e-08
740.42,2.3403e-08
742.37,2.3673e-08
744.32,2.49e-08
746.28,2.6819e-08
748.23,2.9283e-08
750.18,3.2093e-08
752.14,3.4968e-08
754.09,3.7605e-08
756.04,3.9748e-08
758,4.1205e-08
759.95,4.1794e-08
761.9,4.1299e-08
763.86,3.9504e-08
765.81,3.632e-08
767.77,3.198e-08
769.72,2.7202e-08
771.67,2.3222e-08
773.63,2.1645e-08
775.58,2.4082e-08
777.53,3.163e-08
779.49,4.4347e-08
781.44,6.0939e-08
783.39,7.8872e-08
785.35,9.4982e-08
787.3,1.064e-07
789.26,1.1143e-07
791.21,1.0999e-07
793.16,1.0339e-07
795.12,9.3675e-08
797.07,8.281e-08
799.02,7.2174e-08
800.98,6.2453e-08
802.93,5.3843e-08
804.88,4.6353e-08
806.84,3.9992e-08
808.79,3.4814e-08
810.74,3.0867e-08
812.7,2.8126e-08
814.65,2.6452e-08
816.61,2.5591e-08
818.56,2.5209e-08
820.51,2.4942e-08
822.47,2.4469e-08
824.42,2.357e-08
826.37,2.2154e-08
828.33,2.0256e-08
830.28,1.8012e-08
832.23,1.5617e-08
834.19,1.3292e-08
836.14,1.1244e-08
838.1,9.6311e-09
840.05,8.5314e-09
842,7.9348e-09
843.96,7.7597e-09
845.91,7.8932e-09
847.86,8.2389e-09
849.82,8.7512e-09
851.77,9.4401e-09
853.72,1.0345e-08
855.68,1.1495e-08
857.63,1.2892e-08
859.58,1.4521e-08
861.54,1.6406e-08
863.49,1.8644e-08
865.45,2.1404e-08
867.4,2.486e-08
869.35,2.9095e-08
871.31,3.4028e-08
873.26,3.9411e-08
875.21,4.4879e-08
877.17,5.003e-08
879.12,5.4469e-08
881.07,5.7839e-08
883.03,5.9828e-08
884.98,6.0198e-08
886.94,5.883e-08
888.89,5.5777e-08
890.84,5.128e-08
892.8,4.5742e-08
894.75,3.9654e-08
896.7,3.3511e-08
898.66,2.7738e-08
900.61,2.2656e-08
902.56,1.8479e-08
904.52,1.5336e-08
906.47,1.3279e-08
908.42,1.2275e-08
910.38,1.2184e-08
912.33,1.2752e-08
914.29,1.3661e-08
916.24,1.4601e-08
918.19,1.5366e-08
920.15,1.5898e-08
922.1,1.6264e-08
924.05,1.6584e-08
926.01,1.6935e-08
927.96,1.7305e-08
929.91,1.7609e-08
931.87,1.7753e-08
933.82,1.7704e-08
935.78,1.7519e-08
937.73,1.7323e-08
939.68,1.7257e-08
941.64,1.7429e-08
943.59,1.7909e-08
945.54,1.8784e-08
947.5,2.0232e-08
949.45,2.2562e-08
951.4,2.6178e-08
953.36,3.1439e-08
955.31,3.8491e-08
957.26,4.7136e-08
959.22,5.6826e-08
961.17,6.6749e-08
963.13,7.5974e-08
965.08,8.3574e-08
967.03,8.8712e-08
968.99,9.072e-08
970.94,8.9211e-08
972.89,8.4199e-08
974.85,7.6178e-08
976.8,6.6089e-08
978.75,5.5144e-08
980.71,4.4554e-08
982.66,3.5254e-08
984.62,2.7718e-08
986.57,2.1944e-08
988.52,1.7592e-08
990.48,1.4207e-08
992.43,1.1441e-08
994.38,9.1955e-09
996.34,7.6444e-09
998.29,7.1719e-09
1000.2,8.2572e-09
1002.2,1.1344e-08
1004.2,1.6707e-08
1006.1,2.4317e-08
1008.1,3.3725e-08
1010,4.4019e-08
1012,5.3914e-08
1013.9,6.2022e-08
1015.9,6.7228e-08
1017.8,6.9033e-08
1019.8,6.77e-08
1021.7,6.4115e-08
1023.7,5.9447e-08
1025.6,5.4758e-08
1027.6,5.0722e-08
1029.5,4.7539e-08
1031.5,4.5007e-08
1033.5,4.2706e-08
1035.4,4.0233e-08
1037.4,3.7447e-08
1039.3,3.464e-08
1041.3,3.2542e-08
1043.2,3.2106e-08
1045.2,3.4116e-08
1047.1,3.8765e-08
1049.1,4.5414e-08
1051,5.2655e-08
1053,5.8693e-08
1054.9,6.1907e-08
1056.9,6.1374e-08
1058.9,5.7156e-08
1060.8,5.027e-08
1062.8,4.2354e-08
1064.7,3.5175e-08
1066.7,3.0155e-08
1068.6,2.8028e-08
1070.6,2.8726e-08
1072.5,3.1478e-08
1074.5,3.5085e-08
1076.4,3.8288e-08
1078.4,4.014e-08
1080.3,4.0254e-08
1082.3,3.8876e-08
1084.2,3.6739e-08
1086.2,3.48e-08
1088.2,3.3961e-08
1090.1,3.4905e-08
1092.1,3.8056e-08
1094,4.3634e-08
1096,5.171e-08
1097.9,6.2208e-08
1099.9,7.483e-08
1101.8,8.8962e-08
1103.8,1.0364e-07
1105.7,1.1762e-07
1107.7,1.297e-07
1109.6,1.39e-07
1111.6,1.4536e-07
1113.6,1.4931e-07
1115.5,1.519e-07
1117.5,1.5425e-07
1119.4,1.5719e-07
1121.4,1.6096e-07
1123.3,1.6525e-07
1125.3,1.691e-07
1127.2,1.711e-07
1129.2,1.6956e-07
1131.1,1.6298e-07
1133.1,1.5062e-07
1135,1.329e-07
1137,1.1153e-07
1138.9,8.9023e-08
1140.9,6.8027e-08
1142.9,5.0608e-08
1144.8,3.7835e-08
1146.8,2.9769e-08
1148.7,2.5751e-08
1150.7,2.4805e-08
1152.6,2.5946e-08
1154.6,2.8327e-08
1156.5,3.1243e-08
1158.5,3.4094e-08
1160.4,3.6394e-08
1162.4,3.7839e-08
1164.3,3.8362e-08
1166.3,3.813e-08
1168.3,3.7435e-08
1170.2,3.6573e-08
1172.2,3.5793e-08
1174.1,3.5378e-08
1176.1,3.5791e-08
1178,3.7792e-08
1180,4.2376e-08
1181.9,5.0526e-08
1183.9,6.2813e-08
1185.8,7.9039e-08
1187.8,9.8049e-08
1189.7,1.1788e-07
1191.7,1.3618e-07
1193.7,1.5086e-07
1195.6,1.6061e-07
1197.6,1.6522e-07
1199.5,1.654e-07
1201.5,1.6233e-07
1203.4,1.5703e-07
1205.4,1.4998e-07
1207.3,1.4104e-07
1209.3,1.2981e-07
1211.2,1.1615e-07
1213.2,1.0058e-07
1215.1,8.4227e-08
1217.1,6.8578e-08
1219,5.4959e-08
1221,4.4208e-08
1223,3.6574e-08
1224.9,3.1842e-08
1226.9,2.9518e-08
1228.8,2.8964e-08
1230.8,2.9475e-08
1232.7,3.0339e-08
1234.7,3.0944e-08
1236.6,3.0917e-08
1238.6,3.0219e-08
1240.5,2.9122e-08
1242.5,2.8051e-08
1244.4,2.7355e-08
1246.4,2.7134e-08
1248.4,2.7198e-08
1250.3,2.7186e-08
1252.3,2.6763e-08
1254.2,2.5811e-08
1256.2,2.4523e-08
1258.1,2.3385e-08
1260.1,2.3109e-08
1262,2.4564e-08
1264,2.8718e-08
1265.9,3.6555e-08
1267.9,4.8893e-08
1269.8,6.609e-08
1271.8,8.7712e-08
1273.7,1.123e-07
1275.7,1.374e-07
1277.7,1.5985e-07
1279.6,1.7642e-07
1281.6,1.8448e-07
1283.5,1.8267e-07
1285.5,1.7126e-07
1287.4,1.5218e-07
1289.4,1.2858e-07
1291.3,1.0404e-07
1293.3,8.1717e-08
1295.2,6.3615e-08
1297.2,5.0329e-08
1299.1,4.1268e-08
1301.1,3.5225e-08
1303.1,3.1007e-08
1305,2.7855e-08
1307,2.5545e-08
1308.9,2.4216e-08
1310.9,2.409e-08
1312.8,2.5275e-08
1314.8,2.7703e-08
1316.7,3.1209e-08
1318.7,3.5641e-08
1320.6,4.0901e-08
1322.6,4.6898e-08
1324.5,5.3435e-08
1326.5,6.0137e-08
1328.4,6.6485e-08
1330.4,7.1973e-08
1332.4,7.631e-08
1334.3,7.9538e-08
1336.3,8.1971e-08
1338.2,8.3967e-08
1340.2,8.564e-08
1342.1,8.6706e-08
1344.1,8.6536e-08
1346,8.4435e-08
1348,7.9978e-08
1349.9,7.3251e-08
1351.9,6.4869e-08
1353.8,5.5783e-08
1355.8,4.6968e-08
1357.8,3.9145e-08
1359.7,3.2661e-08
1361.7,2.7547e-08
1363.6,2.3693e-08
1365.6,2.1019e-08
1367.5,1.9575e-08
1369.5,1.9539e-08
1371.4,2.1159e-08
1373.4,2.4657e-08
1375.3,3.0108e-08
1377.3,3.7316e-08
1379.2,4.5721e-08
1381.2,5.4432e-08
1383.2,6.2447e-08
1385.1,6.9e-08
1387.1,7.389e-08
1389,7.7581e-08
1391,8.0958e-08
1392.9,8.4825e-08
1394.9,8.9384e-08
1396.8,9.399e-08
1398.8,9.7327e-08
1400.7,9.7941e-08
1402.7,9.4882e-08
1404.6,8.8207e-08
1406.6,7.9156e-08
1408.5,6.9978e-08
1410.5,6.3439e-08
1412.5,6.2113e-08
1414.4,6.7627e-08
1416.4,8.0064e-08
1418.3,9.7777e-08
1420.3,1.1773e-07
1422.2,1.3628e-07
1424.2,1.501e-07
1426.1,1.5697e-07
1428.1,1.5614e-07
1430,1.4828e-07
1432,1.3506e-07
1433.9,1.1867e-07
1435.9,1.0126e-07
1437.9,8.451e-08
1439.8,6.9442e-08
1441.8,5.6473e-08
1443.7,4.5608e-08
1445.7,3.6703e-08
1447.6,2.9637e-08
1449.6,2.4388e-08
1451.5,2.0998e-08
1453.5,1.9498e-08
1455.4,1.9839e-08
1457.4,2.1827e-08
1459.3,2.5109e-08
1461.3,2.9191e-08
1463.2,3.3509e-08
1465.2,3.7544e-08
1467.2,4.0961e-08
1469.1,4.3712e-08
1471.1,4.6093e-08
1473,4.8697e-08
1475,5.2314e-08
1476.9,5.7834e-08
1478.9,6.6189e-08
1480.8,7.829e-08
1482.8,9.4866e-08
1484.7,1.1609e-07
1486.7,1.4109e-07
1488.6,1.6762e-07
1490.6,1.9226e-07
1492.6,2.1127e-07
1494.5,2.2189e-07
1496.5,2.2339e-07
1498.4,2.1746e-07
1500.4,2.075e-07
1502.3,1.9732e-07
1504.3,1.8963e-07
1506.2,1.8513e-07
1508.2,1.8244e-07
1510.1,1.7889e-07
1512.1,1.7169e-07
1514,1.5906e-07
1516,1.409e-07
1517.9,1.1876e-07
1519.9,9.5191e-08
1521.9,7.2941e-08
1523.8,5.417e-08
1525.8,4.0037e-08
1527.7,3.0685e-08
1529.7,2.5511e-08
1531.6,2.3568e-08
1533.6,2.393e-08
1535.5,2.5933e-08
1537.5,2.9271e-08
1539.4,3.3945e-08
1541.4,4.0105e-08
1543.3,4.7863e-08
1545.3,5.7201e-08
1547.3,6.8015e-08
1549.2,8.0296e-08
1551.2,9.4264e-08
1553.1,1.1025e-07
1555.1,1.2826e-07
1557,1.4738e-07
1559,1.654e-07
1560.9,1.7908e-07
1562.9,1.8508e-07
1564.8,1.8118e-07
1566.8,1.674e-07
1568.7,1.463e-07
1570.7,1.2243e-07
1572.6,1.0106e-07
1574.6,8.6696e-08
1576.6,8.1896e-08
1578.5,8.6736e-08
1580.5,9.9007e-08
1582.4,1.1506e-07
1584.4,1.3091e-07
1586.3,1.4331e-07
1588.3,1.503e-07
1590.2,1.5131e-07
1592.2,1.4689e-07
1594.1,1.3824e-07
1596.1,1.2681e-07
1598,1.1411e-07
1600,1.0147e-07
1602,9.0021e-08
1603.9,8.0557e-08
1605.9,7.3511e-08
1607.8,6.8914e-08
1609.8,6.6384e-08
1611.7,6.5196e-08
1613.7,6.4495e-08
1615.6,6.3666e-08
1617.6,6.2738e-08
1619.5,6.2597e-08
1621.5,6.4806e-08
1623.4,7.1036e-08
1625.4,8.2334e-08
1627.4,9.8596e-08
1629.3,1.1851e-07
1631.3,1.4002e-07
1633.2,1.6096e-07
1635.2,1.7965e-07
1637.1,1.9512e-07
1639.1,2.0693e-07
1641,2.1505e-07
1643,2.1992e-07
1644.9,2.2272e-07
1646.9,2.2555e-07
1648.8,2.3097e-07
1650.8,2.4095e-07
1652.7,2.5547e-07
1654.7,2.7172e-07
1656.7,2.8458e-07
1658.6,2.8831e-07
1660.6,2.7876e-07
1662.5,2.5509e-07
1664.5,2.1999e-07
1666.4,1.7873e-07
1668.4,1.3731e-07
1670.3,1.0092e-07
1672.3,7.3089e-08
1674.2,5.5634e-08
1676.2,4.9009e-08
1678.1,5.2599e-08
1680.1,6.4773e-08
1682.1,8.2809e-08
1684,1.0303e-07
1686,1.2135e-07
1687.9,1.3422e-07
1689.9,1.3966e-07
1691.8,1.379e-07
1693.8,1.313e-07
1695.7,1.2348e-07
1697.7,1.1803e-07
1699.6,1.1712e-07
1701.6,1.2075e-07
1703.5,1.2694e-07
1705.5,1.3281e-07
1707.4,1.361e-07
1709.4,1.3658e-07
1711.4,1.3653e-07
1713.3,1.4024e-07
1715.3,1.5251e-07
1717.2,1.7689e-07
1719.2,2.1421e-07
1721.1,2.6195e-07
1723.1,3.1465e-07
1725,3.6521e-07
1727,4.0647e-07
1728.9,4.3281e-07
1730.9,4.411e-07
1732.8,4.3102e-07
1734.8,4.0477e-07
1736.8,3.6649e-07
1738.7,3.2145e-07
1740.7,2.7528e-07
1742.6,2.3309e-07
1744.6,1.9871e-07
1746.5,1.7403e-07
1748.5,1.5882e-07
1750.4,1.512e-07
1752.4,1.4851e-07
1754.3,1.4829e-07
1756.3,1.489e-07
1758.2,1.4954e-07
1760.2,1.497e-07
1762.1,1.4866e-07
1764.1,1.4523e-07
1766.1,1.3809e-07
1768,1.265e-07
1770,1.1092e-07
1771.9,9.3216e-08
1773.9,7.6323e-08
1775.8,6.3421e-08
1777.8,5.7024e-08
1779.7,5.8296e-08
1781.7,6.6814e-08
1783.6,8.0809e-08
1785.6,9.7743e-08
1787.5,1.1496e-07
1789.5,1.302e-07
1791.5,1.418e-07
1793.4,1.4868e-07
1795.4,1.5027e-07
1797.3,1.4651e-07
1799.3,1.3793e-07
1801.2,1.2585e-07
1803.2,1.1238e-07
1805.1,1.0019e-07
1807.1,9.2077e-08
1809,9.0226e-08
1811,9.565e-08
1812.9,1.0778e-07
1814.9,1.2453e-07
1816.8,1.4271e-07
1818.8,1.5887e-07
1820.8,1.7008e-07
1822.7,1.7459e-07
1824.7,1.7207e-07
1826.6,1.6351e-07
1828.6,1.509e-07
1830.5,1.3666e-07
1832.5,1.2321e-07
1834.4,1.1254e-07
1836.4,1.0601e-07
1838.3,1.0433e-07
1840.3,1.0786e-07
1842.2,1.169e-07
1844.2,1.3194e-07
1846.2,1.5346e-07
1848.1,1.8142e-07
1850.1,2.1456e-07
1852,2.499e-07
1854,2.8288e-07
1855.9,3.0825e-07
1857.9,3.2153e-07
1859.8,3.2035e-07
1861.8,3.053e-07
1863.7,2.7968e-07
1865.7,2.4835e-07
1867.6,2.1609e-07
1869.6,1.8625e-07
1871.6,1.6032e-07
1873.5,1.3838e-07
1875.5,1.2015e-07
1877.4,1.0588e-07
1879.4,9.6663e-08
1881.3,9.3898e-08
1883.3,9.8478e-08
1885.2,1.1012e-07
1887.2,1.2737e-07
1889.1,1.4819e-07
1891.1,1.7091e-07
1893,1.9466e-07
1895,2.1912e-07
1896.9,2.4362e-07
1898.9,2.6615e-07
1900.9,2.8323e-07
1902.8,2.9069e-07
1904.8,2.8527e-07
1906.7,2.6606e-07
1908.7,2.3512e-07
1910.6,1.9698e-07
1912.6,1.5734e-07
1914.5,1.217e-07
1916.5,9.4332e-08
1918.4,7.801e-08
1920.4,7.4302e-08
1922.3,8.4062e-08
1924.3,1.0783e-07
1926.3,1.4588e-07
1928.2,1.9795e-07
1930.2,2.6273e-07
1932.1,3.3741e-07
1934.1,4.1758e-07
1936,4.9747e-07
1938,5.7054e-07
1939.9,6.3026e-07
1941.9,6.7096e-07
1943.8,6.8857e-07
1945.8,6.8118e-07
1947.7,6.4945e-07
1949.7,5.9659e-07
1951.6,5.2794e-07
1953.6,4.5024e-07
1955.6,3.7062e-07
1957.5,2.9574e-07
1959.5,2.3095e-07
1961.4,1.7981e-07
1963.4,1.4375e-07
1965.3,1.2207e-07
1967.3,1.1228e-07
1969.2,1.1083e-07
1971.2,1.1402e-07
1973.1,1.1893e-07
1975.1,1.239e-07
1977,1.2845e-07
1979,1.3272e-07
1981,1.3676e-07
1982.9,1.4014e-07
1984.9,1.4211e-07
1986.8,1.4213e-07
1988.8,1.404e-07
1990.7,1.3793e-07
1992.7,1.3624e-07
1994.6,1.3684e-07
1996.6,1.4102e-07
1998.5,1.498e-07
2000.5,1.6385e-07
2002.4,1.8303e-07
2004.4,2.0568e-07
2006.3,2.2819e-07
2008.3,2.4544e-07
2010.3,2.5225e-07
2012.2,2.4528e-07
2014.2,2.2437e-07
2016.1,1.9271e-07
2018.1,1.5584e-07
2020,1.1995e-07
2022,9.044e-08
2023.9,7.0993e-08
2025.9,6.338e-08
2027.8,6.767e-08
2029.8,8.2595e-08
2031.7,1.0594e-07
2033.7,1.35e-07
2035.7,1.6707e-07
2037.6,1.9983e-07
2039.6,2.3156e-07
2041.5,2.6091e-07
2043.5,2.8656e-07
2045.4,3.0699e-07
2047.4,3.2069e-07
2049.3,3.2677e-07
2051.3,3.2564e-07
2053.2,3.1917e-07
2055.2,3.1009e-07
2057.1,3.0092e-07
2059.1,2.9289e-07
2061.1,2.8545e-07
2063,2.7662e-07
2065,2.64e-07
2066.9,2.4595e-07
2068.9,2.2239e-07
2070.8,1.9511e-07
2072.8,1.674e-07
2074.7,1.4319e-07
2076.7,1.2602e-07
2078.6,1.1804e-07
2080.6,1.1943e-07
2082.5,1.284e-07
2084.5,1.4182e-07
2086.4,1.564e-07
2088.4,1.6993e-07
2090.4,1.821e-07
2092.3,1.9473e-07
2094.3,2.1103e-07
2096.2,2.3438e-07
2098.2,2.6677e-07
2100.1,3.0777e-07
2102.1,3.5409e-07
2104,4.0023e-07
2106,4.3974e-07
2107.9,4.6694e-07
2109.9,4.7836e-07
2111.8,4.7372e-07
2113.8,4.559e-07
2115.8,4.3008e-07
2117.7,4.0214e-07
2119.7,3.7693e-07
2121.6,3.571e-07
2123.6,3.4278e-07
2125.5,3.3224e-07
2127.5,3.2301e-07
2129.4,3.1282e-07
2131.4,3.0024e-07
2133.3,2.8482e-07
2135.3,2.6712e-07
2137.2,2.4866e-07
2139.2,2.3172e-07
2141.1,2.1881e-07
2143.1,2.1186e-07
2145.1,2.1145e-07
2147,2.1645e-07
2149,2.2434e-07
2150.9,2.3215e-07
2152.9,2.3745e-07
2154.8,2.3903e-07
2156.8,2.3698e-07
2158.7,2.3225e-07
2160.7,2.2613e-07
2162.6,2.1994e-07
2164.6,2.1506e-07
2166.5,2.1316e-07
2168.5,2.1621e-07
2170.5,2.2625e-07
2172.4,2.4478e-07
2174.4,2.7214e-07
2176.3,3.0712e-07
2178.3,3.4697e-07
2180.2,3.8773e-07
2182.2,4.2475e-07
2184.1,4.5317e-07
2186.1,4.6849e-07
2188,4.6716e-07
2190,4.4748e-07
2191.9,4.1035e-07
2193.9,3.5961e-07
2195.8,3.0152e-07
2197.8,2.4342e-07
2199.8,1.9189e-07
2201.7,1.5123e-07
2203.7,1.2275e-07
2205.6,1.0509e-07
2207.6,9.5368e-08
2209.5,9.0499e-08
2211.5,8.8186e-08
2213.4,8.7264e-08
2215.4,8.7443e-08
2217.3,8.8778e-08
2219.3,9.1203e-08
2221.2,9.4352e-08
2223.2,9.7642e-08
2225.2,1.0045e-07
2227.1,1.0226e-07
2229.1,1.0266e-07
2231,1.0144e-07
2233,9.8649e-08
2234.9,9.475e-08
2236.9,9.0694e-08
2238.8,8.7778e-08
2240.8,8.7292e-08
2242.7,9.0088e-08
2244.7,9.6239e-08
2246.6,1.0493e-07
2248.6,1.1464e-07
2250.5,1.2351e-07
2252.5,1.2995e-07
2254.5,1.3315e-07
2256.4,1.3347e-07
2258.4,1.3243e-07
2260.3,1.3228e-07
2262.3,1.3516e-07
2264.2,1.4232e-07
2266.2,1.5369e-07
2268.1,1.6781e-07
2270.1,1.8241e-07
2272,1.9513e-07
2274,2.0435e-07
2275.9,2.0979e-07
2277.9,2.127e-07
2279.9,2.1562e-07
2281.8,2.2166e-07
2283.8,2.3347e-07
2285.7,2.5234e-07
2287.7,2.7739e-07
2289.6,3.0544e-07
2291.6,3.3137e-07
2293.5,3.4932e-07
2295.5,3.5424e-07
2297.4,3.4354e-07
2299.4,3.1816e-07
2301.3,2.8261e-07
2303.3,2.4387e-07
2305.3,2.0937e-07
2307.2,1.8479e-07
2309.2,1.7243e-07
2311.1,1.7064e-07
2313.1,1.746e-07
2315,1.7814e-07
2317,1.759e-07
2318.9,1.6507e-07
2320.9,1.4609e-07
2322.8,1.2214e-07
2324.8,9.7752e-08
2326.7,7.7212e-08
2328.7,6.3322e-08
2330.6,5.696e-08
2332.6,5.7399e-08
2334.6,6.3094e-08
2336.5,7.2546e-08
2338.5,8.4859e-08
2340.4,9.9819e-08
2342.4,1.1745e-07
2344.3,1.373e-07
2346.3,1.5782e-07
2348.2,1.7622e-07
2350.2,1.8909e-07
2352.1,1.9354e-07
2354.1,1.8834e-07
2356,1.7458e-07
2358,1.5542e-07
2360,1.3512e-07
2361.9,1.1764e-07
2363.9,1.0553e-07
2365.8,9.9377e-08
2367.8,9.7986e-08
2369.7,9.9272e-08
2371.7,1.0135e-07
2373.6,1.0345e-07
2375.6,1.0614e-07
2377.5,1.1082e-07
2379.5,1.1881e-07
2381.4,1.3046e-07
2383.4,1.4481e-07
2385.3,1.5996e-07
2387.3,1.7378e-07
2389.3,1.8454e-07
2391.2,1.9114e-07
2393.2,1.9297e-07
2395.1,1.8955e-07
2397.1,1.8056e-07
2399,1.6598e-07
2401,1.4656e-07
2402.9,1.2402e-07
2404.9,1.0087e-07
2406.8,7.9913e-08
2408.8,6.3513e-08
2410.7,5.3012e-08
2412.7,4.8459e-08
2414.7,4.8719e-08
2416.6,5.1902e-08
2418.6,5.5957e-08
2420.5,5.9256e-08
2422.5,6.0987e-08
2424.4,6.1242e-08
2426.4,6.0788e-08
2428.3,6.0628e-08
2430.3,6.1543e-08
2432.2,6.3819e-08
2434.2,6.7245e-08
2436.1,7.1333e-08
2438.1,7.5624e-08
2440,7.988e-08
2442,8.4057e-08
2444,8.8123e-08
2445.9,9.1852e-08
2447.9,9.4803e-08
2449.8,9.652e-08
2451.8,9.6847e-08
2453.7,9.6108e-08
2455.7,9.4989e-08
2457.6,9.4146e-08
2459.6,9.3773e-08
2461.5,9.3413e-08
2463.5,9.2132e-08
2465.4,8.8968e-08
2467.4,8.3382e-08
2469.4,7.5505e-08
2471.3,6.608e-08
2473.3,5.6198e-08
2475.2,4.6946e-08
2477.2,3.912e-08
2479.1,3.3068e-08
2481.1,2.871e-08
2483,2.569e-08
2485,2.3609e-08
2486.9,2.2261e-08
2488.9,2.1768e-08
2490.8,2.2599e-08
2492.8,2.5485e-08
2494.7,3.128e-08
2496.7,4.0841e-08
2498.7,5.493e-08
2500.6,7.4101e-08
2502.6,9.8519e-08
2504.5,1.2772e-07
2506.5,1.6042e-07
2508.4,1.9451e-07
2510.4,2.2739e-07
2512.3,2.5647e-07
2514.3,2.7976e-07
2516.2,2.9612e-07
2518.2,3.0522e-07
2520.1,3.0716e-07
2522.1,3.0201e-07
2524.1,2.8959e-07
2526,2.6976e-07
2528,2.4292e-07
2529.9,2.1056e-07
2531.9,1.7552e-07
2533.8,1.4159e-07
2535.8,1.1274e-07
2537.7,9.2163e-08
2539.7,8.1611e-08
2541.6,8.1133e-08
2543.6,8.9345e-08
2545.5,1.0395e-07
2547.5,1.2227e-07
2549.5,1.4158e-07
2551.4,1.5923e-07
2553.4,1.7279e-07
2555.3,1.8041e-07
2557.3,1.8126e-07
2559.2,1.7606e-07
2561.2,1.6697e-07
2563.1,1.5697e-07
2565.1,1.4866e-07
2567,1.4322e-07
2569,1.4005e-07
2570.9,1.3718e-07
2572.9,1.3239e-07
2574.8,1.2425e-07
2576.8,1.127e-07
2578.8,9.8993e-08
2580.7,8.5062e-08
2582.7,7.2867e-08
2584.6,6.399e-08
2586.6,5.9635e-08
2588.5,6.0844e-08
2590.5,6.8651e-08
2592.4,8.3905e-08
2594.4,1.0677e-07
2596.3,1.3609e-07
2598.3,1.6906e-07
2600.2,2.014e-07
2602.2,2.2819e-07
2604.2,2.4508e-07
2606.1,2.4954e-07
2608.1,2.4155e-07
2610,2.236e-07
2612,1.999e-07
2613.9,1.7528e-07
2615.9,1.5398e-07
2617.8,1.3894e-07
2619.8,1.3145e-07
2621.7,1.3133e-07
2623.7,1.373e-07
2625.6,1.4749e-07
2627.6,1.5993e-07
2629.5,1.7294e-07
2631.5,1.8532e-07
2633.5,1.9627e-07
2635.4,2.0529e-07
2637.4,2.1204e-07
2639.3,2.1629e-07
2641.3,2.1807e-07
2643.2,2.1766e-07
2645.2,2.1562e-07
2647.1,2.1266e-07
2649.1,2.0962e-07
2651,2.0756e-07
2653,2.0775e-07
2654.9,2.1143e-07
2656.9,2.1927e-07
2658.9,2.3075e-07
2660.8,2.4386e-07
2662.8,2.5543e-07
2664.7,2.6201e-07
2666.7,2.6097e-07
2668.6,2.5121e-07
2670.6,2.333e-07
2672.5,2.0907e-07
2674.5,1.8107e-07
2676.4,1.5217e-07
2678.4,1.2535e-07
2680.3,1.0362e-07
2682.3,8.9652e-08
2684.2,8.529e-08
2686.2,9.0891e-08
2688.2,1.0498e-07
2690.1,1.2436e-07
2692.1,1.4483e-07
2694,1.6215e-07
2696,1.732e-07
2697.9,1.7672e-07
2699.9,1.7349e-07
2701.8,1.6605e-07
2703.8,1.5793e-07
2705.7,1.5289e-07
2707.7,1.5443e-07
2709.6,1.6565e-07
2711.6,1.8919e-07
2713.6,2.2682e-07
2715.5,2.7864e-07
2717.5,3.4181e-07
2719.4,4.0971e-07
2721.4,4.721e-07
2723.3,5.171e-07
2725.3,5.3429e-07
2727.2,5.1811e-07
2729.2,4.6994e-07
2731.1,3.9792e-07
2733.1,3.1452e-07
2735,2.3279e-07
2737,1.6296e-07
2738.9,1.1043e-07
2740.9,7.5573e-08
2742.9,5.5183e-08
2744.8,4.4466e-08
2746.8,3.896e-08
2748.7,3.5779e-08
2750.7,3.4075e-08
2752.6,3.4794e-08
2754.6,3.9936e-08
2756.5,5.1534e-08
2758.5,7.0634e-08
2760.4,9.6584e-08
2762.4,1.2692e-07
2764.3,1.5796e-07
2766.3,1.8597e-07
2768.3,2.0838e-07
2770.2,2.2451e-07
2772.2,2.3545e-07
2774.1,2.4309e-07
2776.1,2.489e-07
2778,2.5307e-07
2780,2.5451e-07
2781.9,2.5149e-07
2783.9,2.4272e-07
2785.8,2.2808e-07
2787.8,2.0887e-07
2789.7,1.8735e-07
2791.7,1.6606e-07
2793.7,1.472e-07
2795.6,1.3229e-07
2797.6,1.2224e-07
2799.5,1.1753e-07
2801.5,1.1831e-07
2803.4,1.244e-07
2805.4,1.35e-07
2807.3,1.4852e-07
2809.3,1.6263e-07
2811.2,1.7461e-07
2813.2,1.8201e-07
2815.1,1.8321e-07
2817.1,1.7787e-07
2819,1.6689e-07
2821,1.5205e-07
2823,1.3549e-07
2824.9,1.1904e-07
2826.9,1.0387e-07
2828.8,9.0392e-08
2830.8,7.8423e-08
2832.7,6.7724e-08
2834.7,5.8532e-08
2836.6,5.1992e-08
2838.6,5.0279e-08
2840.5,5.6368e-08
2842.5,7.3526e-08
2844.4,1.0463e-07
2846.4,1.5133e-07
2848.4,2.132e-07
2850.3,2.869e-07
2852.3,3.6605e-07
2854.2,4.4207e-07
2856.2,5.0638e-07
2858.1,5.5324e-07
2860.1,5.8197e-07
2862,5.9738e-07
2864,6.0788e-07
2865.9,6.2202e-07
2867.9,6.4519e-07
2869.8,6.7773e-07
2871.8,7.1529e-07
2873.7,7.506e-07
2875.7,7.7572e-07
2877.7,7.838e-07
2879.6,7.7012e-07
2881.6,7.326e-07
2883.5,6.722e-07
2885.5,5.9294e-07
2887.4,5.0158e-07
2889.4,4.0651e-07
2891.3,3.1623e-07
2893.3,2.3767e-07
2895.2,1.7511e-07
2897.2,1.2985e-07
2899.1,1.0088e-07
2901.1,8.6e-08
2903.1,8.3009e-08
2905,9.0595e-08
2907,1.0851e-07
2908.9,1.3713e-07
2910.9,1.7649e-07
2912.8,2.2536e-07
2914.8,2.8064e-07
2916.7,3.3741e-07
2918.7,3.8964e-07
2920.6,4.3144e-07
2922.6,4.5831e-07
2924.5,4.6811e-07
2926.5,4.6142e-07
2928.4,4.4115e-07
2930.4,4.1155e-07
2932.4,3.77e-07
2934.3,3.4098e-07
2936.3,3.056e-07
2938.2,2.7196e-07
2940.2,2.4086e-07
2942.1,2.1337e-07
2944.1,1.9085e-07
2946,1.7435e-07
2948,1.6377e-07
2949.9,1.5747e-07
2951.9,1.5262e-07
2953.8,1.462e-07
2955.8,1.3616e-07
2957.8,1.2219e-07
2959.7,1.0564e-07
2961.7,8.8959e-08
2963.6,7.4659e-08
2965.6,6.4497e-08
2967.5,5.9033e-08
2969.5,5.7721e-08
2971.4,5.9378e-08
2973.4,6.2782e-08
2975.3,6.7111e-08
2977.3,7.2048e-08
2979.2,7.7588e-08
2981.2,8.3726e-08
2983.2,9.03e-08
2985.1,9.7094e-08
2987.1,1.0411e-07
2989,1.1176e-07
2991,1.2081e-07
2992.9,1.3197e-07
2994.9,1.4543e-07
2996.8,1.6072e-07
2998.8,1.768e-07
3000.7,1.9252e-07
3002.7,2.0707e-07
3004.6,2.2002e-07
3006.6,2.3125e-07
3008.5,2.4068e-07
3010.5,2.4823e-07
3012.5,2.5395e-07
3014.4,2.5815e-07
3016.4,2.6128e-07
3018.3,2.636e-07
3020.3,2.6481e-07
3022.2,2.6423e-07
3024.2,2.6123e-07
3026.1,2.5593e-07
3028.1,2.4946e-07
3030,2.4362e-07
3032,2.4025e-07
3033.9,2.4069e-07
3035.9,2.4587e-07
3037.9,2.5693e-07
3039.8,2.7562e-07
3041.8,3.0417e-07
3043.7,3.4415e-07
3045.7,3.9497e-07
3047.6,4.5288e-07
3049.6,5.1098e-07
3051.5,5.6069e-07
3053.5,5.9404e-07
3055.4,6.0595e-07
3057.4,5.9553e-07
3059.3,5.6599e-07
3061.3,5.2319e-07
3063.2,4.7355e-07
3065.2,4.223e-07
3067.2,3.7255e-07
3069.1,3.2538e-07
3071.1,2.8058e-07
3073,2.3756e-07
3075,1.96e-07
3076.9,1.563e-07
3078.9,1.1967e-07
3080.8,8.8134e-08
3082.8,6.4273e-08
3084.7,5.0912e-08
3086.7,5.0618e-08
3088.6,6.5152e-08
3090.6,9.4915e-08
3092.6,1.3847e-07
3094.5,1.9225e-07
3096.5,2.5078e-07
3098.4,3.0732e-07
3100.4,3.5524e-07
3102.3,3.8959e-07
3104.3,4.0844e-07
3106.2,4.1348e-07
3108.2,4.0943e-07
3110.1,4.0237e-07
3112.1,3.9763e-07
3114,3.9788e-07
3116,4.0221e-07
3117.9,4.0653e-07
3119.9,4.0523e-07
3121.9,3.934e-07
3123.8,3.6893e-07
3125.8,3.3362e-07
3127.7,2.9285e-07
3129.7,2.5399e-07
3131.6,2.2402e-07
3133.6,2.0724e-07
3135.5,2.0404e-07
3137.5,2.1095e-07
3139.4,2.2201e-07
3141.4,2.3075e-07
3143.3,2.3215e-07
3145.3,2.2373e-07
3147.3,2.0581e-07
3149.2,1.8087e-07
3151.2,1.5252e-07
3153.1,1.245e-07
3155.1,9.9929e-08
3157,8.0961e-08
3159,6.8868e-08
3160.9,6.4285e-08
3162.9,6.7482e-08
3164.8,7.8454e-08
3166.8,9.6816e-08
3168.7,1.2162e-07
3170.7,1.5129e-07
3172.6,1.837e-07
3174.6,2.1646e-07
3176.6,2.4728e-07
3178.5,2.7423e-07
3180.5,2.96e-07
3182.4,3.1215e-07
3184.4,3.2325e-07
3186.3,3.309e-07
3188.3,3.374e-07
3190.2,3.4524e-07
3192.2,3.564e-07
3194.1,3.7182e-07
3196.1,3.9115e-07
3198,4.1282e-07
3200,4.3439e-07
3202,4.5294e-07
3203.9,4.6555e-07
3205.9,4.6977e-07
3207.8,4.6413e-07
3209.8,4.4855e-07
3211.7,4.2451e-07
3213.7,3.9502e-07
3215.6,3.6436e-07
3217.6,3.3778e-07
3219.5,3.21e-07
3221.5,3.1957e-07
3223.4,3.3787e-07
3225.4,3.778e-07
3227.4,4.3752e-07
3229.3,5.1082e-07
3231.3,5.8776e-07
3233.2,6.5681e-07
3235.2,7.0793e-07
3237.1,7.3547e-07
3239.1,7.3947e-07
3241,7.2483e-07
3243,6.987e-07
3244.9,6.6752e-07
3246.9,6.3498e-07
3248.8,6.0172e-07
3250.8,5.6657e-07
3252.7,5.2822e-07
3254.7,4.8667e-07
3256.7,4.4356e-07
3258.6,4.0161e-07
3260.6,3.6339e-07
3262.5,3.3014e-07
3264.5,3.012e-07
3266.4,2.7438e-07
3268.4,2.4717e-07
3270.3,2.1811e-07
3272.3,1.8769e-07
3274.2,1.5833e-07
3276.2,1.3359e-07
3278.1,1.1707e-07
3280.1,1.1166e-07
3282.1,1.1918e-07
3284,1.4031e-07
3286,1.7454e-07
3287.9,2.2007e-07
3289.9,2.7359e-07
3291.8,3.3038e-07
3293.8,3.8465e-07
3295.7,4.3032e-07
3297.7,4.6204e-07
3299.6,4.7616e-07
3301.6,4.7141e-07
3303.5,4.4903e-07
3305.5,4.1233e-07
3307.4,3.6581e-07
3309.4,3.1413e-07
3311.4,2.6147e-07
3313.3,2.1123e-07
3315.3,1.6619e-07
3317.2,1.2882e-07
3319.2,1.0127e-07
3321.1,8.5158e-08
3323.1,8.1091e-08
3325,8.8248e-08
3327,1.044e-07
3328.9,1.2643e-07
3330.9,1.5109e-07
3332.8,1.7582e-07
3334.8,1.9902e-07
3336.8,2.198e-07
3338.7,2.3737e-07
3340.7,2.5056e-07
3342.6,2.5775e-07
3344.6,2.5744e-07
3346.5,2.4913e-07
3348.5,2.3395e-07
3350.4,2.1481e-07
3352.4,1.9579e-07
3354.3,1.8137e-07
3356.3,1.7559e-07
3358.2,1.815e-07
3360.2,2.007e-07
3362.1,2.3291e-07
3364.1,2.755e-07
3366.1,3.2326e-07
3368,3.6886e-07
3370,4.0424e-07
3371.9,4.2266e-07
3373.9,4.2073e-07
3375.8,3.9975e-07
3377.8,3.6564e-07
3379.7,3.2732e-07
3381.7,2.9411e-07
3383.6,2.7291e-07
3385.6,2.6614e-07
3387.5,2.7125e-07
3389.5,2.8203e-07
3391.5,2.9135e-07
3393.4,2.9413e-07
3395.4,2.8928e-07
3397.3,2.7981e-07
3399.3,2.7101e-07
3401.2,2.6755e-07
3403.2,2.7104e-07
3405.1,2.7903e-07
3407.1,2.8596e-07
3409,2.8565e-07
3411,2.7397e-07
3412.9,2.5073e-07
3414.9,2.1998e-07
3416.8,1.8866e-07
3418.8,1.6432e-07
3420.8,1.5278e-07
3422.7,1.5633e-07
3424.7,1.7321e-07
3426.6,1.981e-07
3428.6,2.2353e-07
3430.5,2.4171e-07
3432.5,2.465e-07
3434.4,2.3491e-07
3436.4,2.0781e-07
3438.3,1.6959e-07
3440.3,1.2689e-07
3442.2,8.6884e-08
3444.2,5.5576e-08
3446.2,3.6778e-08
3448.1,3.1768e-08
3450.1,3.9571e-08
3452,5.7583e-08
3454,8.2304e-08
3455.9,1.1004e-07
3457.9,1.3754e-07
3459.8,1.6241e-07
3461.8,1.8334e-07
3463.7,2.0009e-07
3465.7,2.1321e-07
3467.6,2.2377e-07
3469.6,2.3311e-07
3471.6,2.4267e-07
3473.5,2.5398e-07
3475.5,2.6845e-07
3477.4,2.8707e-07
3479.4,3.0985e-07
3481.3,3.3518e-07
3483.3,3.595e-07
3485.2,3.7763e-07
3487.2,3.8402e-07
3489.1,3.7456e-07
3491.1,3.4847e-07
3493,3.0936e-07
3495,2.6479e-07
3496.9,2.2445e-07
3498.9,1.9725e-07
3500.9,1.8859e-07
3502.8,1.9855e-07
3504.8,2.2192e-07
3506.7,2.4974e-07
3508.7,2.7209e-07
3510.6,2.8104e-07
3512.6,2.7281e-07
3514.5,2.4859e-07
3516.5,2.1376e-07
3518.4,1.7606e-07
3520.4,1.431e-07
3522.3,1.2036e-07
3524.3,1.1008e-07
3526.3,1.1136e-07
3528.2,1.2127e-07
3530.2,1.3638e-07
3532.1,1.5412e-07
3534.1,1.7343e-07
3536,1.9466e-07
3538,2.1887e-07
3539.9,2.4682e-07
3541.9,2.783e-07
3543.8,3.1194e-07
3545.8,3.4568e-07
3547.7,3.7793e-07
3549.7,4.0879e-07
3551.6,4.4081e-07
3553.6,4.7855e-07
3555.6,5.2697e-07
3557.5,5.89e-07
3559.5,6.6352e-07
3561.4,7.4463e-07
3563.4,8.2278e-07
3565.3,8.8729e-07
3567.3,9.2954e-07
3569.2,9.4529e-07
3571.2,9.3549e-07
3573.1,9.0526e-07
3575.1,8.616e-07
3577,8.1082e-07
3579,7.5696e-07
3581,7.0144e-07
3582.9,6.4397e-07
3584.9,5.8399e-07
3586.8,5.2163e-07
3588.8,4.581e-07
3590.7,3.9526e-07
3592.7,3.3513e-07
3594.6,2.7947e-07
3596.6,2.2986e-07
3598.5,1.8794e-07
3600.5,1.5552e-07
3602.4,1.3431e-07
3604.4,1.2533e-07
3606.3,1.2826e-07
3608.3,1.4101e-07
3610.3,1.5994e-07
3612.2,1.8062e-07
3614.2,1.9892e-07
3616.1,2.1209e-07
3618.1,2.1943e-07
3620,2.2245e-07
3622,2.2442e-07
3623.9,2.2945e-07
3625.9,2.4121e-07
3627.8,2.6172e-07
3629.8,2.9058e-07
3631.7,3.2506e-07
3633.7,3.6122e-07
3635.7,3.956e-07
3637.6,4.2678e-07
3639.6,4.5592e-07
3641.5,4.8598e-07
3643.5,5.1999e-07
3645.4,5.5916e-07
3647.4,6.0196e-07
3649.3,6.4438e-07
3651.3,6.8135e-07
3653.2,7.086e-07
3655.2,7.2403e-07
3657.1,7.2797e-07
3659.1,7.2242e-07
3661.1,7.0963e-07
3663,6.9086e-07
3665,6.6616e-07
3666.9,6.3525e-07
3668.9,5.9913e-07
3670.8,5.6128e-07
3672.8,5.2744e-07
3674.7,5.0367e-07
3676.7,4.9346e-07
3678.6,4.9541e-07
3680.6,5.0294e-07
3682.5,5.0642e-07
3684.5,4.9682e-07
3686.4,4.6917e-07
3688.4,4.241e-07
3690.4,3.6713e-07
3692.3,3.0623e-07
3694.3,2.4915e-07
3696.2,2.0172e-07
3698.2,1.6736e-07
3700.1,1.4762e-07
3702.1,1.4296e-07
3704,1.5323e-07
3706,1.778e-07
3707.9,2.1547e-07
3709.9,2.6444e-07
3711.8,3.2229e-07
3713.8,3.8596e-07
3715.8,4.5178e-07
3717.7,5.1562e-07
3719.7,5.7338e-07
3721.6,6.2178e-07
3723.6,6.5927e-07
3725.5,6.8632e-07
3727.5,7.0502e-07
3729.4,7.1787e-07
3731.4,7.2631e-07
3733.3,7.2986e-07
3735.3,7.263e-07
3737.2,7.1285e-07
3739.2,6.8802e-07
3741.1,6.53e-07
3743.1,6.1203e-07
3745.1,5.7135e-07
3747,5.3715e-07
3749,5.1348e-07
3750.9,5.0114e-07
3752.9,4.9805e-07
3754.8,5.0059e-07
3756.8,5.0515e-07
3758.7,5.0886e-07
3760.7,5.0952e-07
3762.6,5.0511e-07
3764.6,4.9359e-07
3766.5,4.7337e-07
3768.5,4.4407e-07
3770.5,4.0698e-07
3772.4,3.6499e-07
3774.4,3.2186e-07
3776.3,2.8125e-07
3778.3,2.4611e-07
3780.2,2.1854e-07
3782.2,2.0012e-07
3784.1,1.923e-07
3786.1,1.9666e-07
3788,2.1476e-07
3790,2.477e-07
3791.9,2.9578e-07
3793.9,3.5856e-07
3795.8,4.3507e-07
3797.8,5.2401e-07
3799.8,6.2336e-07
3801.7,7.2944e-07
3803.7,8.3588e-07
3805.6,9.3341e-07
3807.6,1.011e-06
3809.5,1.0582e-06
3811.5,1.0681e-06
3813.4,1.0393e-06
3815.4,9.7626e-07
3817.3,8.8798e-07
3819.3,7.8566e-07
3821.2,6.7992e-07
3823.2,5.7895e-07
3825.2,4.8789e-07
3827.1,4.0956e-07
3829.1,3.4563e-07
3831,2.9774e-07
3833,2.6771e-07
3834.9,2.5704e-07
3836.9,2.6591e-07
3838.8,2.9237e-07
3840.8,3.3195e-07
3842.7,3.7797e-07
3844.7,4.225e-07
3846.6,4.5777e-07
3848.6,4.779e-07
3850.5,4.8045e-07
3852.5,4.6738e-07
3854.5,4.4483e-07
3856.4,4.2169e-07
3858.4,4.0723e-07
3860.3,4.0845e-07
3862.3,4.2794e-07
3864.2,4.6294e-07
3866.2,5.0589e-07
3868.1,5.4638e-07
3870.1,5.7407e-07
3872,5.8167e-07
3874,5.6711e-07
3875.9,5.3404e-07
3877.9,4.9053e-07
3879.9,4.4625e-07
3881.8,4.0919e-07
3883.8,3.8311e-07
3885.7,3.6674e-07
3887.7,3.55e-07
3889.6,3.4174e-07
3891.6,3.2268e-07
3893.5,2.9738e-07
3895.5,2.6955e-07
3897.4,2.4573e-07
3899.4,2.3299e-07
3901.3,2.3661e-07
3903.3,2.5839e-07
3905.3,2.9599e-07
3907.2,3.4352e-07
3909.2,3.9289e-07
3911.1,4.3574e-07
3913.1,4.6522e-07
3915,4.7713e-07
3917,4.7021e-07
3918.9,4.459e-07
3920.9,4.0778e-07
3922.8,3.6112e-07
3924.8,3.1238e-07
3926.7,2.6853e-07
3928.7,2.3596e-07
3930.6,2.192e-07
3932.6,2.1988e-07
3934.6,2.3627e-07
3936.5,2.6365e-07
3938.5,2.9537e-07
3940.4,3.2427e-07
3942.4,3.442e-07
3944.3,3.5127e-07
3946.3,3.4457e-07
3948.2,3.2621e-07
3950.2,3.0061e-07
3952.1,2.7325e-07
3954.1,2.4921e-07
3956,2.321e-07
3958,2.2366e-07
3960,2.2419e-07
3961.9,2.335e-07
3963.9,2.5177e-07
3965.8,2.7965e-07
3967.8,3.1754e-07
3969.7,3.6421e-07
3971.7,4.1577e-07
3973.6,4.6554e-07
3975.6,5.0531e-07
3977.5,5.2758e-07
3979.5,5.2777e-07
3981.4,5.0562e-07
3983.4,4.6506e-07
3985.3,4.1281e-07
3987.3,3.5623e-07
3989.3,3.0148e-07
3991.2,2.5254e-07
3993.2,2.112e-07
3995.1,1.7788e-07
3997.1,1.5255e-07
3999,1.3529e-07
4001,1.2643e-07
4002.9,1.2618e-07
4004.9,1.3417e-07
4006.8,1.4903e-07
4008.8,1.6831e-07
4010.7,1.8873e-07
4012.7,2.0677e-07
4014.7,2.1946e-07
4016.6,2.2515e-07
4018.6,2.2397e-07
4020.5,2.1756e-07
4022.5,2.0835e-07
4024.4,1.9841e-07
4026.4,1.8865e-07
4028.3,1.7856e-07
4030.3,1.6683e-07
4032.2,1.525e-07
4034.2,1.3597e-07
4036.1,1.1957e-07
4038.1,1.0723e-07
4040,1.0344e-07
4042,1.1181e-07
4044,1.3388e-07
4045.9,1.6851e-07
4047.9,2.1203e-07
4049.8,2.5912e-07
4051.8,3.0394e-07
4053.7,3.4122e-07
4055.7,3.6701e-07
4057.6,3.7908e-07
4059.6,3.7706e-07
4061.5,3.6233e-07
4063.5,3.3778e-07
4065.4,3.074e-07
4067.4,2.7561e-07
4069.4,2.4646e-07
4071.3,2.2277e-07
4073.3,2.0558e-07
4075.2,1.9406e-07
4077.2,1.861e-07
4079.1,1.7932e-07
4081.1,1.7198e-07
4083,1.6347e-07
4085,1.5412e-07
4086.9,1.4465e-07
4088.9,1.3563e-07
4090.8,1.2723e-07
4092.8,1.1937e-07
4094.7,1.1196e-07
4096.7,1.0509e-07
4098.7,9.8997e-08
4100.6,9.3982e-08
4102.6,9.0301e-08
4104.5,8.8129e-08
4106.5,8.7569e-08
4108.4,8.8651e-08
4110.4,9.1352e-08
4112.3,9.5629e-08
4114.3,1.0146e-07
4116.2,1.0882e-07
4118.2,1.1751e-07
4120.1,1.2689e-07
4122.1,1.3569e-07
4124.1,1.4201e-07
4126,1.4374e-07
4128,1.3928e-07
4129.9,1.2817e-07
4131.9,1.1147e-07
4133.8,9.1565e-08
4135.8,7.1422e-08
4137.7,5.3763e-08
4139.7,4.0352e-08
4141.6,3.1732e-08
4143.6,2.7444e-08
4145.5,2.6556e-08
4147.5,2.8252e-08
4149.5,3.2264e-08
4151.4,3.9009e-08
4153.4,4.9435e-08
4155.3,6.4664e-08
4157.3,8.5552e-08
4159.2,1.123e-07
4161.2,1.4424e-07
4163.1,1.7988e-07
4165.1,2.1712e-07
4167,2.5363e-07
4169,2.871e-07
4170.9,3.154e-07
4172.9,3.3659e-07
4174.8,3.4897e-07
4176.8,3.514e-07
4178.8,3.4369e-07
4180.7,3.2693e-07
4182.7,3.0343e-07
4184.6,2.7622e-07
4186.6,2.4842e-07
4188.5,2.2265e-07
4190.5,2.0084e-07
4192.4,1.8415e-07
4194.4,1.7297e-07
4196.3,1.668e-07
4198.3,1.6426e-07
4200.2,1.6335e-07
4202.2,1.6196e-07
4204.2,1.5851e-07
4206.1,1.5238e-07
4208.1,1.4385e-07
4210,1.3375e-07
4212,1.23e-07
4213.9,1.1219e-07
4215.9,1.0162e-07
4217.8,9.1341e-08
4219.8,8.1452e-08
4221.7,7.2201e-08
4223.7,6.4002e-08
4225.6,5.7317e-08
4227.6,5.2517e-08
4229.5,4.98e-08
4231.5,4.923e-08
4233.5,5.0838e-08
4235.4,5.4706e-08
4237.4,6.0947e-08
4239.3,6.9533e-08
4241.3,8.0046e-08
4243.2,9.1488e-08
4245.2,1.0227e-07
4247.1,1.1046e-07
4249.1,1.1427e-07
4251,1.1252e-07
4253,1.0507e-07
4254.9,9.2788e-08
4256.9,7.7365e-08
4258.9,6.0838e-08
4260.8,4.5181e-08
4262.8,3.206e-08
4264.7,2.2818e-08
4266.7,1.8582e-08
4268.6,2.0383e-08
4270.6,2.916e-08
4272.5,4.5621e-08
4274.5,6.9972e-08
4276.4,1.016e-07
4278.4,1.3876e-07
4280.3,1.7847e-07
4282.3,2.1664e-07
4284.2,2.4871e-07
4286.2,2.7064e-07
4288.2,2.7998e-07
4290.1,2.7672e-07
4292.1,2.6328e-07
4294,2.4376e-07
4296,2.2249e-07
4297.9,2.0275e-07
4299.9,1.8594e-07
4301.8,1.7162e-07
4303.8,1.5833e-07
4305.7,1.4454e-07
4307.7,1.2951e-07
4309.6,1.1356e-07
4311.6,9.7864e-08
4313.6,8.3896e-08
4315.5,7.2843e-08
4317.5,6.5165e-08
4319.4,6.0483e-08
4321.4,5.7773e-08
4323.3,5.578e-08
4325.3,5.3481e-08
4327.2,5.042e-08
4329.2,4.6796e-08
4331.1,4.3269e-08
4333.1,4.0567e-08
4335,3.9095e-08
4337,3.8733e-08
4338.9,3.8925e-08
4340.9,3.9025e-08
4342.9,3.8675e-08
4344.8,3.8014e-08
4346.8,3.7583e-08
4348.7,3.799e-08
4350.7,3.9545e-08
4352.6,4.2093e-08
4354.6,4.5155e-08
4356.5,4.8285e-08
4358.5,5.1441e-08
4360.4,5.5154e-08
4362.4,6.0376e-08
4364.3,6.8069e-08
4366.3,7.8691e-08
4368.3,9.1814e-08
4370.2,1.0603e-07
4372.2,1.1921e-07
4374.1,1.2907e-07
4376.1,1.3378e-07
4378,1.3251e-07
4380,1.2551e-07
4381.9,1.1404e-07
4383.9,9.9896e-08
4385.8,8.499e-08
4387.8,7.0931e-08
4389.7,5.8767e-08
4391.7,4.8887e-08
4393.7,4.1067e-08
4395.6,3.4685e-08
4397.6,2.9029e-08
4399.5,2.3604e-08
4401.5,1.8329e-08
4403.4,1.3543e-08
4405.4,9.8437e-09
4407.3,7.8323e-09
4409.3,7.8875e-09
4411.2,1.0044e-08
4413.2,1.4022e-08
4415.1,1.9384e-08
4417.1,2.5766e-08
4419,3.3069e-08
4421,4.1549e-08
4423,5.1742e-08
4424.9,6.4273e-08
4426.9,7.9625e-08
4428.8,9.7979e-08
4430.8,1.1915e-07
4432.7,1.4261e-07
4434.7,1.6745e-07
4436.6,1.9234e-07
4438.6,2.1542e-07
4440.5,2.3438e-07
4442.5,2.4669e-07
4444.4,2.5019e-07
4446.4,2.4368e-07
4448.4,2.274e-07
4450.3,2.032e-07
4452.3,1.7413e-07
4454.2,1.4378e-07
4456.2,1.1547e-07
4458.1,9.1497e-08
4460.1,7.287e-08
4462,5.9342e-08
4464,4.9826e-08
4465.9,4.2939e-08
4467.9,3.7492e-08
4469.8,3.2791e-08
4471.8,2.8677e-08
4473.7,2.5393e-08
4475.7,2.3355e-08
4477.7,2.2949e-08
4479.6,2.4407e-08
4481.6,2.775e-08
4483.5,3.2807e-08
4485.5,3.9287e-08
4487.4,4.6933e-08
4489.4,5.5689e-08
4491.3,6.5815e-08
4493.3,7.782e-08
4495.2,9.2199e-08
4497.2,1.0908e-07
4499.1,1.2792e-07
4501.1,1.4749e-07
4503.1,1.6601e-07
4505,1.8153e-07
4507,1.922e-07
4508.9,1.966e-07
4510.9,1.9397e-07
4512.8,1.8441e-07
4514.8,1.6898e-07
4516.7,1.4959e-07
4518.7,1.2863e-07
4520.6,1.084e-07
4522.6,9.0575e-08
4524.5,7.5933e-08
4526.5,6.4416e-08
4528.4,5.5475e-08
4530.4,4.8477e-08
4532.4,4.2995e-08
4534.3,3.8876e-08
4536.3,3.6136e-08
4538.2,3.4808e-08
4540.2,3.4838e-08
4542.1,3.6089e-08
4544.1,3.8427e-08
4546,4.1795e-08
4548,4.6215e-08
4549.9,5.1677e-08
4551.9,5.7964e-08
4553.8,6.4509e-08
4555.8,7.0389e-08
4557.8,7.4514e-08
4559.7,7.5924e-08
4561.7,7.4108e-08
4563.6,6.9182e-08
4565.6,6.1873e-08
4567.5,5.3323e-08
4569.5,4.4815e-08
4571.4,3.7521e-08
4573.4,3.2354e-08
4575.3,2.9946e-08
4577.3,3.0715e-08
4579.2,3.4965e-08
4581.2,4.2926e-08
4583.2,5.4649e-08
4585.1,6.9784e-08
4587.1,8.7292e-08
4589,1.053e-07
4591,1.2125e-07
4592.9,1.3239e-07
4594.9,1.3651e-07
4596.8,1.3263e-07
4598.8,1.2141e-07
4600.7,1.05e-07
4602.7,8.6518e-08
4604.6,6.9195e-08
4606.6,5.5602e-08
4608.5,4.7107e-08
4610.5,4.3733e-08
4612.5,4.4388e-08
4614.4,4.7343e-08
4616.4,5.079e-08
4618.3,5.3294e-08
4620.3,5.4034e-08
4622.2,5.2808e-08
4624.2,4.9869e-08
4626.1,4.5708e-08
4628.1,4.0887e-08
4630,3.5952e-08
4632,3.1405e-08
4633.9,2.7706e-08
4635.9,2.5246e-08
4637.9,2.4321e-08
4639.8,2.5092e-08
4641.8,2.7565e-08
4643.7,3.1592e-08
4645.7,3.6895e-08
4647.6,4.3118e-08
4649.6,4.9895e-08
4651.5,5.6922e-08
4653.5,6.3997e-08
4655.4,7.0998e-08
4657.4,7.7798e-08
4659.3,8.4132e-08
4661.3,8.9494e-08
4663.2,9.3139e-08
4665.2,9.4241e-08
4667.2,9.2169e-08
4669.1,8.6779e-08
4671.1,7.8579e-08
4673,6.8652e-08
4675,5.8359e-08
4676.9,4.8939e-08
4678.9,4.1192e-08
4680.8,3.5381e-08
4682.8,3.1375e-08
4684.7,2.8906e-08
4686.7,2.7795e-08
4688.6,2.7993e-08
4690.6,2.9455e-08
4692.6,3.1946e-08
4694.5,3.4922e-08
4696.5,3.7592e-08
4698.4,3.9135e-08
4700.4,3.8972e-08
4702.3,3.6942e-08
4704.3,3.3334e-08
4706.2,2.8747e-08
4708.2,2.3885e-08
4710.1,1.9374e-08
4712.1,1.565e-08
4714,1.2944e-08
4716,1.1312e-08
4717.9,1.0706e-08
4719.9,1.1035e-08
4721.9,1.2226e-08
4723.8,1.4278e-08
4725.8,1.7272e-08
4727.7,2.1326e-08
4729.7,2.6479e-08
4731.6,3.2544e-08
4733.6,3.9018e-08
4735.5,4.5134e-08
4737.5,5.007e-08
4739.4,5.3274e-08
4741.4,5.4741e-08
4743.3,5.5128e-08
4745.3,5.5605e-08
4747.3,5.7483e-08
4749.2,6.176e-08
4751.2,6.8759e-08
4753.1,7.8026e-08
4755.1,8.8512e-08
4757,9.8985e-08
4759,1.0846e-07
4760.9,1.1649e-07
4762.9,1.2316e-07
4764.8,1.2883e-07
4766.8,1.3375e-07
4768.7,1.3779e-07
4770.7,1.4032e-07
4772.6,1.4046e-07
4774.6,1.3737e-07
4776.6,1.3069e-07
4778.5,1.2062e-07
4780.5,1.0794e-07
4782.4,9.3801e-08
4784.4,7.9398e-08
4786.3,6.5833e-08
4788.3,5.397e-08
4790.2,4.4398e-08
4792.2,3.7412e-08
4794.1,3.3008e-08
4796.1,3.0915e-08
4798,3.0662e-08
4800,3.1686e-08
4802,3.3445e-08
4803.9,3.5489e-08
4805.9,3.7481e-08
4807.8,3.9162e-08
4809.8,4.0321e-08
4811.7,4.0795e-08
4813.7,4.0549e-08
4815.6,3.976e-08
4817.6,3.8891e-08
4819.5,3.8643e-08
4821.5,3.9792e-08
4823.4,4.295e-08
4825.4,4.8314e-08
4827.4,5.5521e-08
4829.3,6.3662e-08
4831.3,7.1472e-08
4833.2,7.7667e-08
4835.2,8.1312e-08
4837.1,8.2095e-08
4839.1,8.0393e-08
4841,7.71e-08
4843,7.3268e-08
4844.9,6.9732e-08
4846.9,6.686e-08
4848.8,6.4528e-08
4850.8,6.2298e-08
4852.7,5.9701e-08
4854.7,5.6493e-08
4856.7,5.2768e-08
4858.6,4.8897e-08
4860.6,4.5332e-08
4862.5,4.2385e-08
4864.5,4.0084e-08
4866.4,3.8187e-08
4868.4,3.6337e-08
4870.3,3.4259e-08
4872.3,3.1907e-08
4874.2,2.9457e-08
4876.2,2.7183e-08
4878.1,2.5277e-08
4880.1,2.3732e-08
4882.1,2.235e-08
4884,2.0859e-08
4886,1.9085e-08
4887.9,1.7077e-08
4889.9,1.5145e-08
4891.8,1.3772e-08
4893.8,1.3456e-08
4895.7,1.4545e-08
4897.7,1.7124e-08
4899.6,2.1003e-08
4901.6,2.5802e-08
4903.5,3.1098e-08
4905.5,3.6547e-08
4907.4,4.1954e-08
4909.4,4.7242e-08
4911.4,5.2361e-08
4913.3,5.7199e-08
4915.3,6.1536e-08
4917.2,6.507e-08
4919.2,6.7494e-08
4921.1,6.8572e-08
4923.1,6.8174e-08
4925,6.6261e-08
4927,6.2845e-08
4928.9,5.7975e-08
4930.9,5.1764e-08
4932.8,4.445e-08
4934.8,3.6448e-08
4936.8,2.8361e-08
4938.7,2.0922e-08
4940.7,1.4882e-08
4942.6,1.0892e-08
4944.6,9.3909e-09
4946.5,1.054e-08
4948.5,1.4184e-08
4950.4,1.9867e-08
4952.4,2.6889e-08
4954.3,3.444e-08
4956.3,4.1779e-08
4958.2,4.8452e-08
4960.2,5.4468e-08
4962.1,6.0347e-08
4964.1,6.6991e-08
4966.1,7.5363e-08
4968,8.6059e-08
4970,9.8935e-08
4971.9,1.1297e-07
4973.9,1.2645e-07
4975.8,1.3745e-07
4977.8,1.4439e-07
4979.7,1.4649e-07
4981.7,1.4397e-07
4983.6,1.3782e-07
4985.6,1.2948e-07
4987.5,1.2049e-07
4989.5,1.1211e-07
4991.5,1.052e-07
4993.4,1.0012e-07
4995.4,9.6729e-08
4997.3,9.4455e-08
4999.3,9.2415e-08
5001.2,8.9664e-08
5003.2,8.5493e-08
5005.1,7.9681e-08
5007.1,7.2579e-08
5009,6.4967e-08
5011,5.7734e-08
5012.9,5.1513e-08
5014.9,4.6457e-08
5016.8,4.2239e-08
5018.8,3.828e-08
5020.8,3.4057e-08
5022.7,2.9362e-08
5024.7,2.4385e-08
5026.6,1.9606e-08
5028.6,1.559e-08
5030.5,1.2757e-08
5032.5,1.125e-08
5034.4,1.0934e-08
5036.4,1.15e-08
5038.3,1.2615e-08
5040.3,1.4052e-08
5042.2,1.5738e-08
5044.2,1.7717e-08
5046.2,2.0052e-08
5048.1,2.2733e-08
5050.1,2.5616e-08
5052,2.8445e-08
5054,3.0918e-08
5055.9,3.279e-08
5057.9,3.3937e-08
5059.8,3.4381e-08
5061.8,3.4259e-08
5063.7,3.3746e-08
5065.7,3.2984e-08
5067.6,3.2033e-08
5069.6,3.0873e-08
5071.6,2.9456e-08
5073.5,2.7789e-08
5075.5,2.5997e-08
5077.4,2.4327e-08
5079.4,2.3087e-08
5081.3,2.2535e-08
5083.3,2.2798e-08
5085.2,2.3855e-08
5087.2,2.5606e-08
5089.1,2.7986e-08
5091.1,3.1031e-08
5093,3.4848e-08
5095,3.9485e-08
5096.9,4.4767e-08
5098.9,5.0208e-08
5100.9,5.5079e-08
5102.8,5.8619e-08
5104.8,6.0313e-08
5106.7,6.0093e-08
5108.7,5.8372e-08
5110.6,5.5889e-08
5112.6,5.3414e-08
5114.5,5.1474e-08
5116.5,5.0186e-08
5118.4,4.9294e-08
5120.4,4.8346e-08
5122.3,4.6947e-08
5124.3,4.4943e-08
5126.3,4.2461e-08
5128.2,3.9803e-08
5130.2,3.7268e-08
5132.1,3.4983e-08
5134.1,3.2846e-08
5136,3.0597e-08
5138,2.7969e-08
5139.9,2.4855e-08
5141.9,2.1392e-08
5143.8,1.7942e-08
5145.8,1.4975e-08
5147.7,1.2909e-08
5149.7,1.1983e-08
5151.6,1.2208e-08
5153.6,1.34e-08
5155.6,1.5264e-08
5157.5,1.7481e-08
5159.5,1.9765e-08
5161.4,2.1885e-08
5163.4,2.3667e-08
5165.3,2.4988e-08
5167.3,2.5772e-08
5169.2,2.5991e-08
5171.2,2.5662e-08
5173.1,2.4845e-08
5175.1,2.3648e-08
5177,2.2206e-08
5179,2.0661e-08
5181,1.9115e-08
5182.9,1.7597e-08
5184.9,1.6076e-08
5186.8,1.4521e-08
5188.8,1.2991e-08
5190.7,1.1716e-08
5192.7,1.1097e-08
5194.6,1.1635e-08
5196.6,1.3782e-08
5198.5,1.7784e-08
5200.5,2.3562e-08
5202.4,3.0688e-08
5204.4,3.8481e-08
5206.3,4.6224e-08
5208.3,5.344e-08
5210.3,6.0144e-08
5212.2,6.6961e-08
5214.2,7.5014e-08
5216.1,8.5566e-08
5218.1,9.9481e-08
5220,1.1673e-07
5222,1.3614e-07
5223.9,1.5556e-07
5225.9,1.7236e-07
5227.8,1.8421e-07
5229.8,1.8962e-07
5231.7,1.8824e-07
5233.7,1.8081e-07
5235.7,1.6882e-07
5237.6,1.5411e-07
5239.6,1.3852e-07
5241.5,1.2362e-07
5243.5,1.1042e-07
5245.4,9.9279e-08
5247.4,8.9899e-08
5249.3,8.1574e-08
5251.3,7.3586e-08
5253.2,6.5603e-08
5255.2,5.7893e-08
5257.1,5.124e-08
5259.1,4.6609e-08
5261.1,4.4697e-08
5263,4.5594e-08
5265,4.8662e-08
5266.9,5.2683e-08
5268.9,5.6207e-08
5270.8,5.7952e-08
5272.8,5.7134e-08
5274.7,5.3626e-08
5276.7,4.7933e-08
5278.6,4.1002e-08
5280.6,3.3957e-08
5282.5,2.7812e-08
5284.5,2.3261e-08
5286.4,2.0575e-08
5288.4,1.9635e-08
5290.4,2.0095e-08
5292.3,2.16e-08
5294.3,2.3967e-08
5296.2,2.7243e-08
5298.2,3.159e-08
5300.1,3.7069e-08
5302.1,4.3429e-08
5304,5.004e-08
5306,5.6019e-08
5307.9,6.0498e-08
5309.9,6.2902e-08
5311.8,6.3108e-08
5313.8,6.1432e-08
5315.8,5.8484e-08
5317.7,5.4973e-08
5319.7,5.1554e-08
5321.6,4.873e-08
5323.6,4.6799e-08
5325.5,4.5838e-08
5327.5,4.5711e-08
5329.4,4.6115e-08
5331.4,4.6666e-08
5333.3,4.7002e-08
5335.3,4.6866e-08
5337.2,4.6162e-08
5339.2,4.4958e-08
5341.1,4.3465e-08
5343.1,4.1999e-08
5345.1,4.094e-08
5347,4.0684e-08
5349,4.1608e-08
5350.9,4.4029e-08
5352.9,4.8163e-08
5354.8,5.4086e-08
5356.8,6.1697e-08
5358.7,7.0679e-08
5360.7,8.0484e-08
5362.6,9.0352e-08
5364.6,9.9396e-08
5366.5,1.0675e-07
5368.5,1.1174e-07
5370.5,1.1407e-07
5372.4,1.1385e-07
5374.4,1.1154e-07
5376.3,1.0777e-07
5378.3,1.0312e-07
5380.2,9.7984e-08
5382.2,9.2484e-08
5384.1,8.655e-08
5386.1,8.0024e-08
5388,7.2789e-08
5390,6.4867e-08
5391.9,5.6463e-08
5393.9,4.7949e-08
5395.8,3.9803e-08
5397.8,3.2509e-08
5399.8,2.646e-08
5401.7,2.1888e-08
5403.7,1.8835e-08
5405.6,1.7163e-08
5407.6,1.6607e-08
5409.5,1.6861e-08
5411.5,1.7673e-08
5413.4,1.8929e-08
5415.4,2.0673e-08
5417.3,2.3043e-08
5419.3,2.6131e-08
5421.2,2.9817e-08
5423.2,3.3688e-08
5425.2,3.7078e-08
5427.1,3.9247e-08
5429.1,3.9618e-08
5431,3.7978e-08
5433,3.4542e-08
5434.9,2.9887e-08
5436.9,2.4779e-08
5438.8,2.0001e-08
5440.8,1.6204e-08
5442.7,1.3828e-08
5444.7,1.3061e-08
5446.6,1.3824e-08
5448.6,1.5772e-08
5450.5,1.8354e-08
5452.5,2.0904e-08
5454.5,2.2797e-08
5456.4,2.3596e-08
5458.4,2.3167e-08
5460.3,2.169e-08
5462.3,1.9592e-08
5464.2,1.7406e-08
5466.2,1.5637e-08
5468.1,1.4682e-08
5470.1,1.4809e-08
5472,1.6189e-08
5474,1.8933e-08
5475.9,2.3074e-08
5477.9,2.8498e-08
5479.9,3.4849e-08
5481.8,4.1475e-08
5483.8,4.7463e-08
5485.7,5.1801e-08
5487.7,5.3631e-08
5489.6,5.2484e-08
5491.6,4.8421e-08
5493.5,4.2016e-08
5495.5,3.4189e-08
5497.4,2.5977e-08
5499.4,1.831e-08
5501.3,1.189e-08
5503.3,7.1536e-09
5505.3,4.3163e-09
5507.2,3.4343e-09
5509.2,4.4536e-09
5511.1,7.2218e-09
5513.1,1.1465e-08
5515,1.6752e-08
5517,2.2474e-08
5518.9,2.7891e-08
5520.9,3.2239e-08
5522.8,3.4911e-08
5524.8,3.5628e-08
5526.7,3.4553e-08
5528.7,3.2263e-08
5530.6,2.9591e-08
5532.6,2.7354e-08
5534.6,2.6088e-08
5536.5,2.5882e-08
5538.5,2.6384e-08
5540.4,2.6975e-08
5542.4,2.7043e-08
5544.3,2.6237e-08
5546.3,2.4612e-08
5548.2,2.2629e-08
5550.2,2.1019e-08
5552.1,2.0572e-08
5554.1,2.1911e-08
5556,2.5305e-08
5558,3.0562e-08
5560,3.7035e-08
5561.9,4.3763e-08
5563.9,4.9697e-08
5565.8,5.3965e-08
5567.8,5.606e-08
5569.7,5.5898e-08
5571.7,5.3738e-08
5573.6,5.0012e-08
5575.6,4.5178e-08
5577.5,3.9634e-08
5579.5,3.3725e-08
5581.4,2.7782e-08
5583.4,2.2153e-08
5585.3,1.7183e-08
5587.3,1.3165e-08
5589.3,1.0286e-08
5591.2,8.6105e-09
5593.2,8.0962e-09
5595.1,8.6174e-09
5597.1,9.9821e-09
5599,1.1926e-08
5601,1.411e-08
5602.9,1.6144e-08
5604.9,1.7659e-08
5606.8,1.8401e-08
5608.8,1.832e-08
5610.7,1.7577e-08
5612.7,1.65e-08
5614.7,1.5464e-08
5616.6,1.4782e-08
5618.6,1.4623e-08
5620.5,1.4984e-08
5622.5,1.5716e-08
5624.4,1.6583e-08
5626.4,1.7333e-08
5628.3,1.7775e-08
5630.3,1.7814e-08
5632.2,1.7454e-08
5634.2,1.6751e-08
5636.1,1.5759e-08
5638.1,1.4503e-08
5640,1.2985e-08
5642,1.1233e-08
5644,9.3381e-09
5645.9,7.4697e-09
5647.9,5.8505e-09
5649.8,4.707e-09
5651.8,4.2178e-09
5653.7,4.4769e-09
5655.7,5.4772e-09
5657.6,7.1139e-09
5659.6,9.1995e-09
5661.5,1.1491e-08
5663.5,1.373e-08
5665.4,1.5687e-08
5667.4,1.7216e-08
5669.4,1.8273e-08
5671.3,1.8921e-08
5673.3,1.9285e-08
5675.2,1.9501e-08
5677.2,1.9669e-08
5679.1,1.9831e-08
5681.1,1.9996e-08
5683,2.0167e-08
5685,2.0373e-08
5686.9,2.0667e-08
5688.9,2.1085e-08
5690.8,2.159e-08
5692.8,2.2038e-08
5694.7,2.221e-08
5696.7,2.1919e-08
5698.7,2.1147e-08
5700.6,2.0148e-08
5702.6,1.943e-08
5704.5,1.9593e-08
5706.5,2.1071e-08
5708.4,2.3895e-08
5710.4,2.759e-08
5712.3,3.1284e-08
5714.3,3.3988e-08
5716.2,3.4942e-08
5718.2,3.3874e-08
5720.1,3.1069e-08
5722.1,2.7243e-08
5724.1,2.3285e-08
5726,1.9987e-08
5728,1.7869e-08
5729.9,1.7112e-08
5731.9,1.7613e-08
5733.8,1.9085e-08
5735.8,2.117e-08
5737.7,2.3521e-08
5739.7,2.5867e-08
5741.6,2.8036e-08
5743.6,2.9951e-08
5745.5,3.1606e-08
5747.5,3.301e-08
5749.5,3.4142e-08
5751.4,3.4927e-08
5753.4,3.5264e-08
5755.3,3.5079e-08
5757.3,3.4381e-08
5759.2,3.328e-08
5761.2,3.195e-08
5763.1,3.0554e-08
5765.1,2.9171e-08
5767,2.7776e-08
5769,2.6282e-08
5770.9,2.4604e-08
5772.9,2.2727e-08
5774.8,2.0715e-08
5776.8,1.868e-08
5778.8,1.6725e-08
5780.7,1.4909e-08
5782.7,1.3248e-08
5784.6,1.1741e-08
5786.6,1.0408e-08
5788.5,9.3014e-09
5790.5,8.4879e-09
5792.4,8.0082e-09
5794.4,7.8442e-09
5796.3,7.9122e-09
5798.3,8.0899e-09
5800.2,8.2578e-09
5802.2,8.3329e-09
5804.2,8.2748e-09
5806.1,8.0687e-09
5808.1,7.7036e-09
5810,7.165e-09
5812,6.4481e-09
5813.9,5.5798e-09
5815.9,4.6324e-09
5817.8,3.716e-09
5819.8,2.9517e-09
5821.7,2.4385e-09
5823.7,2.2308e-09
5825.6,2.3363e-09
5827.6,2.7346e-09
5829.5,3.4063e-09
5831.5,4.3547e-09
5833.5,5.6064e-09
5835.4,7.183e-09
5837.4,9.053e-09
5839.3,1.1088e-08
5841.3,1.3049e-08
5843.2,1.4624e-08
5845.2,1.551e-08
5847.1,1.5512e-08
5849.1,1.4607e-08
5851,1.2958e-08
5853,1.0861e-08
5854.9,8.657e-09
5856.9,6.6426e-09
5858.9,5.0199e-09
5860.8,3.8871e-09
5862.8,3.2599e-09
5864.7,3.1032e-09
5866.7,3.3545e-09
5868.6,3.9372e-09
5870.6,4.77e-09
5872.5,5.7815e-09
5874.5,6.9324e-09
5876.4,8.2369e-09
5878.4,9.769e-09
5880.3,1.1644e-08
5882.3,1.3972e-08
5884.2,1.6801e-08
5886.2,2.0061e-08
5888.2,2.3548e-08
5890.1,2.6936e-08
5892.1,2.9842e-08
5894,3.1912e-08
5896,3.2897e-08
5897.9,3.2709e-08
5899.9,3.1426e-08
5901.8,2.9258e-08
5903.8,2.6495e-08
5905.7,2.3453e-08
5907.7,2.0455e-08
5909.6,1.7821e-08
5911.6,1.5867e-08
5913.6,1.4879e-08
5915.5,1.5074e-08
5917.5,1.6534e-08
5919.4,1.9158e-08
5921.4,2.2629e-08
5923.3,2.6445e-08
5925.3,2.9989e-08
5927.2,3.2659e-08
5929.2,3.3988e-08
5931.1,3.3749e-08
5933.1,3.1995e-08
5935,2.9025e-08
5937,2.5301e-08
5938.9,2.133e-08
5940.9,1.757e-08
5942.9,1.4355e-08
5944.8,1.1871e-08
5946.8,1.0157e-08
5948.7,9.1453e-09
5950.7,8.6939e-09
5952.6,8.6287e-09
5954.6,8.7706e-09
5956.5,8.9524e-09
5958.5,9.0286e-09
5960.4,8.8837e-09
5962.4,8.4422e-09
5964.3,7.6826e-09
5966.3,6.6497e-09
5968.3,5.4609e-09
5970.2,4.3015e-09
5972.2,3.4085e-09
5974.1,3.047e-09
5976.1,3.4782e-09
5978,4.9221e-09
5980,7.5119e-09
5981.9,1.1244e-08
5983.9,1.5936e-08
5985.8,2.1215e-08
5987.8,2.6552e-08
5989.7,3.1351e-08
5991.7,3.508e-08
5993.7,3.7401e-08
5995.6,3.8252e-08
5997.6,3.7846e-08
5999.5,3.6576e-08
6001.5,3.4866e-08
6003.4,3.303e-08
6005.4,3.1198e-08
6007.3,2.9329e-08
6009.3,2.7304e-08
6011.2,2.5037e-08
6013.2,2.2561e-08
6015.1,2.0044e-08
6017.1,1.7751e-08
6019,1.5963e-08
6021,1.4901e-08
6023,1.467e-08
6024.9,1.523e-08
6026.9,1.6405e-08
6028.8,1.7915e-08
6030.8,1.9429e-08
6032.7,2.0623e-08
6034.7,2.1249e-08
6036.6,2.1169e-08
6038.6,2.0374e-08
6040.5,1.8961e-08
6042.5,1.7093e-08
6044.4,1.4963e-08
6046.4,1.2757e-08
6048.4,1.065e-08
6050.3,8.7921e-09
6052.3,7.2996e-09
6054.2,6.2369e-09
6056.2,5.5987e-09
6058.1,5.305e-09
6060.1,5.2169e-09
6062,5.173e-09
6064,5.0348e-09
6065.9,4.7277e-09
6067.9,4.2651e-09
6069.8,3.7458e-09
6071.8,3.3267e-09
6073.7,3.1765e-09
6075.7,3.4259e-09
6077.7,4.1282e-09
6079.6,5.2438e-09
6081.6,6.6531e-09
6083.5,8.1907e-09
6085.5,9.6874e-09
6087.4,1.1002e-08
6089.4,1.2035e-08
6091.3,1.2725e-08
6093.3,1.3047e-08
6095.2,1.3009e-08
6097.2,1.2662e-08
6099.1,1.2107e-08
6101.1,1.1484e-08
6103.1,1.0936e-08
6105,1.0572e-08
6107,1.0423e-08
6108.9,1.0437e-08
6110.9,1.0495e-08
6112.8,1.0456e-08
6114.8,1.0208e-08
6116.7,9.7046e-09
6118.7,8.9745e-09
6120.6,8.1081e-09
6122.6,7.2294e-09
6124.5,6.4649e-09
6126.5,5.9186e-09
6128.4,5.6595e-09
6130.4,5.7196e-09
6132.4,6.1052e-09
6134.3,6.8142e-09
6136.3,7.8521e-09
6138.2,9.2332e-09
6140.2,1.0959e-08
6142.1,1.2979e-08
6144.1,1.5152e-08
6146,1.7242e-08
6148,1.8955e-08
6149.9,2.0024e-08
6151.9,2.0304e-08
6153.8,1.9837e-08
6155.8,1.8856e-08
6157.8,1.7713e-08
6159.7,1.6773e-08
6161.7,1.6299e-08
6163.6,1.637e-08
6165.6,1.6865e-08
6167.5,1.7503e-08
6169.5,1.7939e-08
6171.4,1.7876e-08
6173.4,1.7162e-08
6175.3,1.5829e-08
6177.3,1.407e-08
6179.2,1.2162e-08
6181.2,1.0383e-08
6183.2,8.9468e-09
6185.1,7.9747e-09
6187.1,7.5004e-09
6189,7.4815e-09
6191,7.8153e-09
6192.9,8.3611e-09
6194.9,8.9772e-09
6196.8,9.5655e-09
6198.8,1.0101e-08
6200.7,1.0626e-08
6202.7,1.1195e-08
6204.6,1.1811e-08
6206.6,1.2387e-08
6208.5,1.2762e-08
6210.5,1.2782e-08
6212.5,1.2397e-08
6214.4,1.1716e-08
6216.4,1.0998e-08
6218.3,1.0558e-08
6220.3,1.0645e-08
6222.2,1.1334e-08
6224.2,1.249e-08
6226.1,1.3811e-08
6228.1,1.4935e-08
6230,1.5559e-08
6232,1.5533e-08
6233.9,1.4899e-08
6235.9,1.3859e-08
6237.9,1.2716e-08
6239.8,1.1793e-08
6241.8,1.1369e-08
6243.7,1.1635e-08
6245.7,1.2681e-08
6247.6,1.4491e-08
6249.6,1.6955e-08
6251.5,1.9872e-08
6253.5,2.2974e-08
6255.4,2.5945e-08
6257.4,2.8462e-08
6259.3,3.0246e-08
6261.3,3.1134e-08
6263.2,3.1113e-08
6265.2,3.0333e-08
6267.2,2.9053e-08
6269.1,2.756e-08
6271.1,2.6076e-08
6273,2.4706e-08
6275,2.3445e-08
6276.9,2.2211e-08
6278.9,2.0909e-08
6280.8,1.9465e-08
6282.8,1.7843e-08
6284.7,1.6049e-08
6286.7,1.4122e-08
6288.6,1.2135e-08
6290.6,1.0185e-08
6292.6,8.3837e-09
6294.5,6.8318e-09
6296.5,5.5987e-09
6298.4,4.7077e-09
6300.4,4.1355e-09
6302.3,3.8248e-09
6304.3,3.707e-09
6306.2,3.7258e-09
6308.2,3.8559e-09
6310.1,4.1076e-09
6312.1,4.5194e-09
6314,5.1428e-09
6316,6.0332e-09
6317.9,7.2524e-09
6319.9,8.881e-09
6321.9,1.1027e-08
6323.8,1.3814e-08
6325.8,1.7335e-08
6327.7,2.158e-08
6329.7,2.6373e-08
6331.6,3.1339e-08
6333.6,3.5952e-08
6335.5,3.9643e-08
6337.5,4.195e-08
6339.4,4.2643e-08
6341.4,4.1782e-08
6343.3,3.9688e-08
6345.3,3.6852e-08
6347.3,3.3799e-08
6349.2,3.0978e-08
6351.2,2.868e-08
6353.1,2.7008e-08
6355.1,2.5894e-08
6357,2.516e-08
6359,2.4604e-08
6360.9,2.4079e-08
6362.9,2.3552e-08
6364.8,2.3108e-08
6366.8,2.291e-08
6368.7,2.3115e-08
6370.7,2.3805e-08
6372.6,2.4941e-08
6374.6,2.6373e-08
6376.6,2.7882e-08
6378.5,2.9237e-08
6380.5,3.0232e-08
6382.4,3.0711e-08
6384.4,3.0568e-08
6386.3,2.9752e-08
6388.3,2.8273e-08
6390.2,2.6212e-08
6392.2,2.3731e-08
6394.1,2.1056e-08
6396.1,1.8459e-08
6398,1.6226e-08
6400,1.4625e-08
6402,1.3875e-08
6403.9,1.4103e-08
6405.9,1.53e-08
6407.8,1.7283e-08
6409.8,1.9692e-08
6411.7,2.2039e-08
6413.7,2.3827e-08
6415.6,2.4688e-08
6417.6,2.4502e-08
6419.5,2.3426e-08
6421.5,2.1839e-08
6423.4,2.0194e-08
6425.4,1.8865e-08
6427.4,1.8038e-08
6429.3,1.7688e-08
6431.3,1.7637e-08
6433.2,1.7647e-08
6435.2,1.7517e-08
6437.1,1.7138e-08
6439.1,1.651e-08
6441,1.5722e-08
6443,1.4908e-08
6444.9,1.4209e-08
6446.9,1.374e-08
6448.8,1.3594e-08
6450.8,1.3856e-08
6452.7,1.4631e-08
6454.7,1.6052e-08
6456.7,1.8249e-08
6458.6,2.1297e-08
6460.6,2.5145e-08
6462.5,2.9579e-08
6464.5,3.4219e-08
6466.4,3.8598e-08
6468.4,4.2272e-08
6470.3,4.4939e-08
6472.3,4.6504e-08
6474.2,4.7069e-08
6476.2,4.6852e-08
6478.1,4.6096e-08
6480.1,4.5004e-08
6482.1,4.3737e-08
6484,4.2453e-08
6486,4.1338e-08
6487.9,4.062e-08
6489.9,4.0535e-08
6491.8,4.1266e-08
6493.8,4.2872e-08
6495.7,4.524e-08
6497.7,4.8058e-08
6499.6,5.0848e-08
6501.6,5.3061e-08
6503.5,5.4211e-08
6505.5,5.4019e-08
6507.4,5.2498e-08
6509.4,4.9942e-08
6511.4,4.683e-08
6513.3,4.3679e-08
6515.3,4.0911e-08
6517.2,3.8771e-08
6519.2,3.7308e-08
6521.1,3.6399e-08
6523.1,3.5802e-08
6525,3.5222e-08
6527,3.4385e-08
6528.9,3.3108e-08
6530.9,3.1344e-08
6532.8,2.9177e-08
6534.8,2.6776e-08
6536.8,2.4326e-08
6538.7,2.1969e-08
6540.7,1.9797e-08
6542.6,1.7874e-08
6544.6,1.6284e-08
6546.5,1.5149e-08
6548.5,1.4617e-08
6550.4,1.4804e-08
6552.4,1.5743e-08
6554.3,1.735e-08
6556.3,1.9423e-08
6558.2,2.1681e-08
6560.2,2.3818e-08
6562.1,2.5556e-08
6564.1,2.6685e-08
6566.1,2.7089e-08
6568,2.6748e-08
6570,2.5731e-08
6571.9,2.4172e-08
6573.9,2.2252e-08
6575.8,2.017e-08
6577.8,1.812e-08
6579.7,1.6272e-08
6581.7,1.4744e-08
6583.6,1.3599e-08
6585.6,1.2837e-08
6587.5,1.2417e-08
6589.5,1.2287e-08
6591.5,1.2411e-08
6593.4,1.2784e-08
6595.4,1.3427e-08
6597.3,1.4347e-08
6599.3,1.5495e-08
6601.2,1.6736e-08
6603.2,1.7854e-08
6605.1,1.8603e-08
6607.1,1.8777e-08
6609,1.8281e-08
6611,1.7172e-08
6612.9,1.5665e-08
6614.9,1.4101e-08
6616.8,1.2895e-08
6618.8,1.2469e-08
6620.8,1.3169e-08
6622.7,1.5199e-08
6624.7,1.8551e-08
6626.6,2.2982e-08
6628.6,2.8018e-08
6630.5,3.3018e-08
6632.5,3.7275e-08
6634.4,4.0148e-08
6636.4,4.1185e-08
6638.3,4.022e-08
6640.3,3.74e-08
6642.2,3.3148e-08
6644.2,2.8062e-08
6646.2,2.2785e-08
6648.1,1.7884e-08
6650.1,1.3767e-08
6652,1.0656e-08
6654,8.605e-09
6655.9,7.5501e-09
6657.9,7.3646e-09
6659.8,7.9006e-09
6661.8,9.0084e-09
6663.7,1.0536e-08
6665.7,1.2321e-08
6667.6,1.4196e-08
6669.6,1.5998e-08
6671.6,1.7601e-08
6673.5,1.8937e-08
6675.5,2.0009e-08
6677.4,2.0894e-08
6679.4,2.1726e-08
6681.3,2.2662e-08
6683.3,2.3832e-08
6685.2,2.5285e-08
6687.2,2.6942e-08
6689.1,2.8599e-08
6691.1,2.9967e-08
6693,3.0759e-08
6695,3.0776e-08
6696.9,2.9959e-08
6698.9,2.8401e-08
6700.9,2.6305e-08
6702.8,2.3936e-08
6704.8,2.1563e-08
6706.7,1.9412e-08
6708.7,1.7628e-08
6710.6,1.6256e-08
6712.6,1.524e-08
6714.5,1.4456e-08
6716.5,1.3758e-08
6718.4,1.3031e-08
6720.4,1.2228e-08
6722.3,1.1373e-08
6724.3,1.0542e-08
6726.3,9.8355e-09
6728.2,9.3495e-09
6730.2,9.1525e-09
6732.1,9.2741e-09
6734.1,9.6978e-09
6736,1.0359e-08
6738,1.1153e-08
6739.9,1.1942e-08
6741.9,1.259e-08
6743.8,1.2982e-08
6745.8,1.3065e-08
6747.7,1.2865e-08
6749.7,1.2497e-08
6751.6,1.2139e-08
6753.6,1.1989e-08
6755.6,1.2197e-08
6757.5,1.2811e-08
6759.5,1.3738e-08
6761.4,1.4755e-08
6763.4,1.556e-08
6765.3,1.5857e-08
6767.3,1.5443e-08
6769.2,1.4277e-08
6771.2,1.2493e-08
6773.1,1.0362e-08
6775.1,8.2071e-09
6777,6.3161e-09
6779,4.8653e-09
6781,3.8936e-09
6782.9,3.3216e-09
6784.9,3.0051e-09
6786.8,2.798e-09
6788.8,2.603e-09
6790.7,2.3927e-09
6792.7,2.203e-09
6794.6,2.1058e-09
6796.6,2.1756e-09
6798.5,2.4611e-09
6800.5,2.9704e-09
6802.4,3.6683e-09
6804.4,4.4853e-09
6806.3,5.3346e-09
6808.3,6.1324e-09
6810.3,6.8175e-09
6812.2,7.3657e-09
6814.2,7.7938e-09
6816.1,8.1522e-09
6818.1,8.5082e-09
6820,8.924e-09
6822,9.4369e-09
6823.9,1.0047e-08
6825.9,1.0714e-08
6827.8,1.137e-08
6829.8,1.1933e-08
6831.7,1.2329e-08
6833.7,1.2502e-08
6835.7,1.2416e-08
6837.6,1.2058e-08
6839.6,1.143e-08
6841.5,1.0557e-08
6843.5,9.4926e-09
6845.4,8.3156e-09
6847.4,7.1266e-09
6849.3,6.0291e-09
6851.3,5.1097e-09
6853.2,4.4242e-09
6855.2,3.9943e-09
6857.1,3.8128e-09
6859.1,3.8531e-09
6861.1,4.0764e-09
6863,4.4367e-09
6865,4.8829e-09
6866.9,5.3619e-09
6868.9,5.8247e-09
6870.8,6.2334e-09
6872.8,6.5666e-09
6874.7,6.8198e-09
6876.7,6.9995e-09
6878.6,7.1146e-09
6880.6,7.1691e-09
6882.5,7.1606e-09
6884.5,7.0839e-09
6886.4,6.9386e-09
6888.4,6.735e-09
6890.4,6.4944e-09
6892.3,6.2441e-09
6894.3,6.0082e-09
6896.2,5.7977e-09
6898.2,5.6066e-09
6900.1,5.4142e-09
6902.1,5.1935e-09
6904,4.9232e-09
6906,4.5973e-09
6907.9,4.2281e-09
6909.9,3.8421e-09
6911.8,3.4712e-09
6913.8,3.1421e-09
6915.8,2.8703e-09
6917.7,2.6604e-09
6919.7,2.5106e-09
6921.6,2.4175e-09
6923.6,2.3782e-09
6925.5,2.3875e-09
6927.5,2.4337e-09
6929.4,2.4962e-09
6931.4,2.5492e-09
6933.3,2.5706e-09
6935.3,2.5512e-09
6937.2,2.5011e-09
6939.2,2.4472e-09
6941.1,2.423e-09
6943.1,2.4546e-09
6945.1,2.5493e-09
6947,2.6904e-09
6949,2.8415e-09
6950.9,2.957e-09
6952.9,2.9964e-09
6954.8,2.9362e-09
6956.8,2.7763e-09
6958.7,2.54e-09
6960.7,2.2665e-09
6962.6,2.0007e-09
6964.6,1.7813e-09
6966.5,1.6318e-09
6968.5,1.556e-09
6970.5,1.5394e-09
6972.4,1.5547e-09
6974.4,1.5711e-09
6976.3,1.5629e-09
6978.3,1.5162e-09
6980.2,1.432e-09
6982.2,1.3233e-09
6984.1,1.2111e-09
6986.1,1.1172e-09
6988,1.0579e-09
6990,1.0407e-09
6991.9,1.0626e-09
6993.9,1.1125e-09
6995.8,1.1743e-09
6997.8,1.2316e-09
6999.8,1.2712e-09
7001.7,1.285e-09
7003.7,1.2712e-09
7005.6,1.2332e-09
7007.6,1.1788e-09
7009.5,1.1182e-09
7011.5,1.0622e-09
7013.4,1.0195e-09
7015.4,9.948e-10
7017.3,9.8734e-10
7019.3,9.9162e-10
7021.2,9.9911e-10
7023.2,1.0007e-09
7025.2,9.8904e-10
7027.1,9.5958e-10
7029.1,9.1129e-10
7031,8.4652e-10
7033,7.7053e-10
7034.9,6.9076e-10
7036.9,6.1584e-10
7038.8,5.5449e-10
7040.8,5.1456e-10
7042.7,5.0228e-10
7044.7,5.2171e-10
7046.6,5.7425e-10
7048.6,6.5806e-10
7050.5,7.677e-10
7052.5,8.9422e-10
7054.5,1.0261e-09
7056.4,1.1508e-09
7058.4,1.2573e-09
7060.3,1.3374e-09
7062.3,1.3878e-09
7064.2,1.4092e-09
7066.2,1.4057e-09
7068.1,1.3827e-09
7070.1,1.3454e-09
7072,1.2973e-09
7074,1.2401e-09
7075.9,1.1745e-09
7077.9,1.1011e-09
7079.9,1.0215e-09
7081.8,9.3885e-10
7083.8,8.5842e-10
7085.7,7.8682e-10
7087.7,7.3115e-10
7089.6,6.9779e-10
7091.6,6.908e-10
7093.5,7.1059e-10
7095.5,7.5296e-10
7097.4,8.0921e-10
7099.4,8.6739e-10
7101.3,9.1473e-10
7103.3,9.4053e-10
7105.3,9.3853e-10
7107.2,9.0799e-10
7109.2,8.5317e-10
7111.1,7.8152e-10
7113.1,7.0142e-10
7115,6.202e-10
7117,5.4305e-10
7118.9,4.7293e-10
7120.9,4.1113e-10
7122.8,3.5807e-10
7124.8,3.1397e-10
7126.7,2.7923e-10
7128.7,2.5448e-10
7130.6,2.402e-10
7132.6,2.3633e-10
7134.6,2.4165e-10
7136.5,2.5355e-10
7138.5,2.6823e-10
7140.4,2.8141e-10
7142.4,2.8945e-10
7144.3,2.9036e-10
7146.3,2.8429e-10
7148.2,2.7326e-10
7150.2,2.6029e-10
7152.1,2.4824e-10
7154.1,2.3899e-10
7156,2.3315e-10
7158,2.3029e-10
7160,2.2955e-10
7161.9,2.3013e-10
7163.9,2.3168e-10
7165.8,2.342e-10
7167.8,2.3795e-10
7169.7,2.4305e-10
7171.7,2.4931e-10
7173.6,2.56e-10
7175.6,2.6185e-10
7177.5,2.6524e-10
7179.5,2.6444e-10
7181.4,2.5801e-10
7183.4,2.4515e-10
7185.3,2.2596e-10
7187.3,2.0157e-10
7189.3,1.7406e-10
7191.2,1.4614e-10
7193.2,1.2066e-10
7195.1,1.001e-10
7197.1,8.6059e-11
7199,7.9047e-11
7201,7.8542e-11
7202.9,8.3325e-11
7204.9,9.199e-11
7206.8,1.0339e-10
7208.8,1.1685e-10
7210.7,1.3205e-10
7212.7,1.4862e-10
7214.7,1.6571e-10
7216.6,1.8178e-10
7218.6,1.9478e-10
7220.5,2.0261e-10
7222.5,2.0391e-10
7224.4,1.9847e-10
7226.4,1.875e-10
7228.3,1.7329e-10
7230.3,1.5864e-10
7232.2,1.4612e-10
7234.2,1.3761e-10
7236.1,1.3389e-10
7238.1,1.3471e-10
7240,1.3889e-10
7242,1.4466e-10
7244,1.4999e-10
7245.9,1.5308e-10
7247.9,1.5273e-10
7249.8,1.4864e-10
7251.8,1.4141e-10
7253.7,1.3231e-10
7255.7,1.2275e-10
7257.6,1.1383e-10
7259.6,1.0604e-10
7261.5,9.9315e-11
7263.5,9.3222e-11
7265.4,8.736e-11
7267.4,8.1594e-11
7269.4,7.6133e-11
7271.3,7.1421e-11
7273.3,6.7921e-11
7275.2,6.5916e-11
7277.2,6.5399e-11
7279.1,6.6089e-11
7281.1,6.7561e-11
7283,6.939e-11
7285,7.128e-11
7286.9,7.3114e-11
7288.9,7.4931e-11
7290.8,7.6872e-11
7292.8,7.91e-11
7294.7,8.1727e-11
7296.7,8.4747e-11
7298.7,8.8013e-11
7300.6,9.1261e-11
7302.6,9.4184e-11
7304.5,9.6537e-11
7306.5,9.8195e-11
7308.4,9.9167e-11
7310.4,9.9535e-11
7312.3,9.9378e-11
7314.3,9.8722e-11
7316.2,9.755e-11
7318.2,9.5857e-11
7320.1,9.3713e-11
7322.1,9.1295e-11
7324.1,8.8865e-11
7326,8.6704e-11
7328,8.5021e-11
7329.9,8.3882e-11
7331.9,8.3171e-11
7333.8,8.2602e-11
7335.8,8.1788e-11
7337.7,8.0346e-11
7339.7,7.8007e-11
7341.6,7.4696e-11
7343.6,7.0554e-11
7345.5,6.59e-11
7347.5,6.116e-11
7349.5,5.6784e-11
7351.4,5.3173e-11
7353.4,5.0634e-11
7355.3,4.9335e-11
7357.3,4.928e-11
7359.2,5.028e-11
7361.2,5.1963e-11
7363.1,5.383e-11
7365.1,5.5362e-11
7367,5.6146e-11
7369,5.5981e-11
7370.9,5.4906e-11
7372.9,5.3148e-11
7374.8,5.1018e-11
7376.8,4.8808e-11
7378.8,4.6724e-11
7380.7,4.4878e-11
7382.7,4.3304e-11
7384.6,4.1987e-11
7386.6,4.0882e-11
7388.5,3.9932e-11
7390.5,3.909e-11
7392.4,3.8339e-11
7394.4,3.7696e-11
7396.3,3.7198e-11
7398.3,3.6873e-11
7400.2,3.6719e-11
7402.2,3.6713e-11
7404.2,3.6827e-11
7406.1,3.7059e-11
7408.1,3.7437e-11
7410,3.7998e-11
7412,3.8753e-11
7413.9,3.9651e-11
7415.9,4.0569e-11
7417.8,4.1331e-11
7419.8,4.1761e-11
7421.7,4.1748e-11
7423.7,4.1296e-11
7425.6,4.0537e-11
7427.6,3.9694e-11
7429.5,3.9011e-11
7431.5,3.8673e-11
7433.5,3.8756e-11
7435.4,3.9214e-11
7437.4,3.9905e-11
7439.3,4.0639e-11
7441.3,4.1232e-11
7443.2,4.1556e-11
7445.2,4.1562e-11
7447.1,4.1283e-11
7449.1,4.081e-11
7451,4.026e-11
7453,3.9736e-11
7454.9,3.9304e-11
7456.9,3.8982e-11
7458.9,3.8749e-11
7460.8,3.8563e-11
7462.8,3.8383e-11
7464.7,3.8195e-11
7466.7,3.801e-11
7468.6,3.786e-11
7470.6,3.778e-11
7472.5,3.7783e-11
7474.5,3.7861e-11
7476.4,3.7984e-11
7478.4,3.8107e-11
7480.3,3.8188e-11
7482.3,3.8193e-11
7484.2,3.811e-11
7486.2,3.7959e-11
7488.2,3.7787e-11
7490.1,3.7651e-11
7492.1,3.7591e-11
7494,3.7608e-11
7496,3.7667e-11
7497.9,3.7719e-11
7499.9,3.7735e-11
7501.8,3.7727e-11
7503.8,3.7741e-11
7505.7,3.7822e-11
7507.7,3.7981e-11
7509.6,3.8179e-11
7511.6,3.8343e-11
7513.6,3.8412e-11
7515.5,3.8373e-11
7517.5,3.8271e-11
7519.4,3.8183e-11
7521.4,3.818e-11
7523.3,3.8296e-11
7525.3,3.8518e-11
7527.2,3.8812e-11
7529.2,3.9138e-11
7531.1,3.9473e-11
7533.1,3.9805e-11
7535,4.0127e-11
7537,4.0429e-11
7538.9,4.07e-11
7540.9,4.0935e-11
7542.9,4.1135e-11
7544.8,4.1298e-11
7546.8,4.1401e-11
7548.7,4.1392e-11
7550.7,4.121e-11
7552.6,4.0823e-11
7554.6,4.0259e-11
7556.5,3.9616e-11
7558.5,3.9027e-11
7560.4,3.8603e-11
7562.4,3.8388e-11
7564.3,3.835e-11
7566.3,3.8407e-11
7568.3,3.847e-11
7570.2,3.8479e-11
7572.2,3.842e-11
7574.1,3.8319e-11
7576.1,3.8225e-11
7578,3.8181e-11
7580,3.8204e-11
7581.9,3.8274e-11
7583.9,3.8337e-11
7585.8,3.8329e-11
7587.8,3.8208e-11
7589.7,3.7966e-11
7591.7,3.7633e-11
7593.7,3.7269e-11
7595.6,3.6937e-11
7597.6,3.6692e-11
7599.5,3.6569e-11
7601.5,3.6572e-11
7603.4,3.6678e-11
7605.4,3.684e-11
7607.3,3.6998e-11
7609.3,3.7103e-11
7611.2,3.7127e-11
7613.2,3.7079e-11
7615.1,3.6991e-11
7617.1,3.6908e-11
7619,3.6869e-11
7621,3.6903e-11
7623,3.7024e-11
7624.9,3.7235e-11
7626.9,3.753e-11
7628.8,3.7896e-11
7630.8,3.831e-11
7632.7,3.8736e-11
7634.7,3.9126e-11
7636.6,3.9422e-11
7638.6,3.9575e-11
7640.5,3.9556e-11
7642.5,3.9377e-11
7644.4,3.9093e-11
7646.4,3.8793e-11
7648.4,3.858e-11
7650.3,3.8536e-11
7652.3,3.8702e-11
7654.2,3.9059e-11
7656.2,3.9531e-11
7658.1,4.0004e-11
7660.1,4.0359e-11
7662,4.0507e-11
7664,4.0421e-11
7665.9,4.0133e-11
7667.9,3.9715e-11
7669.8,3.9246e-11
7671.8,3.8783e-11
7673.7,3.8357e-11
7675.7,3.7986e-11
7677.7,3.7688e-11
7679.6,3.7487e-11
7681.6,3.7403e-11
7683.5,3.7435e-11
7685.5,3.7552e-11
7687.4,3.7699e-11
7689.4,3.7814e-11
7691.3,3.7852e-11
7693.3,3.78e-11
7695.2,3.7677e-11
7697.2,3.7533e-11
7699.1,3.7429e-11
7701.1,3.7419e-11
7703.1,3.7533e-11
7705,3.7777e-11
7707,3.8131e-11
7708.9,3.8562e-11
7710.9,3.9031e-11
7712.8,3.9507e-11
7714.8,3.996e-11
7716.7,4.0359e-11
7718.7,4.0673e-11
7720.6,4.0875e-11
7722.6,4.0953e-11
7724.5,4.0928e-11
7726.5,4.086e-11
7728.4,4.0828e-11
7730.4,4.0903e-11
7732.4,4.1114e-11
7734.3,4.143e-11
7736.3,4.1769e-11
7738.2,4.2033e-11
7740.2,4.2146e-11
7742.1,4.2085e-11
7744.1,4.1883e-11
7746,4.1611e-11
7748,4.1338e-11
7749.9,4.1111e-11
7751.9,4.0941e-11
7753.8,4.0808e-11
7755.8,4.068e-11
7757.8,4.0524e-11
7759.7,4.0317e-11
7761.7,4.0044e-11
7763.6,3.9704e-11
7765.6,3.9309e-11
7767.5,3.8886e-11
7769.5,3.8474e-11
7771.4,3.8127e-11
7773.4,3.7905e-11
7775.3,3.7864e-11
7777.3,3.8038e-11
7779.2,3.843e-11
7781.2,3.8992e-11
7783.2,3.9627e-11
7785.1,4.0199e-11
7787.1,4.0564e-11
7789,4.0596e-11
7791,4.0237e-11
7792.9,3.9517e-11
7794.9,3.8564e-11
7796.8,3.7579e-11
7798.8,3.6774e-11
7800.7,3.632e-11
7802.7,3.6291e-11
7804.6,3.6663e-11
7806.6,3.734e-11
7808.5,3.8191e-11
7810.5,3.9093e-11
7812.5,3.9945e-11
7814.4,4.0672e-11
7816.4,4.1226e-11
7818.3,4.1587e-11
7820.3,4.1763e-11
7822.2,4.1796e-11
7824.2,4.1744e-11
7826.1,4.1672e-11
7828.1,4.1637e-11
7830,4.168e-11
7832,4.1817e-11
7833.9,4.2038e-11
7835.9,4.2316e-11
7837.9,4.2604e-11
7839.8,4.2849e-11
7841.8,4.2999e-11
7843.7,4.3013e-11
7845.7,4.2868e-11
7847.6,4.2561e-11
7849.6,4.211e-11
7851.5,4.1542e-11
7853.5,4.089e-11
7855.4,4.0194e-11
7857.4,3.9509e-11
7859.3,3.8907e-11
7861.3,3.8468e-11
7863.2,3.8251e-11
7865.2,3.8253e-11
7867.2,3.8398e-11
7869.1,3.8543e-11
7871.1,3.854e-11
7873,3.8293e-11
7875,3.7806e-11
7876.9,3.718e-11
7878.9,3.657e-11
7880.8,3.6126e-11
7882.8,3.5938e-11
7884.7,3.6015e-11
7886.7,3.6299e-11
7888.6,3.6696e-11
7890.6,3.7116e-11
7892.6,3.7493e-11
7894.5,3.7802e-11
7896.5,3.8044e-11
7898.4,3.8243e-11
7900.4,3.8427e-11
7902.3,3.8628e-11
7904.3,3.8871e-11
7906.2,3.9171e-11
7908.2,3.9522e-11
7910.1,3.9899e-11
7912.1,4.0258e-11
7914,4.0553e-11
7916,4.0747e-11
7917.9,4.0833e-11
7919.9,4.0824e-11
7921.9,4.0745e-11
7923.8,4.0625e-11
7925.8,4.0485e-11
7927.7,4.0338e-11
7929.7,4.0186e-11
7931.6,4.0023e-11
7933.6,3.9834e-11
7935.5,3.9606e-11
7937.5,3.9338e-11
7939.4,3.906e-11
7941.4,3.883e-11
7943.3,3.8726e-11
7945.3,3.8814e-11
7947.3,3.9112e-11
7949.2,3.9568e-11
7951.2,4.0064e-11
7953.1,4.046e-11
7955.1,4.0643e-11
7957,4.0585e-11
7959,4.035e-11
7960.9,4.0073e-11
7962.9,3.9898e-11
7964.8,3.9916e-11
7966.8,4.0127e-11
7968.7,4.0441e-11
7970.7,4.0725e-11
7972.6,4.0852e-11
7974.6,4.0756e-11
7976.6,4.0444e-11
7978.5,3.9993e-11
7980.5,3.9519e-11
7982.4,3.9138e-11
7984.4,3.8936e-11
7986.3,3.8944e-11
7988.3,3.9135e-11
7990.2,3.9433e-11
7992.2,3.9748e-11
7994.1,4.0005e-11
7996.1,4.0171e-11
7998,4.0255e-11
8000,4.0278e-11
