[
    [
        {
            "sid": "0", 
            "time": "18.3", 
            "iid": "0", 
            "azimuth": "30.000727780827372", 
            "duration": "2.099999999999998", 
            "species": "10"
        }, 
        {
            "sid": "1", 
            "time": "18.5", 
            "iid": "1", 
            "azimuth": "-149.99927221917267", 
            "duration": "2.1000000000000014", 
            "species": "1"
        }, 
        {
            "sid": "2", 
            "time": "30.7", 
            "iid": "2", 
            "azimuth": "-149.99927221917267", 
            "duration": "5.699999999999999", 
            "species": "1"
        }, 
        {
            "sid": "3", 
            "time": "45.7", 
            "iid": "3", 
            "azimuth": "-55.000470032887044", 
            "duration": "5.699999999999996", 
            "species": "6"
        }, 
        {
            "sid": "4", 
            "time": "50.3", 
            "iid": "4", 
            "azimuth": "-65.00075974259934", 
            "duration": "2.1000000000000014", 
            "species": "5"
        }, 
        {
            "sid": "5", 
            "time": "60.5", 
            "iid": "5", 
            "azimuth": "-9.99735865418825", 
            "duration": "5.5", 
            "species": "8"
        }, 
        {
            "sid": "6", 
            "time": "75.5", 
            "iid": "6", 
            "azimuth": "30.000727780827372", 
            "duration": "5.700000000000003", 
            "species": "10"
        }, 
        {
            "sid": "7", 
            "time": "90.9", 
            "iid": "7", 
            "azimuth": "120.00072778082736", 
            "duration": "2.0999999999999943", 
            "species": "15"
        }, 
        {
            "sid": "8", 
            "time": "91.7", 
            "iid": "8", 
            "azimuth": "120.00072778082736", 
            "duration": "4.8999999999999915", 
            "species": "15"
        }, 
        {
            "sid": "9", 
            "time": "105.9", 
            "iid": "9", 
            "azimuth": "165.00067105795696", 
            "duration": "3.0999999999999943", 
            "species": "17"
        }, 
        {
            "sid": "10", 
            "time": "109.1", 
            "iid": "10", 
            "azimuth": "-30.000727780827372", 
            "duration": "2.3000000000000114", 
            "species": "7"
        }, 
        {
            "sid": "11", 
            "time": "127.1", 
            "iid": "11", 
            "azimuth": "24.99924025740066", 
            "duration": "2.0999999999999943", 
            "species": "10"
        }, 
        {
            "sid": "12", 
            "time": "128.3", 
            "iid": "12", 
            "azimuth": "30.000727780827372", 
            "duration": "2.5", 
            "species": "10"
        }, 
        {
            "sid": "13", 
            "time": "136.1", 
            "iid": "13", 
            "azimuth": "-120.00072778082736", 
            "duration": "2.0999999999999943", 
            "species": "2"
        }, 
        {
            "sid": "14", 
            "time": "137.5", 
            "iid": "14", 
            "azimuth": "-165.00067105795696", 
            "duration": "2.0999999999999943", 
            "species": "0"
        }
    ], 
    {
        "0": [
            0.5, 
            0.0, 
            1.0, 
            1.0
        ], 
        "1": [
            0.2803921568627451, 
            0.33815827481581706, 
            0.9851622334675065, 
            1.0
        ], 
        "2": [
            0.0607843137254902, 
            0.6364742361471414, 
            0.9410892525013717, 
            1.0
        ], 
        "5": [
            0.16666666666666663, 
            0.8660254037844386, 
            0.8660254037844387, 
            1.0
        ], 
        "6": [
            0.38627450980392153, 
            0.9840863373026044, 
            0.767362681448697, 
            1.0
        ], 
        "7": [
            0.6137254901960785, 
            0.9840863373026044, 
            0.6412133148335784, 
            1.0
        ], 
        "8": [
            0.8333333333333333, 
            0.8660254037844387, 
            0.5000000000000001, 
            1.0
        ], 
        "10": [
            1.0, 
            0.6364742361471414, 
            0.33815827481581706, 
            1.0
        ], 
        "15": [
            1.0, 
            0.33815827481581756, 
            0.17162567916635985, 
            1.0
        ], 
        "17": [
            1.0, 
            1.2246467991473532e-16, 
            6.123233995736766e-17, 
            1.0
        ]
    }
]