0,-76.643
1.9536,-76.664
3.9072,-76.719
5.8608,-76.785
7.8144,-76.842
9.768,-76.894
11.722,-76.959
13.675,-77.06
15.629,-77.199
17.582,-77.354
19.536,-77.48
21.49,-77.524
23.443,-77.445
25.397,-77.237
27.35,-76.932
29.304,-76.595
31.258,-76.3
33.211,-76.102
35.165,-76.031
37.118,-76.076
39.072,-76.197
41.026,-76.342
42.979,-76.476
44.933,-76.604
46.886,-76.769
48.84,-77.03
50.794,-77.429
52.747,-77.976
54.701,-78.635
56.654,-79.321
58.608,-79.916
60.562,-80.304
62.515,-80.433
64.469,-80.339
66.422,-80.11
68.376,-79.838
70.33,-79.59
72.283,-79.409
74.237,-79.32
76.19,-79.331
78.144,-79.44
80.098,-79.628
82.051,-79.861
84.005,-80.083
85.958,-80.224
87.912,-80.22
89.866,-80.039
91.819,-79.703
93.773,-79.282
95.726,-78.863
97.68,-78.526
99.634,-78.321
101.59,-78.271
103.54,-78.372
105.49,-78.594
107.45,-78.89
109.4,-79.204
111.36,-79.49
113.31,-79.716
115.26,-79.871
117.22,-79.953
119.17,-79.96
121.12,-79.884
123.08,-79.704
125.03,-79.378
126.98,-78.828
128.94,-77.958
130.89,-76.719
132.84,-75.17
134.8,-73.462
136.75,-71.763
138.71,-70.204
140.66,-68.868
142.61,-67.804
144.57,-67.041
146.52,-66.593
148.47,-66.469
150.43,-66.669
152.38,-67.184
154.33,-67.997
156.29,-69.068
158.24,-70.324
160.2,-71.641
162.15,-72.845
164.1,-73.75
166.06,-74.261
168.01,-74.418
169.96,-74.344
171.92,-74.155
173.87,-73.928
175.82,-73.704
177.78,-73.501
179.73,-73.323
181.68,-73.163
183.64,-73.003
185.59,-72.815
187.55,-72.568
189.5,-72.234
191.45,-71.801
193.41,-71.28
195.36,-70.697
197.31,-70.095
199.27,-69.516
201.22,-68.997
203.17,-68.566
205.13,-68.238
207.08,-68.016
209.04,-67.892
210.99,-67.848
212.94,-67.863
214.9,-67.918
216.85,-67.998
218.8,-68.096
220.76,-68.205
222.71,-68.316
224.66,-68.412
226.62,-68.473
228.57,-68.488
230.53,-68.46
232.48,-68.409
234.43,-68.371
236.39,-68.381
238.34,-68.469
240.29,-68.657
242.25,-68.949
244.2,-69.327
246.15,-69.746
248.11,-70.129
250.06,-70.378
252.01,-70.421
253.97,-70.255
255.92,-69.949
257.88,-69.596
259.83,-69.273
261.78,-69.015
263.74,-68.825
265.69,-68.684
267.64,-68.57
269.6,-68.469
271.55,-68.386
273.5,-68.337
275.46,-68.337
277.41,-68.389
279.37,-68.477
281.32,-68.564
283.27,-68.603
285.23,-68.558
287.18,-68.422
289.13,-68.212
291.09,-67.962
293.04,-67.699
294.99,-67.435
296.95,-67.173
298.9,-66.91
300.85,-66.654
302.81,-66.425
304.76,-66.254
306.72,-66.176
308.67,-66.213
310.62,-66.369
312.58,-66.614
314.53,-66.874
316.48,-67.034
318.44,-66.982
320.39,-66.673
322.34,-66.168
324.3,-65.578
326.25,-65.002
328.21,-64.484
330.16,-64.02
332.11,-63.572
334.07,-63.091
336.02,-62.539
337.97,-61.907
339.93,-61.217
341.88,-60.507
343.83,-59.817
345.79,-59.179
347.74,-58.613
349.69,-58.132
351.65,-57.739
353.6,-57.432
355.56,-57.21
357.51,-57.068
359.46,-57.006
361.42,-57.025
363.37,-57.126
365.32,-57.31
367.28,-57.576
369.23,-57.922
371.18,-58.339
373.14,-58.809
375.09,-59.301
377.05,-59.78
379,-60.209
380.95,-60.559
382.91,-60.818
384.86,-60.982
386.81,-61.056
388.77,-61.051
390.72,-60.998
392.67,-60.938
394.63,-60.923
396.58,-60.999
398.53,-61.206
400.49,-61.566
402.44,-62.084
404.4,-62.735
406.35,-63.449
408.3,-64.103
410.26,-64.549
412.21,-64.69
414.16,-64.551
416.12,-64.255
418.07,-63.934
420.02,-63.68
421.98,-63.54
423.93,-63.534
425.89,-63.666
427.84,-63.927
429.79,-64.306
431.75,-64.784
433.7,-65.346
435.65,-65.98
437.61,-66.685
439.56,-67.465
441.51,-68.326
443.47,-69.267
445.42,-70.272
447.37,-71.307
449.33,-72.318
451.28,-73.234
453.24,-73.976
455.19,-74.465
457.14,-74.642
459.1,-74.506
461.05,-74.126
463,-73.619
464.96,-73.107
466.91,-72.677
468.86,-72.385
470.82,-72.251
472.77,-72.272
474.73,-72.426
476.68,-72.664
478.63,-72.917
480.59,-73.102
482.54,-73.145
484.49,-73.013
486.45,-72.729
488.4,-72.35
490.35,-71.944
492.31,-71.563
494.26,-71.241
496.21,-70.985
498.17,-70.772
500.12,-70.54
502.08,-70.175
504.03,-69.548
505.98,-68.589
507.94,-67.352
509.89,-65.978
511.84,-64.609
513.8,-63.339
515.75,-62.208
517.7,-61.226
519.66,-60.382
521.61,-59.659
523.57,-59.042
525.52,-58.52
527.47,-58.09
529.43,-57.748
531.38,-57.497
533.33,-57.34
535.29,-57.285
537.24,-57.34
539.19,-57.52
541.15,-57.839
543.1,-58.31
545.05,-58.936
547.01,-59.693
548.96,-60.512
550.92,-61.244
552.87,-61.679
554.82,-61.656
556.78,-61.211
558.73,-60.535
560.68,-59.822
562.64,-59.191
564.59,-58.691
566.54,-58.335
568.5,-58.118
570.45,-58.03
572.41,-58.057
574.36,-58.184
576.31,-58.395
578.27,-58.674
580.22,-59.009
582.17,-59.393
584.13,-59.822
586.08,-60.291
588.03,-60.794
589.99,-61.317
591.94,-61.843
593.89,-62.343
595.85,-62.777
597.8,-63.095
599.76,-63.247
601.71,-63.217
603.66,-63.042
605.62,-62.799
607.57,-62.571
609.52,-62.429
611.48,-62.413
613.43,-62.548
615.38,-62.841
617.34,-63.293
619.29,-63.905
621.25,-64.674
623.2,-65.598
625.15,-66.67
627.11,-67.869
629.06,-69.147
631.01,-70.413
632.97,-71.514
634.92,-72.289
636.87,-72.667
638.83,-72.728
640.78,-72.631
642.74,-72.507
644.69,-72.422
646.64,-72.391
648.6,-72.407
650.55,-72.463
652.5,-72.567
654.46,-72.741
656.41,-73.011
658.36,-73.4
660.32,-73.915
662.27,-74.538
664.22,-75.222
666.18,-75.885
668.13,-76.423
670.09,-76.748
672.04,-76.835
673.99,-76.728
675.95,-76.511
677.9,-76.257
679.85,-76.013
681.81,-75.788
683.76,-75.571
685.71,-75.342
687.67,-75.096
689.62,-74.847
691.58,-74.627
693.53,-74.462
695.48,-74.348
697.44,-74.234
699.39,-74.017
701.34,-73.584
703.3,-72.89
705.25,-71.999
707.2,-71.042
709.16,-70.145
711.11,-69.395
713.06,-68.833
715.02,-68.467
716.97,-68.278
718.93,-68.222
720.88,-68.23
722.83,-68.216
724.79,-68.099
726.74,-67.826
728.69,-67.389
730.65,-66.824
732.6,-66.188
734.55,-65.538
736.51,-64.926
738.46,-64.388
740.42,-63.95
742.37,-63.63
744.32,-63.435
746.28,-63.374
748.23,-63.454
750.18,-63.676
752.14,-64.035
754.09,-64.501
756.04,-65.007
758,-65.445
759.95,-65.694
761.9,-65.684
763.86,-65.455
765.81,-65.126
767.77,-64.824
769.72,-64.641
771.67,-64.628
773.63,-64.808
775.58,-65.188
777.53,-65.762
779.49,-66.519
781.44,-67.437
783.39,-68.481
785.35,-69.591
787.3,-70.679
789.26,-71.639
791.21,-72.373
793.16,-72.832
795.12,-73.03
797.07,-73.036
799.02,-72.932
800.98,-72.789
802.93,-72.654
804.88,-72.541
806.84,-72.444
808.79,-72.343
810.74,-72.22
812.7,-72.075
814.65,-71.926
816.61,-71.8
818.56,-71.728
820.51,-71.736
822.47,-71.841
824.42,-72.056
826.37,-72.384
828.33,-72.827
830.28,-73.381
832.23,-74.043
834.19,-74.808
836.14,-75.665
838.1,-76.594
840.05,-77.561
842,-78.511
843.96,-79.377
845.91,-80.093
847.86,-80.623
849.82,-80.971
851.77,-81.174
853.72,-81.274
855.68,-81.302
857.63,-81.263
859.58,-81.148
861.54,-80.945
863.49,-80.651
865.45,-80.284
867.4,-79.87
869.35,-79.439
871.31,-79.004
873.26,-78.559
875.21,-78.078
877.17,-77.52
879.12,-76.858
881.07,-76.095
883.03,-75.28
884.98,-74.491
886.94,-73.805
888.89,-73.286
890.84,-72.975
892.8,-72.889
894.75,-73.026
896.7,-73.363
898.66,-73.841
900.61,-74.35
902.56,-74.695
904.52,-74.627
906.47,-73.994
908.42,-72.897
910.38,-71.594
912.33,-70.312
914.29,-69.179
916.24,-68.24
918.19,-67.489
920.15,-66.884
922.1,-66.362
924.05,-65.852
926.01,-65.298
927.96,-64.685
929.91,-64.037
931.87,-63.409
933.82,-62.857
935.78,-62.427
937.73,-62.157
939.68,-62.071
941.64,-62.189
943.59,-62.529
945.54,-63.104
947.5,-63.929
949.45,-65.016
951.4,-66.374
953.36,-68.003
955.31,-69.882
957.26,-71.922
959.22,-73.886
961.17,-75.333
963.13,-75.893
965.08,-75.721
967.03,-75.289
968.99,-74.939
970.94,-74.82
972.89,-74.98
974.85,-75.419
976.8,-76.089
978.75,-76.872
980.71,-77.528
982.66,-77.749
984.62,-77.376
986.57,-76.565
988.52,-75.602
990.48,-74.69
992.43,-73.912
994.38,-73.281
996.34,-72.776
998.29,-72.359
1000.2,-71.993
1002.2,-71.649
1004.2,-71.307
1006.1,-70.957
1008.1,-70.599
1010,-70.24
1012,-69.897
1013.9,-69.592
1015.9,-69.355
1017.8,-69.216
1019.8,-69.203
1021.7,-69.332
1023.7,-69.609
1025.6,-70.013
1027.6,-70.495
1029.5,-70.971
1031.5,-71.339
1033.5,-71.526
1035.4,-71.536
1037.4,-71.447
1039.3,-71.363
1041.3,-71.366
1043.2,-71.5
1045.2,-71.774
1047.1,-72.163
1049.1,-72.622
1051,-73.079
1053,-73.453
1054.9,-73.67
1056.9,-73.702
1058.9,-73.585
1060.8,-73.404
1062.8,-73.254
1064.7,-73.208
1066.7,-73.309
1068.6,-73.567
1070.6,-73.968
1072.5,-74.472
1074.5,-75.017
1076.4,-75.534
1078.4,-75.963
1080.3,-76.273
1082.3,-76.465
1084.2,-76.563
1086.2,-76.593
1088.2,-76.572
1090.1,-76.516
1092.1,-76.445
1094,-76.382
1096,-76.349
1097.9,-76.348
1099.9,-76.351
1101.8,-76.307
1103.8,-76.16
1105.7,-75.881
1107.7,-75.499
1109.6,-75.083
1111.6,-74.719
1113.6,-74.478
1115.5,-74.401
1117.5,-74.489
1119.4,-74.684
1121.4,-74.84
1123.3,-74.733
1125.3,-74.174
1127.2,-73.175
1129.2,-71.936
1131.1,-70.67
1133.1,-69.515
1135,-68.538
1137,-67.767
1138.9,-67.208
1140.9,-66.861
1142.9,-66.711
1144.8,-66.728
1146.8,-66.85
1148.7,-66.98
1150.7,-66.994
1152.6,-66.798
1154.6,-66.388
1156.5,-65.855
1158.5,-65.328
1160.4,-64.915
1162.4,-64.686
1164.3,-64.677
1166.3,-64.902
1168.3,-65.362
1170.2,-66.046
1172.2,-66.935
1174.1,-68.003
1176.1,-69.212
1178,-70.515
1180,-71.852
1181.9,-73.146
1183.9,-74.271
1185.8,-75.016
1187.8,-75.128
1189.7,-74.524
1191.7,-73.42
1193.7,-72.144
1195.6,-70.931
1197.6,-69.901
1199.5,-69.102
1201.5,-68.551
1203.4,-68.249
1205.4,-68.19
1207.3,-68.363
1209.3,-68.755
1211.2,-69.348
1213.2,-70.116
1215.1,-71.023
1217.1,-72.006
1219,-72.967
1221,-73.776
1223,-74.304
1224.9,-74.498
1226.9,-74.418
1228.8,-74.179
1230.8,-73.873
1232.7,-73.541
1234.7,-73.176
1236.6,-72.76
1238.6,-72.289
1240.5,-71.789
1242.5,-71.312
1244.4,-70.91
1246.4,-70.627
1248.4,-70.49
1250.3,-70.508
1252.3,-70.677
1254.2,-70.979
1256.2,-71.388
1258.1,-71.869
1260.1,-72.378
1262,-72.872
1264,-73.307
1265.9,-73.639
1267.9,-73.831
1269.8,-73.862
1271.8,-73.738
1273.7,-73.5
1275.7,-73.216
1277.7,-72.96
1279.6,-72.796
1281.6,-72.771
1283.5,-72.917
1285.5,-73.235
1287.4,-73.682
1289.4,-74.124
1291.3,-74.315
1293.3,-73.999
1295.2,-73.145
1297.2,-71.994
1299.1,-70.829
1301.1,-69.826
1303.1,-69.068
1305,-68.582
1307,-68.371
1308.9,-68.426
1310.9,-68.729
1312.8,-69.255
1314.8,-69.962
1316.7,-70.781
1318.7,-71.604
1320.6,-72.285
1322.6,-72.684
1324.5,-72.746
1326.5,-72.543
1328.4,-72.212
1330.4,-71.878
1332.4,-71.621
1334.3,-71.477
1336.3,-71.455
1338.2,-71.539
1340.2,-71.696
1342.1,-71.872
1344.1,-71.989
1346,-71.959
1348,-71.716
1349.9,-71.252
1351.9,-70.624
1353.8,-69.926
1355.8,-69.246
1357.8,-68.648
1359.7,-68.173
1361.7,-67.845
1363.6,-67.677
1365.6,-67.678
1367.5,-67.848
1369.5,-68.174
1371.4,-68.622
1373.4,-69.122
1375.3,-69.562
1377.3,-69.814
1379.2,-69.799
1381.2,-69.545
1383.2,-69.173
1385.1,-68.823
1387.1,-68.605
1389,-68.587
1391,-68.792
1392.9,-69.196
1394.9,-69.693
1396.8,-70.071
1398.8,-70.046
1400.7,-69.476
1402.7,-68.502
1404.6,-67.395
1406.6,-66.36
1408.5,-65.501
1410.5,-64.85
1412.5,-64.413
1414.4,-64.175
1416.4,-64.118
1418.3,-64.217
1420.3,-64.442
1422.2,-64.766
1424.2,-65.159
1426.1,-65.601
1428.1,-66.077
1430,-66.582
1432,-67.104
1433.9,-67.605
1435.9,-68.003
1437.9,-68.171
1439.8,-67.992
1441.8,-67.441
1443.7,-66.612
1445.7,-65.654
1447.6,-64.697
1449.6,-63.833
1451.5,-63.117
1453.5,-62.584
1455.4,-62.25
1457.4,-62.118
1459.3,-62.174
1461.3,-62.378
1463.2,-62.657
1465.2,-62.905
1467.2,-63.003
1469.1,-62.879
1471.1,-62.55
1473,-62.11
1475,-61.671
1476.9,-61.317
1478.9,-61.091
1480.8,-61.001
1482.8,-61.024
1484.7,-61.108
1486.7,-61.185
1488.6,-61.18
1490.6,-61.036
1492.6,-60.739
1494.5,-60.324
1496.5,-59.858
1498.4,-59.419
1500.4,-59.073
1502.3,-58.872
1504.3,-58.849
1506.2,-59.027
1508.2,-59.414
1510.1,-60.011
1512.1,-60.805
1514,-61.756
1516,-62.773
1517.9,-63.668
1519.9,-64.169
1521.9,-64.084
1523.8,-63.502
1525.8,-62.707
1527.7,-61.945
1529.7,-61.351
1531.6,-60.971
1533.6,-60.807
1535.5,-60.828
1537.5,-60.991
1539.4,-61.246
1541.4,-61.553
1543.3,-61.892
1545.3,-62.269
1547.3,-62.705
1549.2,-63.224
1551.2,-63.835
1553.1,-64.536
1555.1,-65.305
1557,-66.099
1559,-66.849
1560.9,-67.444
1562.9,-67.759
1564.8,-67.721
1566.8,-67.383
1568.7,-66.899
1570.7,-66.431
1572.6,-66.095
1574.6,-65.955
1576.6,-66.044
1578.5,-66.365
1580.5,-66.901
1582.4,-67.597
1584.4,-68.328
1586.3,-68.873
1588.3,-68.972
1590.2,-68.5
1592.2,-67.59
1594.1,-66.485
1596.1,-65.37
1598,-64.345
1600,-63.451
1602,-62.707
1603.9,-62.121
1605.9,-61.701
1607.8,-61.447
1609.8,-61.356
1611.7,-61.414
1613.7,-61.589
1615.6,-61.834
1617.6,-62.075
1619.5,-62.227
1621.5,-62.211
1623.4,-61.99
1625.4,-61.592
1627.4,-61.086
1629.3,-60.549
1631.3,-60.03
1633.2,-59.54
1635.2,-59.052
1637.1,-58.519
1639.1,-57.905
1641,-57.211
1643,-56.481
1644.9,-55.782
1646.9,-55.178
1648.8,-54.721
1650.8,-54.443
1652.7,-54.364
1654.7,-54.496
1656.7,-54.847
1658.6,-55.422
1660.6,-56.224
1662.5,-57.252
1664.5,-58.492
1666.4,-59.899
1668.4,-61.374
1670.3,-62.712
1672.3,-63.606
1674.2,-63.805
1676.2,-63.346
1678.1,-62.496
1680.1,-61.52
1682.1,-60.576
1684,-59.744
1686,-59.064
1687.9,-58.555
1689.9,-58.228
1691.8,-58.09
1693.8,-58.144
1695.7,-58.391
1697.7,-58.824
1699.6,-59.424
1701.6,-60.153
1703.5,-60.941
1705.5,-61.684
1707.4,-62.271
1709.4,-62.627
1711.4,-62.756
1713.3,-62.724
1715.3,-62.604
1717.2,-62.443
1719.2,-62.255
1721.1,-62.042
1723.1,-61.81
1725,-61.583
1727,-61.39
1728.9,-61.265
1730.9,-61.227
1732.8,-61.282
1734.8,-61.415
1736.8,-61.586
1738.7,-61.728
1740.7,-61.765
1742.6,-61.638
1744.6,-61.345
1746.5,-60.946
1748.5,-60.531
1750.4,-60.185
1752.4,-59.966
1754.3,-59.911
1756.3,-60.044
1758.2,-60.383
1760.2,-60.95
1762.1,-61.777
1764.1,-62.908
1766.1,-64.396
1768,-66.275
1770,-68.421
1771.9,-70.099
1773.9,-69.949
1775.8,-68.211
1777.8,-66.244
1779.7,-64.614
1781.7,-63.4
1783.6,-62.579
1785.6,-62.124
1787.5,-62.018
1789.5,-62.262
1791.5,-62.861
1793.4,-63.816
1795.4,-65.063
1797.3,-66.339
1799.3,-67.001
1801.2,-66.446
1803.2,-65.017
1805.1,-63.443
1807.1,-62.096
1809,-61.074
1811,-60.374
1812.9,-59.962
1814.9,-59.791
1816.8,-59.805
1818.8,-59.936
1820.8,-60.109
1822.7,-60.261
1824.7,-60.361
1826.6,-60.428
1828.6,-60.52
1830.5,-60.707
1832.5,-61.055
1834.4,-61.607
1836.4,-62.367
1838.3,-63.265
1840.3,-64.101
1842.2,-64.529
1844.2,-64.281
1846.2,-63.477
1848.1,-62.477
1850.1,-61.557
1852,-60.841
1854,-60.351
1855.9,-60.058
1857.9,-59.896
1859.8,-59.78
1861.8,-59.627
1863.7,-59.388
1865.7,-59.069
1867.6,-58.724
1869.6,-58.419
1871.6,-58.204
1873.5,-58.099
1875.5,-58.09
1877.4,-58.138
1879.4,-58.19
1881.3,-58.202
1883.3,-58.161
1885.2,-58.089
1887.2,-58.031
1889.1,-58.035
1891.1,-58.136
1893,-58.354
1895,-58.695
1896.9,-59.151
1898.9,-59.701
1900.9,-60.308
1902.8,-60.903
1904.8,-61.38
1906.7,-61.617
1908.7,-61.527
1910.6,-61.127
1912.6,-60.529
1914.5,-59.875
1916.5,-59.279
1918.4,-58.813
1920.4,-58.521
1922.3,-58.425
1924.3,-58.533
1926.3,-58.853
1928.2,-59.382
1930.2,-60.116
1932.1,-61.034
1934.1,-62.093
1936,-63.195
1938,-64.18
1939.9,-64.864
1941.9,-65.161
1943.8,-65.159
1945.8,-65.045
1947.7,-64.97
1949.7,-64.999
1951.6,-65.118
1953.6,-65.25
1955.6,-65.293
1957.5,-65.164
1959.5,-64.842
1961.4,-64.369
1963.4,-63.811
1965.3,-63.227
1967.3,-62.657
1969.2,-62.131
1971.2,-61.672
1973.1,-61.304
1975.1,-61.049
1977,-60.929
1979,-60.964
1981,-61.173
1982.9,-61.566
1984.9,-62.15
1986.8,-62.91
1988.8,-63.806
1990.7,-64.76
1992.7,-65.662
1994.6,-66.409
1996.6,-66.96
1998.5,-67.363
2000.5,-67.702
2002.4,-68.034
2004.4,-68.358
2006.3,-68.617
2008.3,-68.718
2010.3,-68.554
2012.2,-68.042
2014.2,-67.182
2016.1,-66.066
2018.1,-64.842
2020,-63.644
2022,-62.566
2023.9,-61.656
2025.9,-60.932
2027.8,-60.393
2029.8,-60.027
2031.7,-59.818
2033.7,-59.747
2035.7,-59.796
2037.6,-59.941
2039.6,-60.159
2041.5,-60.422
2043.5,-60.705
2045.4,-60.986
2047.4,-61.243
2049.3,-61.463
2051.3,-61.631
2053.2,-61.745
2055.2,-61.813
2057.1,-61.862
2059.1,-61.926
2061.1,-62.035
2063,-62.197
2065,-62.395
2066.9,-62.575
2068.9,-62.668
2070.8,-62.614
2072.8,-62.398
2074.7,-62.058
2076.7,-61.672
2078.6,-61.317
2080.6,-61.057
2082.5,-60.931
2084.5,-60.952
2086.4,-61.107
2088.4,-61.36
2090.4,-61.649
2092.3,-61.904
2094.3,-62.064
2096.2,-62.098
2098.2,-62.006
2100.1,-61.808
2102.1,-61.535
2104,-61.225
2106,-60.929
2107.9,-60.703
2109.9,-60.605
2111.8,-60.678
2113.8,-60.955
2115.8,-61.443
2117.7,-62.131
2119.7,-62.976
2121.6,-63.903
2123.6,-64.809
2125.5,-65.594
2127.5,-66.214
2129.4,-66.709
2131.4,-67.179
2133.3,-67.735
2135.3,-68.462
2137.2,-69.398
2139.2,-70.504
2141.1,-71.603
2143.1,-72.325
2145.1,-72.299
2147,-71.568
2149,-70.527
2150.9,-69.509
2152.9,-68.663
2154.8,-68.025
2156.8,-67.586
2158.7,-67.323
2160.7,-67.215
2162.6,-67.242
2164.6,-67.383
2166.5,-67.597
2168.5,-67.8
2170.5,-67.845
2172.4,-67.561
2174.4,-66.862
2176.3,-65.832
2178.3,-64.653
2180.2,-63.492
2182.2,-62.451
2184.1,-61.579
2186.1,-60.893
2188,-60.389
2190,-60.054
2191.9,-59.871
2193.9,-59.815
2195.8,-59.863
2197.8,-59.992
2199.8,-60.183
2201.7,-60.427
2203.7,-60.723
2205.6,-61.076
2207.6,-61.487
2209.5,-61.942
2211.5,-62.404
2213.4,-62.814
2215.4,-63.115
2217.3,-63.294
2219.3,-63.396
2221.2,-63.513
2223.2,-63.735
2225.2,-64.129
2227.1,-64.724
2229.1,-65.509
2231,-66.429
2233,-67.383
2234.9,-68.233
2236.9,-68.849
2238.8,-69.15
2240.8,-69.124
2242.7,-68.798
2244.7,-68.225
2246.6,-67.483
2248.6,-66.669
2250.5,-65.88
2252.5,-65.183
2254.5,-64.614
2256.4,-64.17
2258.4,-63.823
2260.3,-63.528
2262.3,-63.243
2264.2,-62.951
2266.2,-62.67
2268.1,-62.445
2270.1,-62.328
2272,-62.355
2274,-62.53
2275.9,-62.821
2277.9,-63.152
2279.9,-63.42
2281.8,-63.539
2283.8,-63.492
2285.7,-63.34
2287.7,-63.176
2289.6,-63.073
2291.6,-63.057
2293.5,-63.103
2295.5,-63.141
2297.4,-63.078
2299.4,-62.838
2301.3,-62.407
2303.3,-61.842
2305.3,-61.235
2307.2,-60.674
2309.2,-60.22
2311.1,-59.913
2313.1,-59.774
2315,-59.814
2317,-60.035
2318.9,-60.435
2320.9,-61.008
2322.8,-61.738
2324.8,-62.602
2326.7,-63.561
2328.7,-64.552
2330.6,-65.483
2332.6,-66.238
2334.6,-66.702
2336.5,-66.824
2338.5,-66.656
2340.4,-66.321
2342.4,-65.953
2344.3,-65.653
2346.3,-65.482
2348.2,-65.468
2350.2,-65.617
2352.1,-65.915
2354.1,-66.333
2356,-66.819
2358,-67.282
2360,-67.579
2361.9,-67.547
2363.9,-67.087
2365.8,-66.248
2367.8,-65.196
2369.7,-64.099
2371.7,-63.079
2373.6,-62.206
2375.6,-61.518
2377.5,-61.036
2379.5,-60.772
2381.4,-60.731
2383.4,-60.913
2385.3,-61.311
2387.3,-61.909
2389.3,-62.671
2391.2,-63.543
2393.2,-64.431
2395.1,-65.215
2397.1,-65.765
2399,-66.001
2401,-65.937
2402.9,-65.662
2404.9,-65.294
2406.8,-64.934
2408.8,-64.653
2410.7,-64.499
2412.7,-64.501
2414.7,-64.668
2416.6,-64.997
2418.6,-65.461
2420.5,-66.006
2422.5,-66.536
2424.4,-66.923
2426.4,-67.055
2428.3,-66.909
2430.3,-66.568
2432.2,-66.164
2434.2,-65.808
2436.1,-65.559
2438.1,-65.423
2440,-65.354
2442,-65.268
2444,-65.061
2445.9,-64.659
2447.9,-64.062
2449.8,-63.345
2451.8,-62.607
2453.7,-61.932
2455.7,-61.37
2457.6,-60.942
2459.6,-60.647
2461.5,-60.472
2463.5,-60.399
2465.4,-60.413
2467.4,-60.507
2469.4,-60.684
2471.3,-60.956
2473.3,-61.338
2475.2,-61.85
2477.2,-62.503
2479.1,-63.305
2481.1,-64.246
2483,-65.289
2485,-66.355
2486.9,-67.31
2488.9,-68.004
2490.8,-68.361
2492.8,-68.433
2494.7,-68.348
2496.7,-68.221
2498.7,-68.101
2500.6,-67.985
2502.6,-67.844
2504.5,-67.655
2506.5,-67.42
2508.4,-67.169
2510.4,-66.944
2512.3,-66.787
2514.3,-66.724
2516.2,-66.755
2518.2,-66.852
2520.1,-66.954
2522.1,-66.973
2524.1,-66.824
2526,-66.469
2528,-65.932
2529.9,-65.289
2531.9,-64.619
2533.8,-63.986
2535.8,-63.437
2537.7,-63.004
2539.7,-62.712
2541.6,-62.58
2543.6,-62.615
2545.5,-62.808
2547.5,-63.119
2549.5,-63.469
2551.4,-63.744
2553.4,-63.839
2555.3,-63.723
2557.3,-63.464
2559.2,-63.183
2561.2,-62.991
2563.1,-62.958
2565.1,-63.115
2567,-63.46
2569,-63.962
2570.9,-64.557
2572.9,-65.144
2574.8,-65.588
2576.8,-65.763
2578.8,-65.619
2580.7,-65.219
2582.7,-64.698
2584.6,-64.187
2586.6,-63.782
2588.5,-63.535
2590.5,-63.463
2592.4,-63.543
2594.4,-63.709
2596.3,-63.838
2598.3,-63.774
2600.2,-63.397
2602.2,-62.705
2604.2,-61.808
2606.1,-60.845
2608.1,-59.922
2610,-59.108
2612,-58.445
2613.9,-57.957
2615.9,-57.661
2617.8,-57.569
2619.8,-57.683
2621.7,-57.993
2623.7,-58.463
2625.6,-59.018
2627.6,-59.53
2629.5,-59.842
2631.5,-59.85
2633.5,-59.58
2635.4,-59.172
2637.4,-58.778
2639.3,-58.502
2641.3,-58.396
2643.2,-58.469
2645.2,-58.7
2647.1,-59.047
2649.1,-59.453
2651,-59.859
2653,-60.223
2654.9,-60.526
2656.9,-60.771
2658.9,-60.961
2660.8,-61.086
2662.8,-61.12
2664.7,-61.043
2666.7,-60.856
2668.6,-60.584
2670.6,-60.265
2672.5,-59.937
2674.5,-59.628
2676.4,-59.363
2678.4,-59.167
2680.3,-59.062
2682.3,-59.071
2684.2,-59.205
2686.2,-59.458
2688.2,-59.802
2690.1,-60.182
2692.1,-60.518
2694,-60.733
2696,-60.783
2697.9,-60.687
2699.9,-60.516
2701.8,-60.357
2703.8,-60.29
2705.7,-60.374
2707.7,-60.654
2709.6,-61.161
2711.6,-61.924
2713.6,-62.967
2715.5,-64.305
2717.5,-65.926
2719.4,-67.721
2721.4,-69.341
2723.3,-70.162
2725.3,-69.877
2727.2,-68.941
2729.2,-67.896
2731.1,-66.97
2733.1,-66.189
2735,-65.511
2737,-64.881
2738.9,-64.256
2740.9,-63.607
2742.9,-62.922
2744.8,-62.198
2746.8,-61.447
2748.7,-60.698
2750.7,-59.995
2752.6,-59.391
2754.6,-58.939
2756.5,-58.683
2758.5,-58.653
2760.4,-58.867
2762.4,-59.324
2764.3,-59.993
2766.3,-60.795
2768.3,-61.587
2770.2,-62.181
2772.2,-62.441
2774.1,-62.394
2776.1,-62.201
2778,-62.035
2780,-62.012
2781.9,-62.196
2783.9,-62.617
2785.8,-63.291
2787.8,-64.235
2789.7,-65.461
2791.7,-66.977
2793.7,-68.745
2795.6,-70.578
2797.6,-71.957
2799.5,-72.19
2801.5,-71.31
2803.4,-70.004
2805.4,-68.739
2807.3,-67.666
2809.3,-66.8
2811.2,-66.117
2813.2,-65.585
2815.1,-65.171
2817.1,-64.842
2819,-64.571
2821,-64.336
2823,-64.13
2824.9,-63.959
2826.9,-63.835
2828.8,-63.765
2830.8,-63.746
2832.7,-63.76
2834.7,-63.783
2836.6,-63.799
2838.6,-63.811
2840.5,-63.839
2842.5,-63.908
2844.4,-64.033
2846.4,-64.202
2848.4,-64.37
2850.3,-64.461
2852.3,-64.385
2854.2,-64.07
2856.2,-63.506
2858.1,-62.752
2860.1,-61.906
2862,-61.067
2864,-60.314
2865.9,-59.697
2867.9,-59.243
2869.8,-58.966
2871.8,-58.866
2873.7,-58.938
2875.7,-59.176
2877.7,-59.571
2879.6,-60.117
2881.6,-60.808
2883.5,-61.635
2885.5,-62.585
2887.4,-63.634
2889.4,-64.734
2891.3,-65.805
2893.3,-66.73
2895.2,-67.378
2897.2,-67.661
2899.1,-67.591
2901.1,-67.266
2903.1,-66.816
2905,-66.355
2907,-65.97
2908.9,-65.726
2910.9,-65.664
2912.8,-65.809
2914.8,-66.165
2916.7,-66.715
2918.7,-67.422
2920.6,-68.226
2922.6,-69.05
2924.5,-69.813
2926.5,-70.44
2928.4,-70.872
2930.4,-71.067
2932.4,-71.014
2934.3,-70.729
2936.3,-70.253
2938.2,-69.635
2940.2,-68.923
2942.1,-68.164
2944.1,-67.406
2946,-66.691
2948,-66.057
2949.9,-65.529
2951.9,-65.123
2953.8,-64.843
2955.8,-64.685
2957.8,-64.639
2959.7,-64.688
2961.7,-64.805
2963.6,-64.949
2965.6,-65.057
2967.5,-65.053
2969.5,-64.869
2971.4,-64.478
2973.4,-63.918
2975.3,-63.264
2977.3,-62.601
2979.2,-62.001
2981.2,-61.519
2983.2,-61.195
2985.1,-61.056
2987.1,-61.116
2989,-61.375
2991,-61.815
2992.9,-62.397
2994.9,-63.061
2996.8,-63.733
2998.8,-64.35
3000.7,-64.877
3002.7,-65.315
3004.6,-65.688
3006.6,-66.022
3008.5,-66.334
3010.5,-66.631
3012.5,-66.911
3014.4,-67.164
3016.4,-67.365
3018.3,-67.474
3020.3,-67.432
3022.2,-67.18
3024.2,-66.685
3026.1,-65.968
3028.1,-65.095
3030,-64.161
3032,-63.248
3033.9,-62.418
3035.9,-61.707
3037.9,-61.135
3039.8,-60.708
3041.8,-60.429
3043.7,-60.3
3045.7,-60.325
3047.6,-60.511
3049.6,-60.862
3051.5,-61.384
3053.5,-62.076
3055.4,-62.937
3057.4,-63.955
3059.3,-65.111
3061.3,-66.369
3063.2,-67.671
3065.2,-68.93
3067.2,-70.041
3069.1,-70.909
3071.1,-71.495
3073,-71.82
3075,-71.917
3076.9,-71.798
3078.9,-71.457
3080.8,-70.916
3082.8,-70.252
3084.7,-69.57
3086.7,-68.962
3088.6,-68.485
3090.6,-68.153
3092.6,-67.944
3094.5,-67.796
3096.5,-67.627
3098.4,-67.352
3100.4,-66.93
3102.3,-66.379
3104.3,-65.766
3106.2,-65.168
3108.2,-64.643
3110.1,-64.218
3112.1,-63.893
3114,-63.649
3116,-63.452
3117.9,-63.267
3119.9,-63.07
3121.9,-62.859
3123.8,-62.654
3125.8,-62.49
3127.7,-62.41
3129.7,-62.453
3131.6,-62.652
3133.6,-63.028
3135.5,-63.595
3137.5,-64.352
3139.4,-65.283
3141.4,-66.343
3143.3,-67.442
3145.3,-68.431
3147.3,-69.126
3149.2,-69.397
3151.2,-69.262
3153.1,-68.858
3155.1,-68.327
3157,-67.753
3159,-67.162
3160.9,-66.552
3162.9,-65.918
3164.8,-65.276
3166.8,-64.665
3168.7,-64.135
3170.7,-63.735
3172.6,-63.506
3174.6,-63.473
3176.6,-63.647
3178.5,-64.024
3180.5,-64.58
3182.4,-65.264
3184.4,-65.995
3186.3,-66.669
3188.3,-67.191
3190.2,-67.525
3192.2,-67.706
3194.1,-67.803
3196.1,-67.874
3198,-67.933
3200,-67.959
3202,-67.923
3203.9,-67.816
3205.9,-67.663
3207.8,-67.51
3209.8,-67.404
3211.7,-67.381
3213.7,-67.457
3215.6,-67.633
3217.6,-67.895
3219.5,-68.216
3221.5,-68.555
3223.4,-68.852
3225.4,-69.049
3227.4,-69.101
3229.3,-69.008
3231.3,-68.807
3233.2,-68.566
3235.2,-68.352
3237.1,-68.224
3239.1,-68.226
3241,-68.391
3243,-68.735
3244.9,-69.263
3246.9,-69.964
3248.8,-70.807
3250.8,-71.739
3252.7,-72.681
3254.7,-73.532
3256.7,-74.183
3258.6,-74.541
3260.6,-74.549
3262.5,-74.217
3264.5,-73.619
3266.4,-72.864
3268.4,-72.061
3270.3,-71.288
3272.3,-70.587
3274.2,-69.972
3276.2,-69.434
3278.1,-68.958
3280.1,-68.525
3282.1,-68.128
3284,-67.766
3286,-67.447
3287.9,-67.18
3289.9,-66.979
3291.8,-66.857
3293.8,-66.832
3295.7,-66.927
3297.7,-67.17
3299.6,-67.593
3301.6,-68.233
3303.5,-69.131
3305.5,-70.338
3307.4,-71.913
3309.4,-73.896
3311.4,-76.14
3313.3,-77.724
3315.3,-77.097
3317.2,-74.907
3319.2,-72.637
3321.1,-70.733
3323.1,-69.209
3325,-68.009
3327,-67.08
3328.9,-66.387
3330.9,-65.905
3332.8,-65.616
3334.8,-65.5
3336.8,-65.526
3338.7,-65.646
3340.7,-65.794
3342.6,-65.889
3344.6,-65.869
3346.5,-65.71
3348.5,-65.442
3350.4,-65.125
3352.4,-64.827
3354.3,-64.6
3356.3,-64.473
3358.2,-64.44
3360.2,-64.454
3362.1,-64.417
3364.1,-64.195
3366.1,-63.691
3368,-62.914
3370,-61.982
3371.9,-61.037
3373.9,-60.189
3375.8,-59.502
3377.8,-59.003
3379.7,-58.701
3381.7,-58.588
3383.6,-58.655
3385.6,-58.889
3387.5,-59.279
3389.5,-59.822
3391.5,-60.518
3393.4,-61.367
3395.4,-62.367
3397.3,-63.489
3399.3,-64.661
3401.2,-65.737
3403.2,-66.519
3405.1,-66.856
3407.1,-66.772
3409,-66.431
3411,-65.996
3412.9,-65.558
3414.9,-65.147
3416.8,-64.763
3418.8,-64.409
3420.8,-64.099
3422.7,-63.862
3424.7,-63.722
3426.6,-63.694
3428.6,-63.767
3430.5,-63.899
3432.5,-64.018
3434.4,-64.042
3436.4,-63.916
3438.3,-63.644
3440.3,-63.289
3442.2,-62.934
3444.2,-62.648
3446.2,-62.47
3448.1,-62.411
3450.1,-62.463
3452,-62.61
3454,-62.836
3455.9,-63.139
3457.9,-63.527
3459.8,-64.015
3461.8,-64.608
3463.7,-65.279
3465.7,-65.933
3467.6,-66.39
3469.6,-66.435
3471.6,-65.988
3473.5,-65.184
3475.5,-64.25
3477.4,-63.36
3479.4,-62.604
3481.3,-62.013
3483.3,-61.589
3485.2,-61.316
3487.2,-61.167
3489.1,-61.107
3491.1,-61.09
3493,-61.066
3495,-60.988
3496.9,-60.837
3498.9,-60.62
3500.9,-60.372
3502.8,-60.134
3504.8,-59.941
3506.7,-59.809
3508.7,-59.742
3510.6,-59.74
3512.6,-59.805
3514.5,-59.949
3516.5,-60.192
3518.4,-60.557
3520.4,-61.055
3522.3,-61.681
3524.3,-62.398
3526.3,-63.136
3528.2,-63.795
3530.2,-64.279
3532.1,-64.539
3534.1,-64.596
3536,-64.515
3538,-64.371
3539.9,-64.23
3541.9,-64.146
3543.8,-64.158
3545.8,-64.286
3547.7,-64.512
3549.7,-64.77
3551.6,-64.945
3553.6,-64.924
3555.6,-64.671
3557.5,-64.266
3559.5,-63.849
3561.4,-63.546
3563.4,-63.446
3565.3,-63.6
3567.3,-64.042
3569.2,-64.801
3571.2,-65.908
3573.1,-67.391
3575.1,-69.226
3577,-71.118
3579,-72.086
3581,-71.227
3582.9,-69.362
3584.9,-67.522
3586.8,-66.033
3588.8,-64.917
3590.7,-64.129
3592.7,-63.607
3594.6,-63.29
3596.6,-63.115
3598.5,-63.025
3600.5,-62.976
3602.4,-62.945
3604.4,-62.933
3606.3,-62.957
3608.3,-63.036
3610.3,-63.174
3612.2,-63.352
3614.2,-63.521
3616.1,-63.605
3618.1,-63.53
3620,-63.264
3622,-62.843
3623.9,-62.345
3625.9,-61.854
3627.8,-61.432
3629.8,-61.11
3631.7,-60.899
3633.7,-60.794
3635.7,-60.785
3637.6,-60.866
3639.6,-61.044
3641.5,-61.334
3643.5,-61.763
3645.4,-62.36
3647.4,-63.144
3649.3,-64.117
3651.3,-65.237
3653.2,-66.405
3655.2,-67.454
3657.1,-68.217
3659.1,-68.653
3661.1,-68.891
3663,-69.12
3665,-69.461
3666.9,-69.9
3668.9,-70.239
3670.8,-70.114
3672.8,-69.282
3674.7,-67.92
3676.7,-66.406
3678.6,-64.997
3680.6,-63.803
3682.5,-62.845
3684.5,-62.109
3686.4,-61.563
3688.4,-61.166
3690.4,-60.876
3692.3,-60.65
3694.3,-60.458
3696.2,-60.288
3698.2,-60.147
3700.1,-60.06
3702.1,-60.053
3704,-60.146
3706,-60.346
3707.9,-60.645
3709.9,-61.012
3711.8,-61.402
3713.8,-61.76
3715.8,-62.033
3717.7,-62.186
3719.7,-62.216
3721.6,-62.151
3723.6,-62.037
3725.5,-61.926
3727.5,-61.862
3729.4,-61.882
3731.4,-62.008
3733.3,-62.249
3735.3,-62.598
3737.2,-63.032
3739.2,-63.505
3741.1,-63.956
3743.1,-64.314
3745.1,-64.532
3747,-64.601
3749,-64.547
3750.9,-64.403
3752.9,-64.188
3754.8,-63.898
3756.8,-63.526
3758.7,-63.075
3760.7,-62.572
3762.6,-62.06
3764.6,-61.587
3766.5,-61.193
3768.5,-60.91
3770.5,-60.759
3772.4,-60.756
3774.4,-60.908
3776.3,-61.214
3778.3,-61.66
3780.2,-62.207
3782.2,-62.778
3784.1,-63.252
3786.1,-63.488
3788,-63.401
3790,-63.035
3791.9,-62.529
3793.9,-62.032
3795.8,-61.644
3797.8,-61.416
3799.8,-61.362
3801.7,-61.463
3803.7,-61.681
3805.6,-61.951
3807.6,-62.197
3809.5,-62.336
3811.5,-62.31
3813.4,-62.109
3815.4,-61.77
3817.3,-61.362
3819.3,-60.956
3821.2,-60.609
3823.2,-60.356
3825.2,-60.209
3827.1,-60.162
3829.1,-60.194
3831,-60.265
3833,-60.332
3834.9,-60.351
3836.9,-60.291
3838.8,-60.149
3840.8,-59.949
3842.7,-59.734
3844.7,-59.55
3846.6,-59.436
3848.6,-59.415
3850.5,-59.489
3852.5,-59.646
3854.5,-59.862
3856.4,-60.115
3858.4,-60.393
3860.3,-60.704
3862.3,-61.067
3864.2,-61.5
3866.2,-62.002
3868.1,-62.543
3870.1,-63.062
3872,-63.495
3874,-63.806
3875.9,-64.023
3877.9,-64.228
3879.9,-64.515
3881.8,-64.966
3883.8,-65.638
3885.7,-66.555
3887.7,-67.691
3889.6,-68.899
3891.6,-69.788
3893.5,-69.803
3895.5,-68.814
3897.4,-67.303
3899.4,-65.745
3901.3,-64.351
3903.3,-63.179
3905.3,-62.227
3907.2,-61.475
3909.2,-60.89
3911.1,-60.436
3913.1,-60.076
3915,-59.775
3917,-59.505
3918.9,-59.246
3920.9,-58.982
3922.8,-58.694
3924.8,-58.363
3926.7,-57.974
3928.7,-57.531
3930.6,-57.057
3932.6,-56.596
3934.6,-56.194
3936.5,-55.895
3938.5,-55.733
3940.4,-55.733
3942.4,-55.913
3944.3,-56.282
3946.3,-56.842
3948.2,-57.586
3950.2,-58.486
3952.1,-59.488
3954.1,-60.487
3956,-61.338
3958,-61.903
3960,-62.14
3961.9,-62.129
3963.9,-62.007
3965.8,-61.884
3967.8,-61.81
3969.7,-61.787
3971.7,-61.784
3973.6,-61.762
3975.6,-61.695
3977.5,-61.589
3979.5,-61.471
3981.4,-61.382
3983.4,-61.363
3985.3,-61.443
3987.3,-61.641
3989.3,-61.976
3991.2,-62.466
3993.2,-63.134
3995.1,-63.997
3997.1,-65.037
3999,-66.127
4001,-66.92
4002.9,-66.909
4004.9,-65.971
4006.8,-64.548
4008.8,-63.096
4010.7,-61.827
4012.7,-60.796
4014.7,-59.993
4016.6,-59.387
4018.6,-58.939
4020.5,-58.609
4022.5,-58.367
4024.4,-58.196
4026.4,-58.091
4028.3,-58.061
4030.3,-58.118
4032.2,-58.269
4034.2,-58.513
4036.1,-58.832
4038.1,-59.201
4040,-59.585
4042,-59.955
4044,-60.286
4045.9,-60.56
4047.9,-60.752
4049.8,-60.823
4051.8,-60.736
4053.7,-60.478
4055.7,-60.085
4057.6,-59.631
4059.6,-59.202
4061.5,-58.869
4063.5,-58.681
4065.4,-58.662
4067.4,-58.816
4069.4,-59.13
4071.3,-59.571
4073.3,-60.089
4075.2,-60.622
4077.2,-61.113
4079.1,-61.532
4081.1,-61.878
4083,-62.175
4085,-62.437
4086.9,-62.653
4088.9,-62.777
4090.8,-62.75
4092.8,-62.544
4094.7,-62.183
4096.7,-61.731
4098.7,-61.257
4100.6,-60.804
4102.6,-60.378
4104.5,-59.961
4106.5,-59.527
4108.4,-59.053
4110.4,-58.542
4112.3,-58.012
4114.3,-57.497
4116.2,-57.032
4118.2,-56.646
4120.1,-56.363
4122.1,-56.203
4124.1,-56.179
4126,-56.301
4128,-56.577
4129.9,-57.005
4131.9,-57.571
4133.8,-58.235
4135.8,-58.92
4137.7,-59.497
4139.7,-59.808
4141.6,-59.741
4143.6,-59.311
4145.5,-58.646
4147.5,-57.893
4149.5,-57.166
4151.4,-56.528
4153.4,-56.01
4155.3,-55.623
4157.3,-55.363
4159.2,-55.221
4161.2,-55.183
4163.1,-55.234
4165.1,-55.359
4167,-55.54
4169,-55.758
4170.9,-55.986
4172.9,-56.192
4174.8,-56.334
4176.8,-56.378
4178.8,-56.301
4180.7,-56.11
4182.7,-55.839
4184.6,-55.546
4186.6,-55.293
4188.5,-55.133
4190.5,-55.106
4192.4,-55.239
4194.4,-55.539
4196.3,-55.994
4198.3,-56.565
4200.2,-57.181
4202.2,-57.746
4204.2,-58.169
4206.1,-58.412
4208.1,-58.523
4210,-58.606
4212,-58.766
4213.9,-59.081
4215.9,-59.585
4217.8,-60.266
4219.8,-61.053
4221.7,-61.799
4223.7,-62.3
4225.6,-62.408
4227.6,-62.147
4229.5,-61.682
4231.5,-61.187
4233.5,-60.766
4235.4,-60.455
4237.4,-60.246
4239.3,-60.101
4241.3,-59.966
4243.2,-59.784
4245.2,-59.517
4247.1,-59.157
4249.1,-58.732
4251,-58.288
4253,-57.869
4254.9,-57.507
4256.9,-57.216
4258.9,-56.994
4260.8,-56.828
4262.8,-56.706
4264.7,-56.616
4266.7,-56.554
4268.6,-56.52
4270.6,-56.52
4272.5,-56.561
4274.5,-56.647
4276.4,-56.78
4278.4,-56.96
4280.3,-57.184
4282.3,-57.443
4284.2,-57.729
4286.2,-58.033
4288.2,-58.356
4290.1,-58.708
4292.1,-59.107
4294,-59.572
4296,-60.106
4297.9,-60.686
4299.9,-61.251
4301.8,-61.712
4303.8,-61.977
4305.7,-62.014
4307.7,-61.87
4309.6,-61.637
4311.6,-61.401
4313.6,-61.209
4315.5,-61.062
4317.5,-60.927
4319.4,-60.758
4321.4,-60.515
4323.3,-60.195
4325.3,-59.827
4327.2,-59.465
4329.2,-59.155
4331.1,-58.929
4333.1,-58.794
4335,-58.734
4337,-58.71
4338.9,-58.676
4340.9,-58.584
4342.9,-58.412
4344.8,-58.167
4346.8,-57.885
4348.7,-57.61
4350.7,-57.379
4352.6,-57.212
4354.6,-57.112
4356.5,-57.069
4358.5,-57.069
4360.4,-57.101
4362.4,-57.166
4364.3,-57.27
4366.3,-57.417
4368.3,-57.599
4370.2,-57.788
4372.2,-57.945
4374.1,-58.031
4376.1,-58.036
4378,-57.98
4380,-57.91
4381.9,-57.875
4383.9,-57.915
4385.8,-58.055
4387.8,-58.298
4389.7,-58.629
4391.7,-59.01
4393.7,-59.383
4395.6,-59.675
4397.6,-59.823
4399.5,-59.807
4401.5,-59.651
4403.4,-59.407
4405.4,-59.127
4407.3,-58.842
4409.3,-58.567
4411.2,-58.307
4413.2,-58.071
4415.1,-57.874
4417.1,-57.731
4419,-57.659
4421,-57.667
4423,-57.758
4424.9,-57.929
4426.9,-58.17
4428.8,-58.468
4430.8,-58.804
4432.7,-59.159
4434.7,-59.514
4436.6,-59.858
4438.6,-60.19
4440.5,-60.515
4442.5,-60.83
4444.4,-61.113
4446.4,-61.314
4448.4,-61.37
4450.3,-61.238
4452.3,-60.932
4454.2,-60.524
4456.2,-60.107
4458.1,-59.763
4460.1,-59.545
4462,-59.481
4464,-59.58
4465.9,-59.847
4467.9,-60.282
4469.8,-60.893
4471.8,-61.687
4473.7,-62.675
4475.7,-63.851
4477.7,-65.17
4479.6,-66.477
4481.6,-67.449
4483.5,-67.698
4485.5,-67.164
4487.4,-66.194
4489.4,-65.155
4491.3,-64.24
4493.3,-63.515
4495.2,-62.988
4497.2,-62.645
4499.1,-62.457
4501.1,-62.39
4503.1,-62.399
4505,-62.437
4507,-62.453
4508.9,-62.405
4510.9,-62.271
4512.8,-62.053
4514.8,-61.772
4516.7,-61.456
4518.7,-61.131
4520.6,-60.82
4522.6,-60.538
4524.5,-60.299
4526.5,-60.119
4528.4,-60.015
4530.4,-60.002
4532.4,-60.09
4534.3,-60.274
4536.3,-60.526
4538.2,-60.78
4540.2,-60.944
4542.1,-60.93
4544.1,-60.708
4546,-60.336
4548,-59.921
4549.9,-59.571
4551.9,-59.361
4553.8,-59.338
4555.8,-59.524
4557.8,-59.932
4559.7,-60.568
4561.7,-61.436
4563.6,-62.542
4565.6,-63.873
4567.5,-65.351
4569.5,-66.706
4571.4,-67.376
4573.4,-66.931
4575.3,-65.695
4577.3,-64.276
4579.2,-63.008
4581.2,-61.992
4583.2,-61.237
4585.1,-60.717
4587.1,-60.397
4589,-60.238
4591,-60.202
4592.9,-60.252
4594.9,-60.358
4596.8,-60.501
4598.8,-60.672
4600.7,-60.876
4602.7,-61.123
4604.6,-61.42
4606.6,-61.768
4608.5,-62.156
4610.5,-62.562
4612.5,-62.956
4614.4,-63.313
4616.4,-63.618
4618.3,-63.872
4620.3,-64.083
4622.2,-64.263
4624.2,-64.422
4626.1,-64.564
4628.1,-64.688
4630,-64.783
4632,-64.842
4633.9,-64.863
4635.9,-64.859
4637.9,-64.854
4639.8,-64.869
4641.8,-64.915
4643.7,-64.978
4645.7,-65.024
4647.6,-65.014
4649.6,-64.93
4651.5,-64.795
4653.5,-64.663
4655.4,-64.603
4657.4,-64.666
4659.3,-64.874
4661.3,-65.201
4663.2,-65.561
4665.2,-65.811
4667.2,-65.798
4669.1,-65.464
4671.1,-64.886
4673,-64.211
4675,-63.561
4676.9,-63.006
4678.9,-62.568
4680.8,-62.241
4682.8,-62.007
4684.7,-61.848
4686.7,-61.747
4688.6,-61.693
4690.6,-61.679
4692.6,-61.695
4694.5,-61.728
4696.5,-61.764
4698.4,-61.795
4700.4,-61.821
4702.3,-61.857
4704.3,-61.929
4706.2,-62.065
4708.2,-62.294
4710.1,-62.641
4712.1,-63.13
4714,-63.783
4716,-64.628
4717.9,-65.698
4719.9,-67.038
4721.9,-68.711
4723.8,-70.803
4725.8,-73.422
4727.7,-76.536
4729.7,-78.954
4731.6,-78.021
4733.6,-75.264
4735.5,-72.762
4737.5,-70.789
4739.4,-69.248
4741.4,-68.041
4743.3,-67.101
4745.3,-66.38
4747.3,-65.847
4749.2,-65.478
4751.2,-65.25
4753.1,-65.147
4755.1,-65.148
4757,-65.231
4759,-65.373
4760.9,-65.553
4762.9,-65.762
4764.8,-66
4766.8,-66.276
4768.7,-66.6
4770.7,-66.966
4772.6,-67.339
4774.6,-67.657
4776.6,-67.856
4778.5,-67.905
4780.5,-67.833
4782.4,-67.712
4784.4,-67.612
4786.3,-67.571
4788.3,-67.576
4790.2,-67.582
4792.2,-67.531
4794.1,-67.393
4796.1,-67.19
4798,-66.984
4800,-66.848
4802,-66.84
4803.9,-66.993
4805.9,-67.311
4807.8,-67.776
4809.8,-68.344
4811.7,-68.953
4813.7,-69.534
4815.6,-70.031
4817.6,-70.427
4819.5,-70.743
4821.5,-71.017
4823.4,-71.28
4825.4,-71.537
4827.4,-71.766
4829.3,-71.915
4831.3,-71.918
4833.2,-71.713
4835.2,-71.272
4837.1,-70.628
4839.1,-69.867
4841,-69.089
4843,-68.38
4844.9,-67.8
4846.9,-67.377
4848.8,-67.125
4850.8,-67.046
4852.7,-67.138
4854.7,-67.402
4856.7,-67.844
4858.6,-68.475
4860.6,-69.305
4862.5,-70.335
4864.5,-71.546
4866.4,-72.874
4868.4,-74.177
4870.3,-75.202
4872.3,-75.674
4874.2,-75.51
4876.2,-74.901
4878.1,-74.124
4880.1,-73.371
4882.1,-72.742
4884,-72.28
4886,-71.996
4887.9,-71.883
4889.9,-71.916
4891.8,-72.05
4893.8,-72.225
4895.7,-72.371
4897.7,-72.433
4899.6,-72.386
4901.6,-72.233
4903.5,-71.985
4905.5,-71.649
4907.4,-71.225
4909.4,-70.728
4911.4,-70.19
4913.3,-69.661
4915.3,-69.193
4917.2,-68.832
4919.2,-68.607
4921.1,-68.534
4923.1,-68.615
4925,-68.838
4927,-69.183
4928.9,-69.616
4930.9,-70.102
4932.8,-70.61
4934.8,-71.118
4936.8,-71.616
4938.7,-72.086
4940.7,-72.475
4942.6,-72.68
4944.6,-72.576
4946.5,-72.117
4948.5,-71.389
4950.4,-70.564
4952.4,-69.796
4954.3,-69.188
4956.3,-68.794
4958.2,-68.638
4960.2,-68.73
4962.1,-69.066
4964.1,-69.637
4966.1,-70.421
4968,-71.38
4970,-72.451
4971.9,-73.543
4973.9,-74.541
4975.8,-75.333
4977.8,-75.846
4979.7,-76.074
4981.7,-76.06
4983.6,-75.871
4985.6,-75.568
4987.5,-75.196
4989.5,-74.778
4991.5,-74.324
4993.4,-73.843
4995.4,-73.354
4997.3,-72.885
4999.3,-72.474
5001.2,-72.152
5003.2,-71.945
5005.1,-71.865
5007.1,-71.916
5009,-72.09
5011,-72.365
5012.9,-72.707
5014.9,-73.06
5016.8,-73.352
5018.8,-73.51
5020.8,-73.496
5022.7,-73.33
5024.7,-73.077
5026.6,-72.813
5028.6,-72.6
5030.5,-72.476
5032.5,-72.458
5034.4,-72.549
5036.4,-72.745
5038.3,-73.038
5040.3,-73.423
5042.2,-73.893
5044.2,-74.448
5046.2,-75.093
5048.1,-75.835
5050.1,-76.675
5052,-77.6
5054,-78.57
5055.9,-79.511
5057.9,-80.335
5059.8,-80.973
5061.8,-81.4
5063.7,-81.614
5065.7,-81.592
5067.6,-81.296
5069.6,-80.724
5071.6,-79.958
5073.5,-79.127
5075.5,-78.353
5077.4,-77.712
5079.4,-77.235
5081.3,-76.912
5083.3,-76.687
5085.2,-76.467
5087.2,-76.14
5089.1,-75.636
5091.1,-74.977
5093,-74.263
5095,-73.612
5096.9,-73.117
5098.9,-72.83
5100.9,-72.773
5102.8,-72.945
5104.8,-73.323
5106.7,-73.87
5108.7,-74.526
5110.6,-75.212
5112.6,-75.84
5114.5,-76.333
5116.5,-76.653
5118.4,-76.814
5120.4,-76.861
5122.3,-76.846
5124.3,-76.8
5126.3,-76.726
5128.2,-76.607
5130.2,-76.417
5132.1,-76.143
5134.1,-75.785
5136,-75.358
5138,-74.876
5139.9,-74.348
5141.9,-73.784
5143.8,-73.202
5145.8,-72.634
5147.7,-72.122
5149.7,-71.708
5151.6,-71.429
5153.6,-71.308
5155.6,-71.35
5157.5,-71.531
5159.5,-71.802
5161.4,-72.082
5163.4,-72.278
5165.3,-72.321
5167.3,-72.198
5169.2,-71.954
5171.2,-71.655
5173.1,-71.355
5175.1,-71.082
5177,-70.842
5179,-70.623
5181,-70.409
5182.9,-70.183
5184.9,-69.934
5186.8,-69.668
5188.8,-69.399
5190.7,-69.154
5192.7,-68.957
5194.6,-68.827
5196.6,-68.773
5198.5,-68.782
5200.5,-68.826
5202.4,-68.859
5204.4,-68.833
5206.3,-68.717
5208.3,-68.505
5210.3,-68.215
5212.2,-67.877
5214.2,-67.515
5216.1,-67.14
5218.1,-66.753
5220,-66.356
5222,-65.957
5223.9,-65.582
5225.9,-65.265
5227.8,-65.045
5229.8,-64.961
5231.7,-65.043
5233.7,-65.314
5235.7,-65.782
5237.6,-66.44
5239.6,-67.252
5241.5,-68.141
5243.5,-68.98
5245.4,-69.609
5247.4,-69.922
5249.3,-69.941
5251.3,-69.792
5253.2,-69.615
5255.2,-69.507
5257.1,-69.512
5259.1,-69.632
5261.1,-69.839
5263,-70.082
5265,-70.287
5266.9,-70.385
5268.9,-70.338
5270.8,-70.161
5272.8,-69.914
5274.7,-69.666
5276.7,-69.472
5278.6,-69.361
5280.6,-69.328
5282.5,-69.342
5284.5,-69.346
5286.4,-69.271
5288.4,-69.056
5290.4,-68.681
5292.3,-68.181
5294.3,-67.63
5296.2,-67.108
5298.2,-66.68
5300.1,-66.384
5302.1,-66.232
5304,-66.212
5306,-66.284
5307.9,-66.385
5309.9,-66.438
5311.8,-66.38
5313.8,-66.193
5315.8,-65.911
5317.7,-65.601
5319.7,-65.336
5321.6,-65.168
5323.6,-65.13
5325.5,-65.233
5327.5,-65.468
5329.4,-65.813
5331.4,-66.229
5333.3,-66.666
5335.3,-67.075
5337.2,-67.422
5339.2,-67.697
5341.1,-67.917
5343.1,-68.112
5345.1,-68.307
5347,-68.515
5349,-68.741
5350.9,-68.994
5352.9,-69.291
5354.8,-69.662
5356.8,-70.139
5358.7,-70.744
5360.7,-71.47
5362.6,-72.272
5364.6,-73.058
5366.5,-73.711
5368.5,-74.159
5370.5,-74.419
5372.4,-74.588
5374.4,-74.759
5376.3,-74.979
5378.3,-75.223
5380.2,-75.415
5382.2,-75.459
5384.1,-75.288
5386.1,-74.888
5388,-74.29
5390,-73.54
5391.9,-72.682
5393.9,-71.759
5395.8,-70.81
5397.8,-69.868
5399.8,-68.95
5401.7,-68.067
5403.7,-67.224
5405.6,-66.434
5407.6,-65.714
5409.5,-65.092
5411.5,-64.594
5413.4,-64.245
5415.4,-64.065
5417.3,-64.064
5419.3,-64.248
5421.2,-64.619
5423.2,-65.172
5425.2,-65.905
5427.1,-66.821
5429.1,-67.931
5431,-69.257
5433,-70.833
5434.9,-72.684
5436.9,-74.736
5438.8,-76.552
5440.8,-77.112
5442.7,-76.037
5444.7,-74.309
5446.6,-72.695
5448.6,-71.416
5450.5,-70.489
5452.5,-69.887
5454.5,-69.569
5456.4,-69.49
5458.4,-69.599
5460.3,-69.835
5462.3,-70.131
5464.2,-70.427
5466.2,-70.678
5468.1,-70.859
5470.1,-70.964
5472,-70.996
5474,-70.954
5475.9,-70.84
5477.9,-70.65
5479.9,-70.38
5481.8,-70.026
5483.8,-69.589
5485.7,-69.083
5487.7,-68.533
5489.6,-67.983
5491.6,-67.479
5493.5,-67.066
5495.5,-66.786
5497.4,-66.669
5499.4,-66.736
5501.3,-66.992
5503.3,-67.423
5505.3,-67.98
5507.2,-68.572
5509.2,-69.077
5511.1,-69.389
5513.1,-69.49
5515,-69.472
5517,-69.477
5518.9,-69.629
5520.9,-70.012
5522.8,-70.668
5524.8,-71.6
5526.7,-72.746
5528.7,-73.921
5530.6,-74.777
5532.6,-74.966
5534.6,-74.502
5536.5,-73.732
5538.5,-72.967
5540.4,-72.351
5542.4,-71.915
5544.3,-71.634
5546.3,-71.467
5548.2,-71.362
5550.2,-71.277
5552.1,-71.177
5554.1,-71.038
5556,-70.843
5558,-70.582
5560,-70.25
5561.9,-69.852
5563.9,-69.408
5565.8,-68.951
5567.8,-68.518
5569.7,-68.143
5571.7,-67.856
5573.6,-67.673
5575.6,-67.604
5577.5,-67.646
5579.5,-67.785
5581.4,-67.997
5583.4,-68.249
5585.3,-68.501
5587.3,-68.722
5589.3,-68.897
5591.2,-69.037
5593.2,-69.172
5595.1,-69.339
5597.1,-69.573
5599,-69.898
5601,-70.321
5602.9,-70.839
5604.9,-71.438
5606.8,-72.098
5608.8,-72.792
5610.7,-73.489
5612.7,-74.154
5614.7,-74.76
5616.6,-75.288
5618.6,-75.744
5620.5,-76.146
5622.5,-76.515
5624.4,-76.861
5626.4,-77.181
5628.3,-77.461
5630.3,-77.68
5632.2,-77.814
5634.2,-77.825
5636.1,-77.668
5638.1,-77.299
5640,-76.71
5642,-75.944
5644,-75.079
5645.9,-74.199
5647.9,-73.378
5649.8,-72.666
5651.8,-72.1
5653.7,-71.705
5655.7,-71.497
5657.6,-71.489
5659.6,-71.689
5661.5,-72.099
5663.5,-72.719
5665.4,-73.533
5667.4,-74.506
5669.4,-75.567
5671.3,-76.596
5673.3,-77.448
5675.2,-78.021
5677.2,-78.336
5679.1,-78.513
5681.1,-78.678
5683,-78.889
5685,-79.122
5686.9,-79.282
5688.9,-79.254
5690.8,-78.981
5692.8,-78.515
5694.7,-77.976
5696.7,-77.477
5698.7,-77.093
5700.6,-76.859
5702.6,-76.777
5704.5,-76.82
5706.5,-76.939
5708.4,-77.054
5710.4,-77.07
5712.3,-76.902
5714.3,-76.522
5716.2,-75.971
5718.2,-75.333
5720.1,-74.687
5722.1,-74.084
5724.1,-73.542
5726,-73.058
5728,-72.625
5729.9,-72.246
5731.9,-71.938
5733.8,-71.734
5735.8,-71.672
5737.7,-71.786
5739.7,-72.1
5741.6,-72.624
5743.6,-73.351
5745.5,-74.248
5747.5,-75.252
5749.5,-76.266
5751.4,-77.17
5753.4,-77.86
5755.3,-78.296
5757.3,-78.502
5759.2,-78.542
5761.2,-78.477
5763.1,-78.355
5765.1,-78.217
5767,-78.088
5769,-77.97
5770.9,-77.834
5772.9,-77.626
5774.8,-77.291
5776.8,-76.806
5778.8,-76.2
5780.7,-75.531
5782.7,-74.865
5784.6,-74.248
5786.6,-73.706
5788.5,-73.253
5790.5,-72.898
5792.4,-72.649
5794.4,-72.518
5796.3,-72.518
5798.3,-72.66
5800.2,-72.952
5802.2,-73.389
5804.2,-73.955
5806.1,-74.617
5808.1,-75.324
5810,-76.021
5812,-76.658
5813.9,-77.206
5815.9,-77.647
5817.8,-77.956
5819.8,-78.089
5821.7,-78.014
5823.7,-77.751
5825.6,-77.383
5827.6,-77.021
5829.5,-76.753
5831.5,-76.627
5833.5,-76.64
5835.4,-76.756
5837.4,-76.907
5839.3,-77.026
5841.3,-77.078
5843.2,-77.076
5845.2,-77.08
5847.1,-77.165
5849.1,-77.397
5851,-77.83
5853,-78.502
5854.9,-79.434
5856.9,-80.613
5858.9,-81.946
5860.8,-83.136
5862.8,-83.634
5864.7,-83.088
5866.7,-81.834
5868.6,-80.414
5870.6,-79.115
5872.5,-78.025
5874.5,-77.143
5876.4,-76.446
5878.4,-75.9
5880.3,-75.475
5882.3,-75.138
5884.2,-74.859
5886.2,-74.609
5888.2,-74.362
5890.1,-74.102
5892.1,-73.827
5894,-73.549
5896,-73.285
5897.9,-73.051
5899.9,-72.854
5901.8,-72.691
5903.8,-72.552
5905.7,-72.428
5907.7,-72.313
5909.6,-72.21
5911.6,-72.132
5913.6,-72.099
5915.5,-72.136
5917.5,-72.266
5919.4,-72.513
5921.4,-72.892
5923.3,-73.414
5925.3,-74.076
5927.2,-74.853
5929.2,-75.693
5931.1,-76.503
5933.1,-77.149
5935,-77.498
5937,-77.479
5938.9,-77.125
5940.9,-76.545
5942.9,-75.863
5944.8,-75.181
5946.8,-74.568
5948.7,-74.074
5950.7,-73.728
5952.6,-73.55
5954.6,-73.551
5956.5,-73.74
5958.5,-74.117
5960.4,-74.679
5962.4,-75.41
5964.3,-76.275
5966.3,-77.217
5968.3,-78.148
5970.2,-78.966
5972.2,-79.576
5974.1,-79.924
5976.1,-79.996
5978,-79.807
5980,-79.392
5981.9,-78.812
5983.9,-78.151
5985.8,-77.494
5987.8,-76.908
5989.7,-76.434
5991.7,-76.087
5993.7,-75.86
5995.6,-75.735
5997.6,-75.688
5999.5,-75.699
6001.5,-75.765
6003.4,-75.902
6005.4,-76.14
6007.3,-76.521
6009.3,-77.081
6011.2,-77.841
6013.2,-78.77
6015.1,-79.74
6017.1,-80.456
6019,-80.556
6021,-79.949
6023,-78.932
6024.9,-77.844
6026.9,-76.869
6028.8,-76.063
6030.8,-75.42
6032.7,-74.913
6034.7,-74.515
6036.6,-74.206
6038.6,-73.975
6040.5,-73.816
6042.5,-73.724
6044.4,-73.69
6046.4,-73.704
6048.4,-73.754
6050.3,-73.83
6052.3,-73.922
6054.2,-74.017
6056.2,-74.095
6058.1,-74.124
6060.1,-74.068
6062,-73.899
6064,-73.618
6065.9,-73.254
6067.9,-72.859
6069.8,-72.491
6071.8,-72.199
6073.7,-72.017
6075.7,-71.969
6077.7,-72.064
6079.6,-72.302
6081.6,-72.674
6083.5,-73.163
6085.5,-73.745
6087.4,-74.392
6089.4,-75.072
6091.3,-75.752
6093.3,-76.398
6095.2,-76.97
6097.2,-77.419
6099.1,-77.695
6101.1,-77.763
6103.1,-77.624
6105,-77.318
6107,-76.906
6108.9,-76.443
6110.9,-75.972
6112.8,-75.526
6114.8,-75.13
6116.7,-74.812
6118.7,-74.602
6120.6,-74.527
6122.6,-74.614
6124.5,-74.878
6126.5,-75.319
6128.4,-75.916
6130.4,-76.616
6132.4,-77.333
6134.3,-77.967
6136.3,-78.454
6138.2,-78.808
6140.2,-79.104
6142.1,-79.426
6144.1,-79.8
6146,-80.161
6148,-80.355
6149.9,-80.22
6151.9,-79.721
6153.8,-78.991
6155.8,-78.212
6157.8,-77.518
6159.7,-76.975
6161.7,-76.599
6163.6,-76.381
6165.6,-76.301
6167.5,-76.338
6169.5,-76.479
6171.4,-76.719
6173.4,-77.062
6175.3,-77.521
6177.3,-78.105
6179.2,-78.816
6181.2,-79.627
6183.2,-80.472
6185.1,-81.237
6187.1,-81.787
6189,-82.041
6191,-82.037
6192.9,-81.899
6194.9,-81.75
6196.8,-81.663
6198.8,-81.647
6200.7,-81.665
6202.7,-81.653
6204.6,-81.557
6206.6,-81.356
6208.5,-81.077
6210.5,-80.772
6212.5,-80.49
6214.4,-80.261
6216.4,-80.096
6218.3,-79.984
6220.3,-79.906
6222.2,-79.833
6224.2,-79.74
6226.1,-79.608
6228.1,-79.431
6230,-79.218
6232,-78.985
6233.9,-78.755
6235.9,-78.547
6237.9,-78.379
6239.8,-78.264
6241.8,-78.209
6243.7,-78.216
6245.7,-78.28
6247.6,-78.391
6249.6,-78.533
6251.5,-78.686
6253.5,-78.83
6255.4,-78.941
6257.4,-78.996
6259.3,-78.972
6261.3,-78.855
6263.2,-78.638
6265.2,-78.328
6267.2,-77.949
6269.1,-77.536
6271.1,-77.131
6273,-76.771
6275,-76.485
6276.9,-76.291
6278.9,-76.192
6280.8,-76.187
6282.8,-76.269
6284.7,-76.432
6286.7,-76.672
6288.6,-76.985
6290.6,-77.36
6292.6,-77.764
6294.5,-78.138
6296.5,-78.392
6298.4,-78.443
6300.4,-78.261
6302.3,-77.891
6304.3,-77.426
6306.2,-76.949
6308.2,-76.515
6310.1,-76.144
6312.1,-75.835
6314,-75.58
6316,-75.376
6317.9,-75.229
6319.9,-75.158
6321.9,-75.187
6323.8,-75.34
6325.8,-75.637
6327.7,-76.078
6329.7,-76.641
6331.6,-77.267
6333.6,-77.845
6335.5,-78.232
6337.5,-78.31
6339.4,-78.066
6341.4,-77.599
6343.3,-77.054
6345.3,-76.547
6347.3,-76.157
6349.2,-75.932
6351.2,-75.9
6353.1,-76.083
6355.1,-76.501
6357,-77.175
6359,-78.127
6360.9,-79.38
6362.9,-80.915
6364.8,-82.553
6366.8,-83.677
6368.7,-83.396
6370.7,-81.856
6372.6,-79.985
6374.6,-78.298
6376.6,-76.921
6378.5,-75.848
6380.5,-75.035
6382.4,-74.435
6384.4,-74
6386.3,-73.684
6388.3,-73.454
6390.2,-73.286
6392.2,-73.172
6394.1,-73.11
6396.1,-73.1
6398,-73.134
6400,-73.197
6402,-73.264
6403.9,-73.314
6405.9,-73.335
6407.8,-73.334
6409.8,-73.332
6411.7,-73.354
6413.7,-73.418
6415.6,-73.534
6417.6,-73.706
6419.5,-73.936
6421.5,-74.23
6423.4,-74.596
6425.4,-75.036
6427.4,-75.534
6429.3,-76.058
6431.3,-76.561
6433.2,-77.005
6435.2,-77.38
6437.1,-77.707
6439.1,-78.013
6441,-78.302
6443,-78.539
6444.9,-78.664
6446.9,-78.632
6448.8,-78.451
6450.8,-78.177
6452.7,-77.88
6454.7,-77.61
6456.7,-77.383
6458.6,-77.188
6460.6,-77
6462.5,-76.793
6464.5,-76.552
6466.4,-76.269
6468.4,-75.945
6470.3,-75.588
6472.3,-75.218
6474.2,-74.862
6476.2,-74.562
6478.1,-74.362
6480.1,-74.302
6482.1,-74.411
6484,-74.707
6486,-75.19
6487.9,-75.845
6489.9,-76.636
6491.8,-77.505
6493.8,-78.373
6495.7,-79.142
6497.7,-79.715
6499.6,-80.026
6501.6,-80.068
6503.5,-79.9
6505.5,-79.615
6507.4,-79.295
6509.4,-78.979
6511.4,-78.657
6513.3,-78.277
6515.3,-77.782
6517.2,-77.144
6519.2,-76.396
6521.1,-75.611
6523.1,-74.874
6525,-74.252
6527,-73.791
6528.9,-73.514
6530.9,-73.427
6532.8,-73.527
6534.8,-73.8
6536.8,-74.226
6538.7,-74.785
6540.7,-75.455
6542.6,-76.214
6544.6,-77.035
6546.5,-77.886
6548.5,-78.713
6550.4,-79.446
6552.4,-79.999
6554.3,-80.302
6556.3,-80.337
6558.2,-80.149
6560.2,-79.823
6562.1,-79.448
6564.1,-79.092
6566.1,-78.807
6568,-78.627
6570,-78.582
6571.9,-78.693
6573.9,-78.973
6575.8,-79.421
6577.8,-80.017
6579.7,-80.7
6581.7,-81.365
6583.6,-81.865
6585.6,-82.067
6587.5,-81.941
6589.5,-81.575
6591.5,-81.106
6593.4,-80.648
6595.4,-80.274
6597.3,-80.021
6599.3,-79.908
6601.2,-79.938
6603.2,-80.104
6605.1,-80.377
6607.1,-80.712
6609,-81.042
6611,-81.304
6612.9,-81.46
6614.9,-81.509
6616.8,-81.475
6618.8,-81.378
6620.8,-81.221
6622.7,-81.006
6624.7,-80.742
6626.6,-80.467
6628.6,-80.228
6630.5,-80.07
6632.5,-80.015
6634.4,-80.058
6636.4,-80.159
6638.3,-80.255
6640.3,-80.282
6642.2,-80.202
6644.2,-80.024
6646.2,-79.799
6648.1,-79.591
6650.1,-79.453
6652,-79.414
6654,-79.483
6655.9,-79.647
6657.9,-79.886
6659.8,-80.179
6661.8,-80.512
6663.7,-80.886
6665.7,-81.317
6667.6,-81.827
6669.6,-82.429
6671.6,-83.125
6673.5,-83.89
6675.5,-84.674
6677.4,-85.41
6679.4,-86.03
6681.3,-86.495
6683.3,-86.804
6685.2,-86.983
6687.2,-87.064
6689.1,-87.071
6691.1,-87.012
6693,-86.886
6695,-86.687
6696.9,-86.41
6698.9,-86.06
6700.9,-85.66
6702.8,-85.254
6704.8,-84.896
6706.7,-84.643
6708.7,-84.544
6710.6,-84.639
6712.6,-84.95
6714.5,-85.481
6716.5,-86.193
6718.4,-86.971
6720.4,-87.576
6722.3,-87.703
6724.3,-87.204
6726.3,-86.242
6728.2,-85.099
6730.2,-83.973
6732.1,-82.955
6734.1,-82.075
6736,-81.343
6738,-80.768
6739.9,-80.355
6741.9,-80.114
6743.8,-80.052
6745.8,-80.175
6747.7,-80.484
6749.7,-80.974
6751.6,-81.629
6753.6,-82.424
6755.6,-83.316
6757.5,-84.245
6759.5,-85.131
6761.4,-85.895
6763.4,-86.484
6765.3,-86.891
6767.3,-87.145
6769.2,-87.275
6771.2,-87.289
6773.1,-87.169
6775.1,-86.902
6777,-86.501
6779,-86.018
6781,-85.521
6782.9,-85.067
6784.9,-84.689
6786.8,-84.394
6788.8,-84.167
6790.7,-83.984
6792.7,-83.823
6794.6,-83.675
6796.6,-83.548
6798.5,-83.466
6800.5,-83.46
6802.4,-83.56
6804.4,-83.788
6806.3,-84.152
6808.3,-84.643
6810.3,-85.231
6812.2,-85.858
6814.2,-86.448
6816.1,-86.932
6818.1,-87.28
6820,-87.522
6822,-87.731
6823.9,-87.981
6825.9,-88.318
6827.8,-88.745
6829.8,-89.218
6831.7,-89.653
6833.7,-89.956
6835.7,-90.07
6837.6,-90.019
6839.6,-89.884
6841.5,-89.759
6843.5,-89.711
6845.4,-89.768
6847.4,-89.922
6849.3,-90.13
6851.3,-90.33
6853.2,-90.453
6855.2,-90.448
6857.1,-90.302
6859.1,-90.04
6861.1,-89.704
6863,-89.334
6865,-88.964
6866.9,-88.613
6868.9,-88.297
6870.8,-88.032
6872.8,-87.835
6874.7,-87.733
6876.7,-87.752
6878.6,-87.922
6880.6,-88.269
6882.5,-88.806
6884.5,-89.513
6886.4,-90.307
6888.4,-90.998
6890.4,-91.306
6892.3,-91.049
6894.3,-90.329
6896.2,-89.425
6898.2,-88.569
6900.1,-87.882
6902.1,-87.41
6904,-87.167
6906,-87.152
6907.9,-87.361
6909.9,-87.792
6911.8,-88.443
6913.8,-89.313
6915.8,-90.403
6917.7,-91.715
6919.7,-93.244
6921.6,-94.956
6923.6,-96.703
6925.5,-98.04
6927.5,-98.254
6929.4,-97.203
6931.4,-95.564
6933.3,-93.911
6935.3,-92.469
6937.2,-91.291
6939.2,-90.378
6941.1,-89.72
6943.1,-89.307
6945.1,-89.129
6947,-89.178
6949,-89.446
6950.9,-89.922
6952.9,-90.589
6954.8,-91.415
6956.8,-92.343
6958.7,-93.27
6960.7,-94.039
6962.6,-94.474
6964.6,-94.478
6966.5,-94.102
6968.5,-93.505
6970.5,-92.847
6972.4,-92.239
6974.4,-91.741
6976.3,-91.381
6978.3,-91.163
6980.2,-91.075
6982.2,-91.087
6984.1,-91.151
6986.1,-91.205
6988,-91.188
6990,-91.065
6991.9,-90.844
6993.9,-90.576
6995.8,-90.328
6997.8,-90.162
6999.8,-90.118
7001.7,-90.22
7003.7,-90.472
7005.6,-90.867
7007.6,-91.39
7009.5,-92.018
7011.5,-92.731
7013.4,-93.51
7015.4,-94.339
7017.3,-95.204
7019.3,-96.094
7021.2,-96.989
7023.2,-97.862
7025.2,-98.667
7027.1,-99.349
7029.1,-99.851
7031,-100.13
7033,-100.19
7034.9,-100.07
7036.9,-99.82
7038.8,-99.498
7040.8,-99.143
7042.7,-98.775
7044.7,-98.397
7046.6,-98.011
7048.6,-97.621
7050.5,-97.246
7052.5,-96.915
7054.5,-96.665
7056.4,-96.533
7058.4,-96.55
7060.3,-96.738
7062.3,-97.103
7064.2,-97.627
7066.2,-98.25
7068.1,-98.847
7070.1,-99.239
7072,-99.272
7074,-98.939
7075.9,-98.386
7077.9,-97.791
7079.9,-97.28
7081.8,-96.911
7083.8,-96.696
7085.7,-96.623
7087.7,-96.664
7089.6,-96.786
7091.6,-96.957
7093.5,-97.145
7095.5,-97.323
7097.4,-97.461
7099.4,-97.529
7101.3,-97.498
7103.3,-97.35
7105.3,-97.088
7107.2,-96.745
7109.2,-96.374
7111.1,-96.03
7113.1,-95.761
7115,-95.594
7117,-95.539
7118.9,-95.59
7120.9,-95.726
7122.8,-95.912
7124.8,-96.112
7126.7,-96.289
7128.7,-96.418
7130.6,-96.496
7132.6,-96.538
7134.6,-96.576
7136.5,-96.642
7138.5,-96.761
7140.4,-96.939
7142.4,-97.162
7144.3,-97.399
7146.3,-97.615
7148.2,-97.781
7150.2,-97.896
7152.1,-97.983
7154.1,-98.079
7156,-98.223
7158,-98.44
7160,-98.74
7161.9,-99.111
7163.9,-99.52
7165.8,-99.916
7167.8,-100.24
7169.7,-100.46
7171.7,-100.56
7173.6,-100.59
7175.6,-100.58
7177.5,-100.57
7179.5,-100.6
7181.4,-100.68
7183.4,-100.8
7185.3,-100.94
7187.3,-101.07
7189.3,-101.16
7191.2,-101.2
7193.2,-101.17
7195.1,-101.11
7197.1,-101.03
7199,-100.94
7201,-100.85
7202.9,-100.73
7204.9,-100.58
7206.8,-100.39
7208.8,-100.19
7210.7,-100
7212.7,-99.854
7214.7,-99.741
7216.6,-99.637
7218.6,-99.494
7220.5,-99.267
7222.5,-98.943
7224.4,-98.551
7226.4,-98.151
7228.3,-97.809
7230.3,-97.578
7232.2,-97.491
7234.2,-97.56
7236.1,-97.782
7238.1,-98.14
7240,-98.608
7242,-99.154
7244,-99.742
7245.9,-100.34
7247.9,-100.91
7249.8,-101.43
7251.8,-101.85
7253.7,-102.15
7255.7,-102.31
7257.6,-102.34
7259.6,-102.25
7261.5,-102.11
7263.5,-101.94
7265.4,-101.8
7267.4,-101.72
7269.4,-101.74
7271.3,-101.86
7273.3,-102.08
7275.2,-102.36
7277.2,-102.66
7279.1,-102.93
7281.1,-103.13
7283,-103.24
7285,-103.27
7286.9,-103.25
7288.9,-103.2
7290.8,-103.15
7292.8,-103.07
7294.7,-102.96
7296.7,-102.81
7298.7,-102.6
7300.6,-102.37
7302.6,-102.15
7304.5,-101.96
7306.5,-101.84
7308.4,-101.79
7310.4,-101.83
7312.3,-101.95
7314.3,-102.15
7316.2,-102.4
7318.2,-102.71
7320.1,-103.06
7322.1,-103.42
7324.1,-103.75
7326,-104.01
7328,-104.12
7329.9,-104.07
7331.9,-103.84
7333.8,-103.48
7335.8,-103.06
7337.7,-102.64
7339.7,-102.26
7341.6,-101.96
7343.6,-101.74
7345.5,-101.6
7347.5,-101.52
7349.5,-101.48
7351.4,-101.47
7353.4,-101.48
7355.3,-101.5
7357.3,-101.53
7359.2,-101.58
7361.2,-101.65
7363.1,-101.76
7365.1,-101.92
7367,-102.11
7369,-102.34
7370.9,-102.57
7372.9,-102.79
7374.8,-102.96
7376.8,-103.07
7378.8,-103.1
7380.7,-103.07
7382.7,-103.01
7384.6,-102.93
7386.6,-102.85
7388.5,-102.77
7390.5,-102.71
7392.4,-102.66
7394.4,-102.62
7396.3,-102.58
7398.3,-102.55
7400.2,-102.53
7402.2,-102.53
7404.2,-102.54
7406.1,-102.59
7408.1,-102.68
7410,-102.82
7412,-102.99
7413.9,-103.2
7415.9,-103.43
7417.8,-103.64
7419.8,-103.82
7421.7,-103.95
7423.7,-104
7425.6,-104
7427.6,-103.95
7429.5,-103.9
7431.5,-103.88
7433.5,-103.9
7435.4,-103.96
7437.4,-104.08
7439.3,-104.23
7441.3,-104.38
7443.2,-104.51
7445.2,-104.6
7447.1,-104.62
7449.1,-104.59
7451,-104.51
7453,-104.38
7454.9,-104.25
7456.9,-104.12
7458.9,-104.01
7460.8,-103.94
7462.8,-103.89
7464.7,-103.88
7466.7,-103.89
7468.6,-103.92
7470.6,-103.97
7472.5,-104.06
7474.5,-104.17
7476.4,-104.3
7478.4,-104.45
7480.3,-104.59
7482.3,-104.7
7484.2,-104.79
7486.2,-104.83
7488.2,-104.85
7490.1,-104.85
7492.1,-104.83
7494,-104.81
7496,-104.78
7497.9,-104.73
7499.9,-104.65
7501.8,-104.55
7503.8,-104.44
7505.7,-104.33
7507.7,-104.23
7509.6,-104.15
7511.6,-104.12
7513.6,-104.12
7515.5,-104.17
7517.5,-104.26
7519.4,-104.37
7521.4,-104.48
7523.3,-104.56
7525.3,-104.6
7527.2,-104.58
7529.2,-104.53
7531.1,-104.46
7533.1,-104.39
7535,-104.32
7537,-104.26
7538.9,-104.21
7540.9,-104.14
7542.9,-104.08
7544.8,-104.02
7546.8,-103.97
7548.7,-103.94
7550.7,-103.93
7552.6,-103.92
7554.6,-103.92
7556.5,-103.9
7558.5,-103.86
7560.4,-103.82
7562.4,-103.77
7564.3,-103.72
7566.3,-103.7
7568.3,-103.71
7570.2,-103.74
7572.2,-103.8
7574.1,-103.85
7576.1,-103.89
7578,-103.91
7580,-103.91
7581.9,-103.91
7583.9,-103.91
7585.8,-103.93
7587.8,-103.96
7589.7,-104
7591.7,-104.03
7593.7,-104.04
7595.6,-104.03
7597.6,-104.02
7599.5,-104.01
7601.5,-104.01
7603.4,-104.02
7605.4,-104.06
7607.3,-104.1
7609.3,-104.14
7611.2,-104.19
7613.2,-104.23
7615.1,-104.28
7617.1,-104.32
7619,-104.37
7621,-104.42
7623,-104.45
7624.9,-104.46
7626.9,-104.47
7628.8,-104.48
7630.8,-104.5
7632.7,-104.52
7634.7,-104.54
7636.6,-104.56
7638.6,-104.55
7640.5,-104.52
7642.5,-104.46
7644.4,-104.39
7646.4,-104.31
7648.4,-104.24
7650.3,-104.21
7652.3,-104.21
7654.2,-104.24
7656.2,-104.29
7658.1,-104.34
7660.1,-104.37
7662,-104.38
7664,-104.36
7665.9,-104.32
7667.9,-104.28
7669.8,-104.25
7671.8,-104.22
7673.7,-104.21
7675.7,-104.21
7677.7,-104.2
7679.6,-104.18
7681.6,-104.14
7683.5,-104.09
7685.5,-104.01
7687.4,-103.92
7689.4,-103.83
7691.3,-103.75
7693.3,-103.71
7695.2,-103.7
7697.2,-103.74
7699.1,-103.82
7701.1,-103.93
7703.1,-104.07
7705,-104.22
7707,-104.37
7708.9,-104.51
7710.9,-104.65
7712.8,-104.76
7714.8,-104.84
7716.7,-104.88
7718.7,-104.9
7720.6,-104.9
7722.6,-104.88
7724.5,-104.84
7726.5,-104.77
7728.4,-104.67
7730.4,-104.52
7732.4,-104.35
7734.3,-104.15
7736.3,-103.95
7738.2,-103.76
7740.2,-103.62
7742.1,-103.54
7744.1,-103.52
7746,-103.57
7748,-103.67
7749.9,-103.79
7751.9,-103.9
7753.8,-103.98
7755.8,-104.01
7757.8,-104.02
7759.7,-104.01
7761.7,-104
7763.6,-103.98
7765.6,-103.97
7767.5,-103.98
7769.5,-104.01
7771.4,-104.08
7773.4,-104.18
7775.3,-104.31
7777.3,-104.45
7779.2,-104.56
7781.2,-104.62
7783.2,-104.63
7785.1,-104.58
7787.1,-104.48
7789,-104.36
7791,-104.24
7792.9,-104.11
7794.9,-104.01
7796.8,-103.95
7798.8,-103.92
7800.7,-103.93
7802.7,-103.97
7804.6,-104.03
7806.6,-104.1
7808.5,-104.18
7810.5,-104.27
7812.5,-104.35
7814.4,-104.43
7816.4,-104.49
7818.3,-104.52
7820.3,-104.52
7822.2,-104.49
7824.2,-104.44
7826.1,-104.39
7828.1,-104.33
7830,-104.28
7832,-104.23
7833.9,-104.18
7835.9,-104.13
7837.9,-104.08
7839.8,-104.04
7841.8,-104.01
7843.7,-103.99
7845.7,-103.99
7847.6,-104.01
7849.6,-104.02
7851.5,-104.01
7853.5,-103.99
7855.4,-103.94
7857.4,-103.88
7859.3,-103.81
7861.3,-103.76
7863.2,-103.74
7865.2,-103.76
7867.2,-103.84
7869.1,-103.94
7871.1,-104.06
7873,-104.17
7875,-104.24
7876.9,-104.29
7878.9,-104.29
7880.8,-104.27
7882.8,-104.22
7884.7,-104.16
7886.7,-104.1
7888.6,-104.04
7890.6,-103.98
7892.6,-103.94
7894.5,-103.91
7896.5,-103.88
7898.4,-103.86
7900.4,-103.84
7902.3,-103.83
7904.3,-103.82
7906.2,-103.82
7908.2,-103.83
7910.1,-103.83
7912.1,-103.83
7914,-103.83
7916,-103.83
7917.9,-103.84
7919.9,-103.87
7921.9,-103.9
7923.8,-103.94
7925.8,-103.97
7927.7,-103.99
7929.7,-103.99
7931.6,-103.96
7933.6,-103.89
7935.5,-103.8
7937.5,-103.68
7939.4,-103.56
7941.4,-103.46
7943.3,-103.4
7945.3,-103.39
7947.3,-103.42
7949.2,-103.48
7951.2,-103.54
7953.1,-103.59
7955.1,-103.61
7957,-103.62
7959,-103.62
7960.9,-103.63
7962.9,-103.66
7964.8,-103.7
7966.8,-103.75
7968.7,-103.78
7970.7,-103.82
7972.6,-103.87
7974.6,-103.95
7976.6,-104.06
7978.5,-104.2
7980.5,-104.34
7982.4,-104.48
7984.4,-104.58
7986.3,-104.65
7988.3,-104.69
7990.2,-104.75
7992.2,-104.83
7994.1,-104.93
7996.1,-105.04
7998,-105.13
8000,-105.16
