0,-71.347
1.9536,-71.198
3.9072,-70.827
5.8608,-70.402
7.8144,-70.077
9.768,-69.945
11.722,-70.041
13.675,-70.353
15.629,-70.822
17.582,-71.345
19.536,-71.793
21.49,-72.075
23.443,-72.194
25.397,-72.247
27.35,-72.354
29.304,-72.603
31.258,-73.027
33.211,-73.606
35.165,-74.271
37.118,-74.924
39.072,-75.474
41.026,-75.883
42.979,-76.183
44.933,-76.444
46.886,-76.734
48.84,-77.088
50.794,-77.495
52.747,-77.893
54.701,-78.166
56.654,-78.171
58.608,-77.821
60.562,-77.151
62.515,-76.305
64.469,-75.441
66.422,-74.679
68.376,-74.085
70.33,-73.687
72.283,-73.484
74.237,-73.447
76.19,-73.526
78.144,-73.66
80.098,-73.791
82.051,-73.893
84.005,-73.975
85.958,-74.076
87.912,-74.234
89.866,-74.462
91.819,-74.728
93.773,-74.958
95.726,-75.058
97.68,-74.965
99.634,-74.691
101.59,-74.315
103.54,-73.937
105.49,-73.635
107.45,-73.453
109.4,-73.407
111.36,-73.492
113.31,-73.688
115.26,-73.965
117.22,-74.289
119.17,-74.623
121.12,-74.936
123.08,-75.207
125.03,-75.434
126.98,-75.633
128.94,-75.836
130.89,-76.07
132.84,-76.352
134.8,-76.677
136.75,-77.021
138.71,-77.345
140.66,-77.61
142.61,-77.789
144.57,-77.878
146.52,-77.896
148.47,-77.871
150.43,-77.832
152.38,-77.803
154.33,-77.793
156.29,-77.805
158.24,-77.834
160.2,-77.874
162.15,-77.922
164.1,-77.973
166.06,-78.02
168.01,-78.046
169.96,-78.022
171.92,-77.909
173.87,-77.673
175.82,-77.297
177.78,-76.8
179.73,-76.232
181.68,-75.658
183.64,-75.14
185.59,-74.725
187.55,-74.437
189.5,-74.28
191.45,-74.234
193.41,-74.267
195.36,-74.331
197.31,-74.381
199.27,-74.378
201.22,-74.299
203.17,-74.135
205.13,-73.882
207.08,-73.544
209.04,-73.132
210.99,-72.664
212.94,-72.167
214.9,-71.665
216.85,-71.175
218.8,-70.706
220.76,-70.262
222.71,-69.845
224.66,-69.462
226.62,-69.128
228.57,-68.855
230.53,-68.649
232.48,-68.504
234.43,-68.401
236.39,-68.306
238.34,-68.184
240.29,-68.007
242.25,-67.765
244.2,-67.471
246.15,-67.154
248.11,-66.849
250.06,-66.594
252.01,-66.414
253.97,-66.326
255.92,-66.337
257.88,-66.445
259.83,-66.637
261.78,-66.896
263.74,-67.199
265.69,-67.52
267.64,-67.836
269.6,-68.134
271.55,-68.408
273.5,-68.659
275.46,-68.888
277.41,-69.096
279.37,-69.28
281.32,-69.432
283.27,-69.533
285.23,-69.555
287.18,-69.467
289.13,-69.256
291.09,-68.943
293.04,-68.588
294.99,-68.26
296.95,-68.021
298.9,-67.91
300.85,-67.943
302.81,-68.112
304.76,-68.395
306.72,-68.762
308.67,-69.181
310.62,-69.627
312.58,-70.092
314.53,-70.577
316.48,-71.092
318.44,-71.636
320.39,-72.183
322.34,-72.664
324.3,-72.963
326.25,-72.953
328.21,-72.572
330.16,-71.887
332.11,-71.048
334.07,-70.211
336.02,-69.485
337.97,-68.927
339.93,-68.555
341.88,-68.358
343.83,-68.305
345.79,-68.351
347.74,-68.441
349.69,-68.517
351.65,-68.515
353.6,-68.364
355.56,-68.004
357.51,-67.412
359.46,-66.624
361.42,-65.72
363.37,-64.782
365.32,-63.876
367.28,-63.038
369.23,-62.287
371.18,-61.632
373.14,-61.076
375.09,-60.625
377.05,-60.287
379,-60.069
380.95,-59.981
382.91,-60.03
384.86,-60.225
386.81,-60.573
388.77,-61.084
390.72,-61.766
392.67,-62.628
394.63,-63.673
396.58,-64.889
398.53,-66.231
400.49,-67.596
402.44,-68.802
404.4,-69.622
406.35,-69.933
408.3,-69.813
410.26,-69.467
412.21,-69.08
414.16,-68.766
416.12,-68.573
418.07,-68.508
420.02,-68.548
421.98,-68.656
423.93,-68.794
425.89,-68.938
427.84,-69.08
429.79,-69.208
431.75,-69.283
433.7,-69.219
435.65,-68.916
437.61,-68.32
439.56,-67.484
441.51,-66.533
443.47,-65.596
445.42,-64.767
447.37,-64.103
449.33,-63.629
451.28,-63.353
453.24,-63.271
455.19,-63.366
457.14,-63.616
459.1,-63.983
461.05,-64.415
463,-64.84
464.96,-65.175
466.91,-65.354
468.86,-65.366
470.82,-65.267
472.77,-65.15
474.73,-65.104
476.68,-65.184
478.63,-65.408
480.59,-65.75
482.54,-66.154
484.49,-66.542
486.45,-66.845
488.4,-67.032
490.35,-67.118
492.31,-67.145
494.26,-67.155
496.21,-67.176
498.17,-67.215
500.12,-67.27
502.08,-67.329
504.03,-67.378
505.98,-67.408
507.94,-67.417
509.89,-67.416
511.84,-67.426
513.8,-67.471
515.75,-67.568
517.7,-67.713
519.66,-67.87
521.61,-67.975
523.57,-67.945
525.52,-67.719
527.47,-67.302
529.43,-66.762
531.38,-66.188
533.33,-65.649
535.29,-65.175
537.24,-64.762
539.19,-64.384
541.15,-64.015
543.1,-63.647
545.05,-63.3
547.01,-63.015
548.96,-62.844
550.92,-62.826
552.87,-62.984
554.82,-63.311
556.78,-63.763
558.73,-64.254
560.68,-64.662
562.64,-64.869
564.59,-64.827
566.54,-64.589
568.5,-64.276
570.45,-64.007
572.41,-63.865
574.36,-63.887
576.31,-64.067
578.27,-64.351
580.22,-64.638
582.17,-64.81
584.13,-64.795
586.08,-64.621
588.03,-64.395
589.99,-64.237
591.94,-64.231
593.89,-64.412
595.85,-64.768
597.8,-65.237
599.76,-65.713
601.71,-66.066
603.66,-66.208
605.62,-66.144
607.57,-65.969
609.52,-65.8
611.48,-65.725
613.43,-65.793
615.38,-66.016
617.34,-66.384
619.29,-66.864
621.25,-67.4
623.2,-67.915
625.15,-68.319
627.11,-68.537
629.06,-68.547
631.01,-68.398
632.97,-68.19
634.92,-68.024
636.87,-67.981
638.83,-68.111
640.78,-68.438
642.74,-68.965
644.69,-69.679
646.64,-70.545
648.6,-71.507
650.55,-72.482
652.5,-73.368
654.46,-74.06
656.41,-74.49
658.36,-74.658
660.32,-74.625
662.27,-74.474
664.22,-74.287
666.18,-74.123
668.13,-74.021
670.09,-73.992
672.04,-74.015
673.99,-74.035
675.95,-73.973
677.9,-73.753
679.85,-73.34
681.81,-72.757
683.76,-72.068
685.71,-71.346
687.67,-70.654
689.62,-70.039
691.58,-69.531
693.53,-69.145
695.48,-68.875
697.44,-68.696
699.39,-68.561
701.34,-68.419
703.3,-68.229
705.25,-67.987
707.2,-67.73
709.16,-67.517
711.11,-67.408
713.06,-67.451
715.02,-67.674
716.97,-68.09
718.93,-68.701
720.88,-69.499
722.83,-70.469
724.79,-71.575
726.74,-72.745
728.69,-73.832
730.65,-74.624
732.6,-74.948
734.55,-74.827
736.51,-74.458
738.46,-74.039
740.42,-73.669
742.37,-73.355
744.32,-73.053
746.28,-72.713
748.23,-72.318
750.18,-71.891
752.14,-71.477
754.09,-71.116
756.04,-70.827
758,-70.61
759.95,-70.46
761.9,-70.379
763.86,-70.38
765.81,-70.481
767.77,-70.696
769.72,-71.023
771.67,-71.433
773.63,-71.868
775.58,-72.258
777.53,-72.54
779.49,-72.69
781.44,-72.729
783.39,-72.703
785.35,-72.658
787.3,-72.625
789.26,-72.613
791.21,-72.621
793.16,-72.65
795.12,-72.707
797.07,-72.809
799.02,-72.981
800.98,-73.248
802.93,-73.632
804.88,-74.148
806.84,-74.806
808.79,-75.604
810.74,-76.52
812.7,-77.488
814.65,-78.363
816.61,-78.909
818.56,-78.914
820.51,-78.383
822.47,-77.541
824.42,-76.636
826.37,-75.827
828.33,-75.194
830.28,-74.767
832.23,-74.551
834.19,-74.535
836.14,-74.684
838.1,-74.945
840.05,-75.242
842,-75.503
843.96,-75.682
845.91,-75.784
847.86,-75.854
849.82,-75.948
851.77,-76.102
853.72,-76.314
855.68,-76.541
857.63,-76.699
859.58,-76.694
861.54,-76.473
863.49,-76.064
865.45,-75.558
867.4,-75.062
869.35,-74.662
871.31,-74.412
873.26,-74.339
875.21,-74.451
877.17,-74.739
879.12,-75.172
881.07,-75.694
883.03,-76.212
884.98,-76.616
886.94,-76.821
888.89,-76.824
890.84,-76.712
892.8,-76.603
894.75,-76.595
896.7,-76.738
898.66,-77.034
900.61,-77.435
902.56,-77.851
904.52,-78.161
906.47,-78.27
908.42,-78.157
910.38,-77.882
912.33,-77.542
914.29,-77.225
916.24,-76.985
918.19,-76.847
920.15,-76.811
922.1,-76.856
924.05,-76.94
926.01,-77.001
927.96,-76.967
929.91,-76.775
931.87,-76.409
933.82,-75.908
935.78,-75.356
937.73,-74.844
939.68,-74.445
941.64,-74.202
943.59,-74.13
945.54,-74.216
947.5,-74.423
949.45,-74.695
951.4,-74.968
953.36,-75.189
955.31,-75.317
957.26,-75.311
959.22,-75.117
961.17,-74.68
963.13,-73.998
965.08,-73.146
967.03,-72.253
968.99,-71.446
970.94,-70.819
972.89,-70.43
974.85,-70.311
976.8,-70.478
978.75,-70.933
980.71,-71.664
982.66,-72.642
984.62,-73.807
986.57,-75.044
988.52,-76.164
990.48,-76.923
992.43,-77.151
994.38,-76.882
996.34,-76.313
998.29,-75.647
1000.2,-75.02
1002.2,-74.501
1004.2,-74.114
1006.1,-73.854
1008.1,-73.689
1010,-73.576
1012,-73.467
1013.9,-73.331
1015.9,-73.169
1017.8,-73.012
1019.8,-72.907
1021.7,-72.904
1023.7,-73.042
1025.6,-73.342
1027.6,-73.801
1029.5,-74.388
1031.5,-75.025
1033.5,-75.58
1035.4,-75.874
1037.4,-75.762
1039.3,-75.234
1041.3,-74.424
1043.2,-73.512
1045.2,-72.642
1047.1,-71.901
1049.1,-71.339
1051,-70.974
1053,-70.806
1054.9,-70.82
1056.9,-70.983
1058.9,-71.247
1060.8,-71.553
1062.8,-71.844
1064.7,-72.08
1066.7,-72.245
1068.6,-72.345
1070.6,-72.391
1072.5,-72.388
1074.5,-72.332
1076.4,-72.224
1078.4,-72.077
1080.3,-71.923
1082.3,-71.797
1084.2,-71.736
1086.2,-71.751
1088.2,-71.825
1090.1,-71.896
1092.1,-71.867
1094,-71.641
1096,-71.184
1097.9,-70.551
1099.9,-69.853
1101.8,-69.196
1103.8,-68.659
1105.7,-68.288
1107.7,-68.11
1109.6,-68.134
1111.6,-68.357
1113.6,-68.76
1115.5,-69.289
1117.5,-69.845
1119.4,-70.278
1121.4,-70.435
1123.3,-70.266
1125.3,-69.863
1127.2,-69.395
1129.2,-69.01
1131.1,-68.801
1133.1,-68.813
1135,-69.065
1137,-69.555
1138.9,-70.27
1140.9,-71.183
1142.9,-72.255
1144.8,-73.429
1146.8,-74.62
1148.7,-75.725
1150.7,-76.621
1152.6,-77.193
1154.6,-77.354
1156.5,-77.076
1158.5,-76.416
1160.4,-75.507
1162.4,-74.512
1164.3,-73.572
1166.3,-72.782
1168.3,-72.194
1170.2,-71.828
1172.2,-71.671
1174.1,-71.679
1176.1,-71.758
1178,-71.763
1180,-71.531
1181.9,-70.966
1183.9,-70.119
1185.8,-69.139
1187.8,-68.178
1189.7,-67.343
1191.7,-66.692
1193.7,-66.251
1195.6,-66.027
1197.6,-66.013
1199.5,-66.185
1201.5,-66.504
1203.4,-66.908
1205.4,-67.321
1207.3,-67.671
1209.3,-67.92
1211.2,-68.089
1213.2,-68.241
1215.1,-68.453
1217.1,-68.783
1219,-69.262
1221,-69.884
1223,-70.619
1224.9,-71.413
1226.9,-72.204
1228.8,-72.943
1230.8,-73.593
1232.7,-74.126
1234.7,-74.492
1236.6,-74.617
1238.6,-74.439
1240.5,-73.97
1242.5,-73.302
1244.4,-72.567
1246.4,-71.878
1248.4,-71.305
1250.3,-70.877
1252.3,-70.585
1254.2,-70.389
1256.2,-70.221
1258.1,-70.001
1260.1,-69.657
1262,-69.161
1264,-68.534
1265.9,-67.831
1267.9,-67.113
1269.8,-66.43
1271.8,-65.822
1273.7,-65.319
1275.7,-64.951
1277.7,-64.744
1279.6,-64.72
1281.6,-64.899
1283.5,-65.294
1285.5,-65.904
1287.4,-66.716
1289.4,-67.688
1291.3,-68.743
1293.3,-69.768
1295.2,-70.637
1297.2,-71.28
1299.1,-71.725
1301.1,-72.071
1303.1,-72.411
1305,-72.781
1307,-73.145
1308.9,-73.41
1310.9,-73.47
1312.8,-73.267
1314.8,-72.82
1316.7,-72.203
1318.7,-71.494
1320.6,-70.758
1322.6,-70.046
1324.5,-69.401
1326.5,-68.863
1328.4,-68.459
1330.4,-68.203
1332.4,-68.093
1334.3,-68.106
1336.3,-68.202
1338.2,-68.337
1340.2,-68.473
1342.1,-68.595
1344.1,-68.724
1346,-68.899
1348,-69.168
1349.9,-69.569
1351.9,-70.118
1353.8,-70.798
1355.8,-71.551
1357.8,-72.277
1359.7,-72.869
1361.7,-73.271
1363.6,-73.524
1365.6,-73.735
1367.5,-74.009
1369.5,-74.399
1371.4,-74.893
1373.4,-75.417
1375.3,-75.86
1377.3,-76.139
1379.2,-76.259
1381.2,-76.309
1383.2,-76.391
1385.1,-76.558
1387.1,-76.766
1389,-76.859
1391,-76.621
1392.9,-75.939
1394.9,-74.922
1396.8,-73.797
1398.8,-72.748
1400.7,-71.869
1402.7,-71.183
1404.6,-70.667
1406.6,-70.261
1408.5,-69.884
1410.5,-69.456
1412.5,-68.933
1414.4,-68.334
1416.4,-67.73
1418.3,-67.201
1420.3,-66.819
1422.2,-66.628
1424.2,-66.652
1426.1,-66.9
1428.1,-67.373
1430,-68.066
1432,-68.977
1433.9,-70.1
1435.9,-71.425
1437.9,-72.927
1439.8,-74.537
1441.8,-76.117
1443.7,-77.445
1445.7,-78.314
1447.6,-78.688
1449.6,-78.717
1451.5,-78.576
1453.5,-78.361
1455.4,-78.098
1457.4,-77.79
1459.3,-77.451
1461.3,-77.109
1463.2,-76.799
1465.2,-76.555
1467.2,-76.406
1469.1,-76.38
1471.1,-76.498
1473,-76.759
1475,-77.087
1476.9,-77.235
1478.9,-76.779
1480.8,-75.476
1482.8,-73.608
1484.7,-71.636
1486.7,-69.844
1488.6,-68.341
1490.6,-67.155
1492.6,-66.282
1494.5,-65.709
1496.5,-65.42
1498.4,-65.397
1500.4,-65.62
1502.3,-66.063
1504.3,-66.697
1506.2,-67.481
1508.2,-68.371
1510.1,-69.321
1512.1,-70.284
1514,-71.21
1516,-72.032
1517.9,-72.668
1519.9,-73.043
1521.9,-73.142
1523.8,-73.033
1525.8,-72.825
1527.7,-72.612
1529.7,-72.441
1531.6,-72.314
1533.6,-72.212
1535.5,-72.112
1537.5,-72.013
1539.4,-71.932
1541.4,-71.889
1543.3,-71.88
1545.3,-71.856
1547.3,-71.727
1549.2,-71.407
1551.2,-70.873
1553.1,-70.194
1555.1,-69.479
1557,-68.822
1559,-68.28
1560.9,-67.873
1562.9,-67.608
1564.8,-67.483
1566.8,-67.501
1568.7,-67.672
1570.7,-68.012
1572.6,-68.534
1574.6,-69.245
1576.6,-70.131
1578.5,-71.155
1580.5,-72.24
1582.4,-73.278
1584.4,-74.143
1586.3,-74.733
1588.3,-75.002
1590.2,-74.953
1592.2,-74.622
1594.1,-74.073
1596.1,-73.387
1598,-72.643
1600,-71.907
1602,-71.221
1603.9,-70.612
1605.9,-70.094
1607.8,-69.68
1609.8,-69.382
1611.7,-69.211
1613.7,-69.178
1615.6,-69.288
1617.6,-69.531
1619.5,-69.878
1621.5,-70.268
1623.4,-70.612
1625.4,-70.814
1627.4,-70.819
1629.3,-70.641
1631.3,-70.344
1633.2,-70
1635.2,-69.665
1637.1,-69.372
1639.1,-69.148
1641,-69.018
1643,-69.001
1644.9,-69.104
1646.9,-69.311
1648.8,-69.582
1650.8,-69.867
1652.7,-70.126
1654.7,-70.359
1656.7,-70.611
1658.6,-70.956
1660.6,-71.456
1662.5,-72.136
1664.5,-72.943
1666.4,-73.684
1668.4,-74.031
1670.3,-73.736
1672.3,-72.923
1674.2,-71.941
1676.2,-71.068
1678.1,-70.439
1680.1,-70.104
1682.1,-70.077
1684,-70.355
1686,-70.924
1687.9,-71.727
1689.9,-72.602
1691.8,-73.17
1693.8,-72.936
1695.7,-71.829
1697.7,-70.312
1699.6,-68.829
1701.6,-67.589
1703.5,-66.65
1705.5,-66.008
1707.4,-65.632
1709.4,-65.47
1711.4,-65.462
1713.3,-65.541
1715.3,-65.653
1717.2,-65.771
1719.2,-65.897
1721.1,-66.057
1723.1,-66.279
1725,-66.58
1727,-66.96
1728.9,-67.403
1730.9,-67.882
1732.8,-68.367
1734.8,-68.832
1736.8,-69.267
1738.7,-69.683
1740.7,-70.108
1742.6,-70.577
1744.6,-71.102
1746.5,-71.65
1748.5,-72.114
1750.4,-72.326
1752.4,-72.16
1754.3,-71.642
1756.3,-70.935
1758.2,-70.214
1760.2,-69.592
1762.1,-69.12
1764.1,-68.802
1766.1,-68.622
1768,-68.551
1770,-68.552
1771.9,-68.59
1773.9,-68.634
1775.8,-68.665
1777.8,-68.676
1779.7,-68.666
1781.7,-68.637
1783.6,-68.588
1785.6,-68.511
1787.5,-68.398
1789.5,-68.242
1791.5,-68.05
1793.4,-67.837
1795.4,-67.632
1797.3,-67.465
1799.3,-67.371
1801.2,-67.38
1803.2,-67.521
1805.1,-67.816
1807.1,-68.276
1809,-68.902
1811,-69.667
1812.9,-70.505
1814.9,-71.292
1816.8,-71.847
1818.8,-72.005
1820.8,-71.728
1822.7,-71.129
1824.7,-70.375
1826.6,-69.602
1828.6,-68.897
1830.5,-68.315
1832.5,-67.892
1834.4,-67.65
1836.4,-67.602
1838.3,-67.734
1840.3,-68.002
1842.2,-68.307
1844.2,-68.506
1846.2,-68.459
1848.1,-68.129
1850.1,-67.613
1852,-67.07
1854,-66.635
1855.9,-66.393
1857.9,-66.386
1859.8,-66.63
1861.8,-67.123
1863.7,-67.841
1865.7,-68.732
1867.6,-69.701
1869.6,-70.606
1871.6,-71.294
1873.5,-71.679
1875.5,-71.797
1877.4,-71.762
1879.4,-71.686
1881.3,-71.639
1883.3,-71.656
1885.2,-71.751
1887.2,-71.927
1889.1,-72.17
1891.1,-72.431
1893,-72.622
1895,-72.631
1896.9,-72.384
1898.9,-71.897
1900.9,-71.265
1902.8,-70.605
1904.8,-70.009
1906.7,-69.538
1908.7,-69.222
1910.6,-69.065
1912.6,-69.047
1914.5,-69.116
1916.5,-69.182
1918.4,-69.134
1920.4,-68.88
1922.3,-68.398
1924.3,-67.753
1926.3,-67.051
1928.2,-66.391
1930.2,-65.845
1932.1,-65.454
1934.1,-65.236
1936,-65.193
1938,-65.314
1939.9,-65.572
1941.9,-65.925
1943.8,-66.312
1945.8,-66.662
1947.7,-66.901
1949.7,-66.974
1951.6,-66.862
1953.6,-66.584
1955.6,-66.183
1957.5,-65.708
1959.5,-65.2
1961.4,-64.697
1963.4,-64.232
1965.3,-63.833
1967.3,-63.52
1969.2,-63.307
1971.2,-63.199
1973.1,-63.196
1975.1,-63.293
1977,-63.49
1979,-63.791
1981,-64.206
1982.9,-64.746
1984.9,-65.421
1986.8,-66.232
1988.8,-67.162
1990.7,-68.175
1992.7,-69.219
1994.6,-70.236
1996.6,-71.194
1998.5,-72.105
2000.5,-73.024
2002.4,-74.026
2004.4,-75.173
2006.3,-76.488
2008.3,-77.922
2010.3,-79.31
2012.2,-80.36
2014.2,-80.807
2016.1,-80.645
2018.1,-80.08
2020,-79.277
2022,-78.281
2023.9,-77.1
2025.9,-75.78
2027.8,-74.412
2029.8,-73.095
2031.7,-71.907
2033.7,-70.895
2035.7,-70.08
2037.6,-69.466
2039.6,-69.044
2041.5,-68.795
2043.5,-68.701
2045.4,-68.749
2047.4,-68.933
2049.3,-69.261
2051.3,-69.743
2053.2,-70.374
2055.2,-71.101
2057.1,-71.765
2059.1,-72.094
2061.1,-71.851
2063,-71.082
2065,-70.066
2066.9,-69.063
2068.9,-68.211
2070.8,-67.553
2072.8,-67.082
2074.7,-66.771
2076.7,-66.582
2078.6,-66.481
2080.6,-66.444
2082.5,-66.461
2084.5,-66.539
2086.4,-66.697
2088.4,-66.956
2090.4,-67.332
2092.3,-67.827
2094.3,-68.42
2096.2,-69.054
2098.2,-69.644
2100.1,-70.098
2102.1,-70.372
2104,-70.493
2106,-70.548
2107.9,-70.626
2109.9,-70.782
2111.8,-71.029
2113.8,-71.345
2115.8,-71.692
2117.7,-72.031
2119.7,-72.33
2121.6,-72.561
2123.6,-72.685
2125.5,-72.642
2127.5,-72.372
2129.4,-71.859
2131.4,-71.156
2133.3,-70.358
2135.3,-69.567
2137.2,-68.867
2139.2,-68.316
2141.1,-67.953
2143.1,-67.801
2145.1,-67.866
2147,-68.136
2149,-68.572
2150.9,-69.096
2152.9,-69.596
2154.8,-69.943
2156.8,-70.054
2158.7,-69.934
2160.7,-69.664
2162.6,-69.343
2164.6,-69.057
2166.5,-68.87
2168.5,-68.832
2170.5,-68.988
2172.4,-69.385
2174.4,-70.065
2176.3,-71.068
2178.3,-72.409
2180.2,-73.975
2182.2,-75.253
2184.1,-75.237
2186.1,-73.731
2188,-71.704
2190,-69.827
2191.9,-68.285
2193.9,-67.091
2195.8,-66.22
2197.8,-65.642
2199.8,-65.317
2201.7,-65.199
2203.7,-65.224
2205.6,-65.313
2207.6,-65.393
2209.5,-65.417
2211.5,-65.393
2213.4,-65.368
2215.4,-65.407
2217.3,-65.562
2219.3,-65.859
2221.2,-66.297
2223.2,-66.851
2225.2,-67.484
2227.1,-68.162
2229.1,-68.866
2231,-69.604
2233,-70.389
2234.9,-71.212
2236.9,-72.005
2238.8,-72.615
2240.8,-72.861
2242.7,-72.684
2244.7,-72.215
2246.6,-71.66
2248.6,-71.183
2250.5,-70.867
2252.5,-70.735
2254.5,-70.775
2256.4,-70.949
2258.4,-71.194
2260.3,-71.434
2262.3,-71.592
2264.2,-71.622
2266.2,-71.526
2268.1,-71.352
2270.1,-71.165
2272,-71.017
2274,-70.93
2275.9,-70.9
2277.9,-70.9
2279.9,-70.896
2281.8,-70.863
2283.8,-70.793
2285.7,-70.687
2287.7,-70.55
2289.6,-70.38
2291.6,-70.164
2293.5,-69.891
2295.5,-69.561
2297.4,-69.189
2299.4,-68.8
2301.3,-68.428
2303.3,-68.106
2305.3,-67.867
2307.2,-67.742
2309.2,-67.758
2311.1,-67.936
2313.1,-68.287
2315,-68.809
2317,-69.48
2318.9,-70.253
2320.9,-71.052
2322.8,-71.776
2324.8,-72.319
2326.7,-72.603
2328.7,-72.595
2330.6,-72.305
2332.6,-71.777
2334.6,-71.082
2336.5,-70.316
2338.5,-69.571
2340.4,-68.926
2342.4,-68.432
2344.3,-68.119
2346.3,-68.004
2348.2,-68.091
2350.2,-68.378
2352.1,-68.857
2354.1,-69.51
2356,-70.302
2358,-71.167
2360,-72.004
2361.9,-72.685
2363.9,-73.1
2365.8,-73.219
2367.8,-73.11
2369.7,-72.89
2371.7,-72.669
2373.6,-72.523
2375.6,-72.485
2377.5,-72.552
2379.5,-72.684
2381.4,-72.804
2383.4,-72.813
2385.3,-72.632
2387.3,-72.246
2389.3,-71.711
2391.2,-71.12
2393.2,-70.556
2395.1,-70.083
2397.1,-69.741
2399,-69.556
2401,-69.544
2402.9,-69.714
2404.9,-70.066
2406.8,-70.589
2408.8,-71.243
2410.7,-71.953
2412.7,-72.593
2414.7,-73.014
2416.6,-73.116
2418.6,-72.925
2420.5,-72.573
2422.5,-72.21
2424.4,-71.948
2426.4,-71.854
2428.3,-71.963
2430.3,-72.29
2432.2,-72.829
2434.2,-73.547
2436.1,-74.36
2438.1,-75.101
2440,-75.521
2442,-75.409
2444,-74.779
2445.9,-73.856
2447.9,-72.88
2449.8,-72.004
2451.8,-71.308
2453.7,-70.826
2455.7,-70.573
2457.6,-70.557
2459.6,-70.777
2461.5,-71.226
2463.5,-71.888
2465.4,-72.72
2467.4,-73.635
2469.4,-74.482
2471.3,-75.068
2473.3,-75.264
2475.2,-75.115
2477.2,-74.789
2479.1,-74.453
2481.1,-74.211
2483,-74.103
2485,-74.137
2486.9,-74.3
2488.9,-74.573
2490.8,-74.928
2492.8,-75.339
2494.7,-75.769
2496.7,-76.166
2498.7,-76.445
2500.6,-76.488
2502.6,-76.187
2504.5,-75.529
2506.5,-74.626
2508.4,-73.637
2510.4,-72.696
2512.3,-71.881
2514.3,-71.224
2516.2,-70.73
2518.2,-70.392
2520.1,-70.196
2522.1,-70.134
2524.1,-70.201
2526,-70.391
2528,-70.692
2529.9,-71.081
2531.9,-71.52
2533.8,-71.963
2535.8,-72.377
2537.7,-72.757
2539.7,-73.118
2541.6,-73.474
2543.6,-73.808
2545.5,-74.057
2547.5,-74.138
2549.5,-73.998
2551.4,-73.671
2553.4,-73.265
2555.3,-72.903
2557.3,-72.682
2559.2,-72.657
2561.2,-72.842
2563.1,-73.193
2565.1,-73.583
2567,-73.786
2569,-73.567
2570.9,-72.875
2572.9,-71.898
2574.8,-70.882
2576.8,-70.001
2578.8,-69.339
2580.7,-68.93
2582.7,-68.775
2584.6,-68.861
2586.6,-69.159
2588.5,-69.626
2590.5,-70.203
2592.4,-70.824
2594.4,-71.418
2596.3,-71.923
2598.3,-72.298
2600.2,-72.533
2602.2,-72.648
2604.2,-72.691
2606.1,-72.722
2608.1,-72.796
2610,-72.952
2612,-73.214
2613.9,-73.59
2615.9,-74.069
2617.8,-74.622
2619.8,-75.187
2621.7,-75.664
2623.7,-75.925
2625.6,-75.878
2627.6,-75.534
2629.5,-75.008
2631.5,-74.442
2633.5,-73.937
2635.4,-73.536
2637.4,-73.231
2639.3,-72.978
2641.3,-72.721
2643.2,-72.416
2645.2,-72.053
2647.1,-71.655
2649.1,-71.261
2651,-70.912
2653,-70.635
2654.9,-70.437
2656.9,-70.31
2658.9,-70.222
2660.8,-70.126
2662.8,-69.964
2664.7,-69.694
2666.7,-69.311
2668.6,-68.858
2670.6,-68.403
2672.5,-68.017
2674.5,-67.755
2676.4,-67.653
2678.4,-67.727
2680.3,-67.976
2682.3,-68.383
2684.2,-68.908
2686.2,-69.481
2688.2,-69.999
2690.1,-70.336
2692.1,-70.394
2694,-70.171
2696,-69.764
2697.9,-69.314
2699.9,-68.946
2701.8,-68.745
2703.8,-68.761
2705.7,-69.023
2707.7,-69.535
2709.6,-70.274
2711.6,-71.165
2713.6,-72.032
2715.5,-72.587
2717.5,-72.56
2719.4,-71.955
2721.4,-71.036
2723.3,-70.073
2725.3,-69.22
2727.2,-68.54
2729.2,-68.054
2731.1,-67.762
2733.1,-67.654
2735,-67.706
2737,-67.877
2738.9,-68.106
2740.9,-68.314
2742.9,-68.428
2744.8,-68.418
2746.8,-68.313
2748.7,-68.188
2750.7,-68.126
2752.6,-68.191
2754.6,-68.417
2756.5,-68.806
2758.5,-69.32
2760.4,-69.884
2762.4,-70.387
2764.3,-70.711
2766.3,-70.78
2768.3,-70.6
2770.2,-70.244
2772.2,-69.815
2774.1,-69.406
2776.1,-69.093
2778,-68.929
2780,-68.95
2781.9,-69.174
2783.9,-69.601
2785.8,-70.202
2787.8,-70.91
2789.7,-71.613
2791.7,-72.164
2793.7,-72.454
2795.6,-72.485
2797.6,-72.365
2799.5,-72.227
2801.5,-72.171
2803.4,-72.243
2805.4,-72.451
2807.3,-72.768
2809.3,-73.135
2811.2,-73.448
2813.2,-73.553
2815.1,-73.287
2817.1,-72.58
2819,-71.525
2821,-70.308
2823,-69.102
2824.9,-68.022
2826.9,-67.129
2828.8,-66.455
2830.8,-66.009
2832.7,-65.787
2834.7,-65.77
2836.6,-65.924
2838.6,-66.187
2840.5,-66.472
2842.5,-66.681
2844.4,-66.745
2846.4,-66.667
2848.4,-66.517
2850.3,-66.39
2852.3,-66.368
2854.2,-66.496
2856.2,-66.786
2858.1,-67.215
2860.1,-67.739
2862,-68.304
2864,-68.879
2865.9,-69.473
2867.9,-70.142
2869.8,-70.972
2871.8,-72.046
2873.7,-73.42
2875.7,-75.039
2877.7,-76.538
2879.6,-77.059
2881.6,-76.125
2883.5,-74.459
2885.5,-72.808
2887.4,-71.433
2889.4,-70.373
2891.3,-69.603
2893.3,-69.09
2895.2,-68.793
2897.2,-68.669
2899.1,-68.666
2901.1,-68.726
2903.1,-68.8
2905,-68.861
2907,-68.918
2908.9,-69.003
2910.9,-69.164
2912.8,-69.438
2914.8,-69.846
2916.7,-70.376
2918.7,-70.98
2920.6,-71.566
2922.6,-72.001
2924.5,-72.158
2926.5,-71.995
2928.4,-71.581
2930.4,-71.046
2932.4,-70.514
2934.3,-70.073
2936.3,-69.777
2938.2,-69.658
2940.2,-69.738
2942.1,-70.033
2944.1,-70.553
2946,-71.3
2948,-72.265
2949.9,-73.413
2951.9,-74.661
2953.8,-75.84
2955.8,-76.688
2957.8,-76.963
2959.7,-76.655
2961.7,-75.998
2963.6,-75.261
2965.6,-74.613
2967.5,-74.132
2969.5,-73.838
2971.4,-73.706
2973.4,-73.688
2975.3,-73.712
2977.3,-73.7
2979.2,-73.59
2981.2,-73.348
2983.2,-72.96
2985.1,-72.43
2987.1,-71.772
2989,-71.025
2991,-70.249
2992.9,-69.511
2994.9,-68.87
2996.8,-68.364
2998.8,-68.015
3000.7,-67.826
3002.7,-67.793
3004.6,-67.906
3006.6,-68.151
3008.5,-68.51
3010.5,-68.965
3012.5,-69.498
3014.4,-70.096
3016.4,-70.757
3018.3,-71.481
3020.3,-72.258
3022.2,-73.036
3024.2,-73.692
3026.1,-74.045
3028.1,-73.968
3030,-73.516
3032,-72.888
3033.9,-72.29
3035.9,-71.858
3037.9,-71.665
3039.8,-71.749
3041.8,-72.129
3043.7,-72.807
3045.7,-73.753
3047.6,-74.844
3049.6,-75.76
3051.5,-75.987
3053.5,-75.266
3055.4,-73.945
3057.4,-72.509
3059.3,-71.218
3061.3,-70.163
3063.2,-69.365
3065.2,-68.821
3067.2,-68.522
3069.1,-68.456
3071.1,-68.606
3073,-68.948
3075,-69.442
3076.9,-70.027
3078.9,-70.609
3080.8,-71.066
3082.8,-71.274
3084.7,-71.175
3086.7,-70.817
3088.6,-70.315
3090.6,-69.785
3092.6,-69.302
3094.5,-68.894
3096.5,-68.558
3098.4,-68.274
3100.4,-68.023
3102.3,-67.801
3104.3,-67.62
3106.2,-67.504
3108.2,-67.48
3110.1,-67.569
3112.1,-67.779
3114,-68.11
3116,-68.546
3117.9,-69.07
3119.9,-69.661
3121.9,-70.304
3123.8,-70.991
3125.8,-71.714
3127.7,-72.445
3129.7,-73.126
3131.6,-73.655
3133.6,-73.916
3135.5,-73.852
3137.5,-73.505
3139.4,-72.977
3141.4,-72.367
3143.3,-71.733
3145.3,-71.101
3147.3,-70.478
3149.2,-69.87
3151.2,-69.29
3153.1,-68.757
3155.1,-68.296
3157,-67.931
3159,-67.685
3160.9,-67.578
3162.9,-67.626
3164.8,-67.841
3166.8,-68.23
3168.7,-68.788
3170.7,-69.497
3172.6,-70.31
3174.6,-71.14
3176.6,-71.852
3178.5,-72.29
3180.5,-72.35
3182.4,-72.038
3184.4,-71.458
3186.3,-70.732
3188.3,-69.954
3190.2,-69.186
3192.2,-68.466
3194.1,-67.822
3196.1,-67.274
3198,-66.845
3200,-66.553
3202,-66.412
3203.9,-66.433
3205.9,-66.615
3207.8,-66.947
3209.8,-67.404
3211.7,-67.95
3213.7,-68.539
3215.6,-69.13
3217.6,-69.695
3219.5,-70.231
3221.5,-70.752
3223.4,-71.279
3225.4,-71.825
3227.4,-72.376
3229.3,-72.888
3231.3,-73.289
3233.2,-73.494
3235.2,-73.452
3237.1,-73.168
3239.1,-72.701
3241,-72.119
3243,-71.482
3244.9,-70.833
3246.9,-70.207
3248.8,-69.633
3250.8,-69.136
3252.7,-68.733
3254.7,-68.433
3256.7,-68.24
3258.6,-68.154
3260.6,-68.174
3262.5,-68.303
3264.5,-68.544
3266.4,-68.904
3268.4,-69.382
3270.3,-69.974
3272.3,-70.656
3274.2,-71.382
3276.2,-72.069
3278.1,-72.591
3280.1,-72.811
3282.1,-72.651
3284,-72.167
3286,-71.515
3287.9,-70.861
3289.9,-70.325
3291.8,-69.977
3293.8,-69.844
3295.7,-69.924
3297.7,-70.193
3299.6,-70.604
3301.6,-71.088
3303.5,-71.568
3305.5,-71.968
3307.4,-72.239
3309.4,-72.368
3311.4,-72.361
3313.3,-72.232
3315.3,-71.985
3317.2,-71.623
3319.2,-71.154
3321.1,-70.602
3323.1,-70.009
3325,-69.423
3327,-68.889
3328.9,-68.441
3330.9,-68.098
3332.8,-67.858
3334.8,-67.703
3336.8,-67.597
3338.7,-67.497
3340.7,-67.368
3342.6,-67.195
3344.6,-66.994
3346.5,-66.799
3348.5,-66.646
3350.4,-66.558
3352.4,-66.542
3354.3,-66.591
3356.3,-66.689
3358.2,-66.824
3360.2,-66.995
3362.1,-67.219
3364.1,-67.522
3366.1,-67.935
3368,-68.485
3370,-69.19
3371.9,-70.05
3373.9,-71.037
3375.8,-72.081
3377.8,-73.045
3379.7,-73.746
3381.7,-74.038
3383.6,-73.918
3385.6,-73.521
3387.5,-73.005
3389.5,-72.467
3391.5,-71.944
3393.4,-71.433
3395.4,-70.92
3397.3,-70.397
3399.3,-69.878
3401.2,-69.395
3403.2,-68.99
3405.1,-68.704
3407.1,-68.57
3409,-68.603
3411,-68.803
3412.9,-69.15
3414.9,-69.602
3416.8,-70.099
3418.8,-70.578
3420.8,-70.996
3422.7,-71.343
3424.7,-71.647
3426.6,-71.955
3428.6,-72.306
3430.5,-72.721
3432.5,-73.194
3434.4,-73.688
3436.4,-74.141
3438.3,-74.476
3440.3,-74.637
3442.2,-74.619
3444.2,-74.474
3446.2,-74.28
3448.1,-74.109
3450.1,-74.004
3452,-73.973
3454,-74
3455.9,-74.045
3457.9,-74.058
3459.8,-73.978
3461.8,-73.753
3463.7,-73.349
3465.7,-72.767
3467.6,-72.045
3469.6,-71.245
3471.6,-70.431
3473.5,-69.656
3475.5,-68.958
3477.4,-68.364
3479.4,-67.893
3481.3,-67.559
3483.3,-67.377
3485.2,-67.357
3487.2,-67.504
3489.1,-67.818
3491.1,-68.29
3493,-68.901
3495,-69.617
3496.9,-70.401
3498.9,-71.211
3500.9,-72.01
3502.8,-72.767
3504.8,-73.443
3506.7,-73.984
3508.7,-74.319
3510.6,-74.395
3512.6,-74.203
3514.5,-73.787
3516.5,-73.213
3518.4,-72.544
3520.4,-71.831
3522.3,-71.123
3524.3,-70.469
3526.3,-69.918
3528.2,-69.513
3530.2,-69.281
3532.1,-69.232
3534.1,-69.349
3536,-69.58
3538,-69.838
3539.9,-70.005
3541.9,-69.979
3543.8,-69.728
3545.8,-69.306
3547.7,-68.812
3549.7,-68.337
3551.6,-67.942
3553.6,-67.651
3555.6,-67.457
3557.5,-67.327
3559.5,-67.203
3561.4,-67.018
3563.4,-66.726
3565.3,-66.321
3567.3,-65.848
3569.2,-65.376
3571.2,-64.974
3573.1,-64.694
3575.1,-64.569
3577,-64.617
3579,-64.843
3581,-65.241
3582.9,-65.795
3584.9,-66.471
3586.8,-67.209
3588.8,-67.925
3590.7,-68.513
3592.7,-68.881
3594.6,-68.999
3596.6,-68.915
3598.5,-68.721
3600.5,-68.507
3602.4,-68.333
3604.4,-68.226
3606.3,-68.183
3608.3,-68.182
3610.3,-68.192
3612.2,-68.185
3614.2,-68.148
3616.1,-68.086
3618.1,-68.016
3620,-67.966
3622,-67.963
3623.9,-68.032
3625.9,-68.187
3627.8,-68.427
3629.8,-68.726
3631.7,-69.028
3633.7,-69.256
3635.7,-69.339
3637.6,-69.262
3639.6,-69.081
3641.5,-68.898
3643.5,-68.812
3645.4,-68.895
3647.4,-69.176
3649.3,-69.632
3651.3,-70.165
3653.2,-70.584
3655.2,-70.651
3657.1,-70.247
3659.1,-69.473
3661.1,-68.536
3663,-67.602
3665,-66.746
3666.9,-65.992
3668.9,-65.337
3670.8,-64.772
3672.8,-64.295
3674.7,-63.907
3676.7,-63.612
3678.6,-63.412
3680.6,-63.309
3682.5,-63.296
3684.5,-63.368
3686.4,-63.515
3688.4,-63.729
3690.4,-63.996
3692.3,-64.297
3694.3,-64.609
3696.2,-64.907
3698.2,-65.177
3700.1,-65.416
3702.1,-65.633
3704,-65.838
3706,-66.034
3707.9,-66.213
3709.9,-66.363
3711.8,-66.478
3713.8,-66.566
3715.8,-66.644
3717.7,-66.733
3719.7,-66.846
3721.6,-66.972
3723.6,-67.078
3725.5,-67.105
3727.5,-66.993
3729.4,-66.708
3731.4,-66.271
3733.3,-65.751
3735.3,-65.231
3737.2,-64.783
3739.2,-64.454
3741.1,-64.27
3743.1,-64.241
3745.1,-64.367
3747,-64.644
3749,-65.064
3750.9,-65.616
3752.9,-66.286
3754.8,-67.053
3756.8,-67.887
3758.7,-68.741
3760.7,-69.55
3762.6,-70.228
3764.6,-70.684
3766.5,-70.855
3768.5,-70.733
3770.5,-70.37
3772.4,-69.843
3774.4,-69.222
3776.3,-68.544
3778.3,-67.831
3780.2,-67.095
3782.2,-66.353
3784.1,-65.634
3786.1,-64.969
3788,-64.384
3790,-63.896
3791.9,-63.506
3793.9,-63.205
3795.8,-62.974
3797.8,-62.788
3799.8,-62.625
3801.7,-62.468
3803.7,-62.309
3805.6,-62.156
3807.6,-62.02
3809.5,-61.919
3811.5,-61.869
3813.4,-61.879
3815.4,-61.953
3817.3,-62.09
3819.3,-62.288
3821.2,-62.544
3823.2,-62.855
3825.2,-63.215
3827.1,-63.616
3829.1,-64.047
3831,-64.498
3833,-64.96
3834.9,-65.428
3836.9,-65.894
3838.8,-66.345
3840.8,-66.759
3842.7,-67.107
3844.7,-67.369
3846.6,-67.541
3848.6,-67.638
3850.5,-67.686
3852.5,-67.716
3854.5,-67.751
3856.4,-67.815
3858.4,-67.933
3860.3,-68.139
3862.3,-68.464
3864.2,-68.933
3866.2,-69.537
3868.1,-70.202
3870.1,-70.762
3872,-70.972
3874,-70.679
3875.9,-69.968
3877.9,-69.074
3879.9,-68.194
3881.8,-67.425
3883.8,-66.79
3885.7,-66.27
3887.7,-65.831
3889.6,-65.443
3891.6,-65.084
3893.5,-64.75
3895.5,-64.446
3897.4,-64.185
3899.4,-63.982
3901.3,-63.847
3903.3,-63.791
3905.3,-63.821
3907.2,-63.938
3909.2,-64.135
3911.1,-64.39
3913.1,-64.662
3915,-64.897
3917,-65.034
3918.9,-65.028
3920.9,-64.866
3922.8,-64.567
3924.8,-64.174
3926.7,-63.735
3928.7,-63.29
3930.6,-62.871
3932.6,-62.498
3934.6,-62.183
3936.5,-61.933
3938.5,-61.746
3940.4,-61.618
3942.4,-61.544
3944.3,-61.521
3946.3,-61.554
3948.2,-61.655
3950.2,-61.84
3952.1,-62.124
3954.1,-62.513
3956,-62.994
3958,-63.525
3960,-64.036
3961.9,-64.438
3963.9,-64.665
3965.8,-64.721
3967.8,-64.682
3969.7,-64.657
3971.7,-64.75
3973.6,-65.038
3975.6,-65.571
3977.5,-66.382
3979.5,-67.482
3981.4,-68.84
3983.4,-70.325
3985.3,-71.591
3987.3,-72.088
3989.3,-71.554
3991.2,-70.346
3993.2,-68.926
3995.1,-67.531
3997.1,-66.242
3999,-65.088
4001,-64.082
4002.9,-63.238
4004.9,-62.564
4006.8,-62.066
4008.8,-61.742
4010.7,-61.583
4012.7,-61.572
4014.7,-61.685
4016.6,-61.894
4018.6,-62.166
4020.5,-62.475
4022.5,-62.801
4024.4,-63.135
4026.4,-63.472
4028.3,-63.802
4030.3,-64.105
4032.2,-64.356
4034.2,-64.535
4036.1,-64.64
4038.1,-64.692
4040,-64.716
4042,-64.722
4044,-64.696
4045.9,-64.6
4047.9,-64.404
4049.8,-64.113
4051.8,-63.778
4053.7,-63.472
4055.7,-63.265
4057.6,-63.204
4059.6,-63.309
4061.5,-63.579
4063.5,-63.996
4065.4,-64.531
4067.4,-65.149
4069.4,-65.817
4071.3,-66.5
4073.3,-67.152
4075.2,-67.703
4077.2,-68.073
4079.1,-68.208
4081.1,-68.134
4083,-67.948
4085,-67.762
4086.9,-67.655
4088.9,-67.655
4090.8,-67.736
4092.8,-67.826
4094.7,-67.835
4096.7,-67.683
4098.7,-67.346
4100.6,-66.861
4102.6,-66.299
4104.5,-65.734
4106.5,-65.222
4108.4,-64.805
4110.4,-64.507
4112.3,-64.342
4114.3,-64.312
4116.2,-64.41
4118.2,-64.617
4120.1,-64.906
4122.1,-65.246
4124.1,-65.604
4126,-65.95
4128,-66.254
4129.9,-66.486
4131.9,-66.617
4133.8,-66.628
4135.8,-66.525
4137.7,-66.341
4139.7,-66.12
4141.6,-65.909
4143.6,-65.741
4145.5,-65.633
4147.5,-65.591
4149.5,-65.608
4151.4,-65.674
4153.4,-65.769
4155.3,-65.87
4157.3,-65.945
4159.2,-65.966
4161.2,-65.918
4163.1,-65.812
4165.1,-65.683
4167,-65.575
4169,-65.529
4170.9,-65.572
4172.9,-65.709
4174.8,-65.926
4176.8,-66.19
4178.8,-66.458
4180.7,-66.682
4182.7,-66.823
4184.6,-66.86
4186.6,-66.795
4188.5,-66.659
4190.5,-66.494
4192.4,-66.35
4194.4,-66.265
4196.3,-66.262
4198.3,-66.345
4200.2,-66.496
4202.2,-66.676
4204.2,-66.839
4206.1,-66.949
4208.1,-66.994
4210,-66.999
4212,-67.013
4213.9,-67.092
4215.9,-67.285
4217.8,-67.632
4219.8,-68.164
4221.7,-68.907
4223.7,-69.881
4225.6,-71.098
4227.6,-72.535
4229.5,-74.084
4231.5,-75.431
4233.5,-76.04
4235.4,-75.597
4237.4,-74.426
4239.3,-73.024
4241.3,-71.663
4243.2,-70.443
4245.2,-69.395
4247.1,-68.533
4249.1,-67.857
4251,-67.36
4253,-67.019
4254.9,-66.798
4256.9,-66.653
4258.9,-66.539
4260.8,-66.426
4262.8,-66.306
4264.7,-66.192
4266.7,-66.104
4268.6,-66.06
4270.6,-66.065
4272.5,-66.112
4274.5,-66.185
4276.4,-66.269
4278.4,-66.348
4280.3,-66.409
4282.3,-66.446
4284.2,-66.462
4286.2,-66.469
4288.2,-66.493
4290.1,-66.568
4292.1,-66.731
4294,-67.019
4296,-67.46
4297.9,-68.076
4299.9,-68.874
4301.8,-69.834
4303.8,-70.881
4305.7,-71.852
4307.7,-72.502
4309.6,-72.649
4311.6,-72.349
4313.6,-71.844
4315.5,-71.358
4317.5,-71.017
4319.4,-70.862
4321.4,-70.892
4323.3,-71.076
4325.3,-71.372
4327.2,-71.73
4329.2,-72.093
4331.1,-72.391
4333.1,-72.543
4335,-72.464
4337,-72.102
4338.9,-71.468
4340.9,-70.639
4342.9,-69.725
4344.8,-68.823
4346.8,-68.006
4348.7,-67.319
4350.7,-66.786
4352.6,-66.416
4354.6,-66.207
4356.5,-66.148
4358.5,-66.225
4360.4,-66.42
4362.4,-66.712
4364.3,-67.079
4366.3,-67.497
4368.3,-67.938
4370.2,-68.37
4372.2,-68.767
4374.1,-69.12
4376.1,-69.434
4378,-69.73
4380,-70.03
4381.9,-70.342
4383.9,-70.654
4385.8,-70.947
4387.8,-71.206
4389.7,-71.442
4391.7,-71.681
4393.7,-71.959
4395.6,-72.293
4397.6,-72.666
4399.5,-73.016
4401.5,-73.248
4403.4,-73.26
4405.4,-72.984
4407.3,-72.422
4409.3,-71.63
4411.2,-70.698
4413.2,-69.712
4415.1,-68.747
4417.1,-67.863
4419,-67.099
4421,-66.483
4423,-66.033
4424.9,-65.76
4426.9,-65.67
4428.8,-65.767
4430.8,-66.054
4432.7,-66.534
4434.7,-67.213
4436.6,-68.096
4438.6,-69.188
4440.5,-70.487
4442.5,-71.97
4444.4,-73.559
4446.4,-75.077
4448.4,-76.226
4450.3,-76.75
4452.3,-76.694
4454.2,-76.354
4456.2,-76.009
4458.1,-75.82
4460.1,-75.861
4462,-76.167
4464,-76.759
4465.9,-77.653
4467.9,-78.847
4469.8,-80.282
4471.8,-81.715
4473.7,-82.534
4475.7,-82.094
4477.7,-80.613
4479.6,-78.791
4481.6,-77.022
4483.5,-75.417
4485.5,-73.985
4487.4,-72.715
4489.4,-71.597
4491.3,-70.629
4493.3,-69.811
4495.2,-69.142
4497.2,-68.618
4499.1,-68.226
4501.1,-67.951
4503.1,-67.775
4505,-67.684
4507,-67.679
4508.9,-67.769
4510.9,-67.98
4512.8,-68.34
4514.8,-68.881
4516.7,-69.625
4518.7,-70.586
4520.6,-71.759
4522.6,-73.114
4524.5,-74.571
4526.5,-75.994
4528.4,-77.203
4530.4,-78.058
4532.4,-78.546
4534.3,-78.739
4536.3,-78.687
4538.2,-78.368
4540.2,-77.755
4542.1,-76.9
4544.1,-75.937
4546,-75.017
4548,-74.25
4549.9,-73.705
4551.9,-73.416
4553.8,-73.404
4555.8,-73.68
4557.8,-74.252
4559.7,-75.132
4561.7,-76.327
4563.6,-77.825
4565.6,-79.543
4567.5,-81.208
4569.5,-82.256
4571.4,-82.235
4573.4,-81.42
4575.3,-80.371
4577.3,-79.381
4579.2,-78.502
4581.2,-77.696
4583.2,-76.913
4585.1,-76.128
4587.1,-75.348
4589,-74.598
4591,-73.91
4592.9,-73.305
4594.9,-72.804
4596.8,-72.417
4598.8,-72.155
4600.7,-72.023
4602.7,-72.013
4604.6,-72.108
4606.6,-72.277
4608.5,-72.482
4610.5,-72.692
4612.5,-72.89
4614.4,-73.081
4616.4,-73.288
4618.3,-73.541
4620.3,-73.864
4622.2,-74.278
4624.2,-74.79
4626.1,-75.398
4628.1,-76.089
4630,-76.836
4632,-77.602
4633.9,-78.339
4635.9,-78.985
4637.9,-79.445
4639.8,-79.582
4641.8,-79.268
4643.7,-78.499
4645.7,-77.432
4647.6,-76.287
4649.6,-75.237
4651.5,-74.386
4653.5,-73.783
4655.4,-73.452
4657.4,-73.396
4659.3,-73.609
4661.3,-74.075
4663.2,-74.767
4665.2,-75.641
4667.2,-76.63
4669.1,-77.636
4671.1,-78.536
4673,-79.208
4675,-79.581
4676.9,-79.675
4678.9,-79.577
4680.8,-79.39
4682.8,-79.184
4684.7,-78.982
4686.7,-78.766
4688.6,-78.503
4690.6,-78.176
4692.6,-77.805
4694.5,-77.443
4696.5,-77.152
4698.4,-76.98
4700.4,-76.943
4702.3,-77.02
4704.3,-77.149
4706.2,-77.23
4708.2,-77.153
4710.1,-76.844
4712.1,-76.294
4714,-75.558
4716,-74.714
4717.9,-73.832
4719.9,-72.97
4721.9,-72.169
4723.8,-71.465
4725.8,-70.881
4727.7,-70.434
4729.7,-70.127
4731.6,-69.955
4733.6,-69.9
4735.5,-69.929
4737.5,-70.002
4739.4,-70.082
4741.4,-70.146
4743.3,-70.201
4745.3,-70.277
4747.3,-70.419
4749.2,-70.671
4751.2,-71.065
4753.1,-71.618
4755.1,-72.325
4757,-73.152
4759,-74.033
4760.9,-74.86
4762.9,-75.518
4764.8,-75.933
4766.8,-76.13
4768.7,-76.201
4770.7,-76.245
4772.6,-76.316
4774.6,-76.418
4776.6,-76.514
4778.5,-76.55
4780.5,-76.477
4782.4,-76.279
4784.4,-75.974
4786.3,-75.603
4788.3,-75.211
4790.2,-74.83
4792.2,-74.474
4794.1,-74.14
4796.1,-73.81
4798,-73.458
4800,-73.06
4802,-72.599
4803.9,-72.08
4805.9,-71.53
4807.8,-70.994
4809.8,-70.523
4811.7,-70.167
4813.7,-69.965
4815.6,-69.951
4817.6,-70.151
4819.5,-70.582
4821.5,-71.259
4823.4,-72.183
4825.4,-73.333
4827.4,-74.633
4829.3,-75.908
4831.3,-76.871
4833.2,-77.278
4835.2,-77.166
4837.1,-76.807
4839.1,-76.447
4841,-76.199
4843,-76.063
4844.9,-75.961
4846.9,-75.765
4848.8,-75.355
4850.8,-74.686
4852.7,-73.822
4854.7,-72.884
4856.7,-71.989
4858.6,-71.217
4860.6,-70.614
4862.5,-70.2
4864.5,-69.98
4866.4,-69.947
4868.4,-70.086
4870.3,-70.378
4872.3,-70.796
4874.2,-71.314
4876.2,-71.906
4878.1,-72.548
4880.1,-73.216
4882.1,-73.882
4884,-74.502
4886,-75.018
4887.9,-75.371
4889.9,-75.538
4891.8,-75.55
4893.8,-75.487
4895.7,-75.435
4897.7,-75.452
4899.6,-75.551
4901.6,-75.691
4903.5,-75.791
4905.5,-75.765
4907.4,-75.58
4909.4,-75.288
4911.4,-74.999
4913.3,-74.824
4915.3,-74.842
4917.2,-75.091
4919.2,-75.554
4921.1,-76.139
4923.1,-76.639
4925,-76.761
4927,-76.326
4928.9,-75.452
4930.9,-74.423
4932.8,-73.467
4934.8,-72.703
4936.8,-72.18
4938.7,-71.911
4940.7,-71.898
4942.6,-72.134
4944.6,-72.6
4946.5,-73.255
4948.5,-74.004
4950.4,-74.668
4952.4,-75.002
4954.3,-74.84
4956.3,-74.249
4958.2,-73.459
4960.2,-72.682
4962.1,-72.037
4964.1,-71.57
4966.1,-71.286
4968,-71.172
4970,-71.201
4971.9,-71.341
4973.9,-71.556
4975.8,-71.811
4977.8,-72.07
4979.7,-72.303
4981.7,-72.486
4983.6,-72.61
4985.6,-72.679
4987.5,-72.709
4989.5,-72.725
4991.5,-72.75
4993.4,-72.81
4995.4,-72.927
4997.3,-73.119
4999.3,-73.399
5001.2,-73.769
5003.2,-74.225
5005.1,-74.759
5007.1,-75.365
5009,-76.043
5011,-76.792
5012.9,-77.595
5014.9,-78.403
5016.8,-79.107
5018.8,-79.554
5020.8,-79.603
5022.7,-79.218
5024.7,-78.501
5026.6,-77.613
5028.6,-76.703
5030.5,-75.875
5032.5,-75.194
5034.4,-74.695
5036.4,-74.385
5038.3,-74.244
5040.3,-74.224
5042.2,-74.248
5044.2,-74.213
5046.2,-74.03
5048.1,-73.657
5050.1,-73.128
5052,-72.526
5054,-71.944
5055.9,-71.452
5057.9,-71.096
5059.8,-70.897
5061.8,-70.862
5063.7,-70.986
5065.7,-71.256
5067.6,-71.653
5069.6,-72.154
5071.6,-72.737
5073.5,-73.384
5075.5,-74.081
5077.4,-74.821
5079.4,-75.588
5081.3,-76.346
5083.3,-77.01
5085.2,-77.447
5087.2,-77.53
5089.1,-77.238
5091.1,-76.698
5093,-76.09
5095,-75.556
5096.9,-75.171
5098.9,-74.952
5100.9,-74.874
5102.8,-74.879
5104.8,-74.887
5106.7,-74.821
5108.7,-74.637
5110.6,-74.352
5112.6,-74.03
5114.5,-73.747
5116.5,-73.561
5118.4,-73.498
5120.4,-73.552
5122.3,-73.684
5124.3,-73.838
5126.3,-73.956
5128.2,-74.004
5130.2,-73.985
5132.1,-73.935
5134.1,-73.902
5136,-73.93
5138,-74.053
5139.9,-74.293
5141.9,-74.662
5143.8,-75.167
5145.8,-75.799
5147.7,-76.529
5149.7,-77.288
5151.6,-77.96
5153.6,-78.399
5155.6,-78.491
5157.5,-78.23
5159.5,-77.714
5161.4,-77.07
5163.4,-76.402
5165.3,-75.778
5167.3,-75.243
5169.2,-74.824
5171.2,-74.534
5173.1,-74.375
5175.1,-74.339
5177,-74.405
5179,-74.543
5181,-74.715
5182.9,-74.878
5184.9,-74.991
5186.8,-75.024
5188.8,-74.965
5190.7,-74.812
5192.7,-74.568
5194.6,-74.242
5196.6,-73.846
5198.5,-73.409
5200.5,-72.972
5202.4,-72.578
5204.4,-72.261
5206.3,-72.043
5208.3,-71.93
5210.3,-71.916
5212.2,-71.998
5214.2,-72.174
5216.1,-72.451
5218.1,-72.84
5220,-73.344
5222,-73.942
5223.9,-74.569
5225.9,-75.1
5227.8,-75.377
5229.8,-75.296
5231.7,-74.883
5233.7,-74.268
5235.7,-73.587
5237.6,-72.928
5239.6,-72.333
5241.5,-71.821
5243.5,-71.402
5245.4,-71.092
5247.4,-70.909
5249.3,-70.874
5251.3,-71.011
5253.2,-71.342
5255.2,-71.885
5257.1,-72.66
5259.1,-73.68
5261.1,-74.952
5263,-76.458
5265,-78.115
5266.9,-79.68
5268.9,-80.686
5270.8,-80.717
5272.8,-79.897
5274.7,-78.663
5276.7,-77.306
5278.6,-75.933
5280.6,-74.583
5282.5,-73.291
5284.5,-72.098
5286.4,-71.043
5288.4,-70.158
5290.4,-69.457
5292.3,-68.942
5294.3,-68.604
5296.2,-68.422
5298.2,-68.367
5300.1,-68.406
5302.1,-68.51
5304,-68.656
5306,-68.836
5307.9,-69.054
5309.9,-69.321
5311.8,-69.644
5313.8,-70.023
5315.8,-70.443
5317.7,-70.886
5319.7,-71.332
5321.6,-71.77
5323.6,-72.202
5325.5,-72.63
5327.5,-73.045
5329.4,-73.422
5331.4,-73.734
5333.3,-73.969
5335.3,-74.151
5337.2,-74.328
5339.2,-74.547
5341.1,-74.821
5343.1,-75.108
5345.1,-75.312
5347,-75.315
5349,-75.046
5350.9,-74.531
5352.9,-73.871
5354.8,-73.182
5356.8,-72.557
5358.7,-72.061
5360.7,-71.732
5362.6,-71.592
5364.6,-71.642
5366.5,-71.857
5368.5,-72.182
5370.5,-72.534
5372.4,-72.82
5374.4,-72.984
5376.3,-73.042
5378.3,-73.071
5380.2,-73.171
5382.2,-73.422
5384.1,-73.874
5386.1,-74.54
5388,-75.397
5390,-76.357
5391.9,-77.235
5393.9,-77.756
5395.8,-77.702
5397.8,-77.123
5399.8,-76.274
5401.7,-75.398
5403.7,-74.638
5405.6,-74.061
5407.6,-73.697
5409.5,-73.557
5411.5,-73.635
5413.4,-73.908
5415.4,-74.321
5417.3,-74.774
5419.3,-75.124
5421.2,-75.221
5423.2,-74.995
5425.2,-74.494
5427.1,-73.836
5429.1,-73.135
5431,-72.468
5433,-71.881
5434.9,-71.39
5436.9,-70.997
5438.8,-70.688
5440.8,-70.441
5442.7,-70.226
5444.7,-70.025
5446.6,-69.834
5448.6,-69.671
5450.5,-69.569
5452.5,-69.565
5454.5,-69.687
5456.4,-69.953
5458.4,-70.364
5460.3,-70.901
5462.3,-71.523
5464.2,-72.167
5466.2,-72.757
5468.1,-73.228
5470.1,-73.567
5472,-73.815
5474,-74.044
5475.9,-74.329
5477.9,-74.71
5479.9,-75.196
5481.8,-75.75
5483.8,-76.296
5485.7,-76.73
5487.7,-76.943
5489.6,-76.877
5491.6,-76.551
5493.5,-76.055
5495.5,-75.492
5497.4,-74.944
5499.4,-74.456
5501.3,-74.035
5503.3,-73.667
5505.3,-73.327
5507.2,-73
5509.2,-72.694
5511.1,-72.44
5513.1,-72.283
5515,-72.27
5517,-72.443
5518.9,-72.827
5520.9,-73.434
5522.8,-74.25
5524.8,-75.217
5526.7,-76.202
5528.7,-76.973
5530.6,-77.271
5532.6,-77.014
5534.6,-76.37
5536.5,-75.594
5538.5,-74.864
5540.4,-74.275
5542.4,-73.868
5544.3,-73.66
5546.3,-73.656
5548.2,-73.855
5550.2,-74.248
5552.1,-74.811
5554.1,-75.503
5556,-76.255
5558,-76.974
5560,-77.562
5561.9,-77.945
5563.9,-78.114
5565.8,-78.11
5567.8,-78.001
5569.7,-77.842
5571.7,-77.671
5573.6,-77.51
5575.6,-77.377
5577.5,-77.283
5579.5,-77.241
5581.4,-77.26
5583.4,-77.34
5585.3,-77.469
5587.3,-77.615
5589.3,-77.733
5591.2,-77.765
5593.2,-77.652
5595.1,-77.354
5597.1,-76.869
5599,-76.239
5601,-75.533
5602.9,-74.827
5604.9,-74.186
5606.8,-73.653
5608.8,-73.251
5610.7,-72.985
5612.7,-72.848
5614.7,-72.823
5616.6,-72.891
5618.6,-73.037
5620.5,-73.251
5622.5,-73.532
5624.4,-73.888
5626.4,-74.325
5628.3,-74.851
5630.3,-75.465
5632.2,-76.16
5634.2,-76.92
5636.1,-77.718
5638.1,-78.512
5640,-79.242
5642,-79.824
5644,-80.173
5645.9,-80.238
5647.9,-80.042
5649.8,-79.681
5651.8,-79.276
5653.7,-78.928
5655.7,-78.704
5657.6,-78.631
5659.6,-78.699
5661.5,-78.865
5663.5,-79.059
5665.4,-79.192
5667.4,-79.198
5669.4,-79.053
5671.3,-78.783
5673.3,-78.442
5675.2,-78.08
5677.2,-77.737
5679.1,-77.443
5681.1,-77.226
5683,-77.11
5685,-77.119
5686.9,-77.263
5688.9,-77.537
5690.8,-77.91
5692.8,-78.321
5694.7,-78.677
5696.7,-78.882
5698.7,-78.88
5700.6,-78.692
5702.6,-78.399
5704.5,-78.1
5706.5,-77.878
5708.4,-77.785
5710.4,-77.856
5712.3,-78.11
5714.3,-78.561
5716.2,-79.223
5718.2,-80.111
5720.1,-81.248
5722.1,-82.657
5724.1,-84.355
5726,-86.296
5728,-88.2
5729.9,-89.303
5731.9,-88.882
5733.8,-87.416
5735.8,-85.738
5737.7,-84.2
5739.7,-82.869
5741.6,-81.736
5743.6,-80.79
5745.5,-80.031
5747.5,-79.462
5749.5,-79.082
5751.4,-78.876
5753.4,-78.805
5755.3,-78.808
5757.3,-78.807
5759.2,-78.733
5761.2,-78.552
5763.1,-78.277
5765.1,-77.951
5767,-77.627
5769,-77.345
5770.9,-77.133
5772.9,-77.002
5774.8,-76.957
5776.8,-76.991
5778.8,-77.092
5780.7,-77.243
5782.7,-77.43
5784.6,-77.641
5786.6,-77.875
5788.5,-78.137
5790.5,-78.436
5792.4,-78.784
5794.4,-79.195
5796.3,-79.687
5798.3,-80.278
5800.2,-80.982
5802.2,-81.798
5804.2,-82.696
5806.1,-83.6
5808.1,-84.393
5810,-84.964
5812,-85.278
5813.9,-85.411
5815.9,-85.485
5817.8,-85.597
5819.8,-85.787
5821.7,-86.041
5823.7,-86.306
5825.6,-86.506
5827.6,-86.564
5829.5,-86.422
5831.5,-86.049
5833.5,-85.463
5835.4,-84.726
5837.4,-83.929
5839.3,-83.167
5841.3,-82.511
5843.2,-82.01
5845.2,-81.685
5847.1,-81.535
5849.1,-81.541
5851,-81.67
5853,-81.877
5854.9,-82.124
5856.9,-82.388
5858.9,-82.675
5860.8,-83.01
5862.8,-83.428
5864.7,-83.944
5866.7,-84.539
5868.6,-85.138
5870.6,-85.613
5872.5,-85.837
5874.5,-85.762
5876.4,-85.449
5878.4,-85.012
5880.3,-84.532
5882.3,-84.034
5884.2,-83.505
5886.2,-82.925
5888.2,-82.294
5890.1,-81.643
5892.1,-81.019
5894,-80.471
5896,-80.036
5897.9,-79.733
5899.9,-79.564
5901.8,-79.518
5903.8,-79.566
5905.7,-79.67
5907.7,-79.783
5909.6,-79.868
5911.6,-79.904
5913.6,-79.897
5915.5,-79.876
5917.5,-79.874
5919.4,-79.92
5921.4,-80.03
5923.3,-80.204
5925.3,-80.435
5927.2,-80.711
5929.2,-81.02
5931.1,-81.346
5933.1,-81.673
5935,-81.974
5937,-82.215
5938.9,-82.364
5940.9,-82.404
5942.9,-82.338
5944.8,-82.193
5946.8,-82.009
5948.7,-81.829
5950.7,-81.695
5952.6,-81.636
5954.6,-81.675
5956.5,-81.824
5958.5,-82.085
5960.4,-82.449
5962.4,-82.893
5964.3,-83.373
5966.3,-83.82
5968.3,-84.158
5970.2,-84.33
5972.2,-84.336
5974.1,-84.232
5976.1,-84.099
5978,-84.004
5980,-83.975
5981.9,-83.993
5983.9,-83.996
5985.8,-83.896
5987.8,-83.62
5989.7,-83.164
5991.7,-82.595
5993.7,-82.016
5995.6,-81.518
5997.6,-81.162
5999.5,-80.978
6001.5,-80.971
6003.4,-81.131
6005.4,-81.438
6007.3,-81.868
6009.3,-82.394
6011.2,-82.997
6013.2,-83.653
6015.1,-84.329
6017.1,-84.979
6019,-85.538
6021,-85.945
6023,-86.173
6024.9,-86.244
6026.9,-86.224
6028.8,-86.186
6030.8,-86.189
6032.7,-86.271
6034.7,-86.443
6036.6,-86.7
6038.6,-87.022
6040.5,-87.384
6042.5,-87.758
6044.4,-88.114
6046.4,-88.424
6048.4,-88.659
6050.3,-88.801
6052.3,-88.848
6054.2,-88.805
6056.2,-88.679
6058.1,-88.455
6060.1,-88.106
6062,-87.613
6064,-86.988
6065.9,-86.28
6067.9,-85.552
6069.8,-84.866
6071.8,-84.265
6073.7,-83.78
6075.7,-83.429
6077.7,-83.227
6079.6,-83.177
6081.6,-83.278
6083.5,-83.51
6085.5,-83.831
6087.4,-84.171
6089.4,-84.439
6091.3,-84.553
6093.3,-84.484
6095.2,-84.278
6097.2,-84.026
6099.1,-83.826
6101.1,-83.75
6103.1,-83.847
6105,-84.14
6107,-84.635
6108.9,-85.321
6110.9,-86.169
6112.8,-87.127
6114.8,-88.123
6116.7,-89.064
6118.7,-89.849
6120.6,-90.384
6122.6,-90.587
6124.5,-90.407
6126.5,-89.855
6128.4,-89.017
6130.4,-88.027
6132.4,-87.016
6134.3,-86.075
6136.3,-85.26
6138.2,-84.597
6140.2,-84.089
6142.1,-83.731
6144.1,-83.507
6146,-83.398
6148,-83.386
6149.9,-83.45
6151.9,-83.569
6153.8,-83.717
6155.8,-83.866
6157.8,-83.983
6159.7,-84.043
6161.7,-84.031
6163.6,-83.95
6165.6,-83.821
6167.5,-83.669
6169.5,-83.524
6171.4,-83.407
6173.4,-83.334
6175.3,-83.313
6177.3,-83.348
6179.2,-83.441
6181.2,-83.595
6183.2,-83.81
6185.1,-84.078
6187.1,-84.379
6189,-84.68
6191,-84.943
6192.9,-85.139
6194.9,-85.262
6196.8,-85.332
6198.8,-85.38
6200.7,-85.438
6202.7,-85.514
6204.6,-85.588
6206.6,-85.613
6208.5,-85.521
6210.5,-85.263
6212.5,-84.837
6214.4,-84.295
6216.4,-83.721
6218.3,-83.19
6220.3,-82.756
6222.2,-82.445
6224.2,-82.269
6226.1,-82.221
6228.1,-82.29
6230,-82.458
6232,-82.706
6233.9,-83.009
6235.9,-83.342
6237.9,-83.682
6239.8,-84.011
6241.8,-84.315
6243.7,-84.585
6245.7,-84.811
6247.6,-84.988
6249.6,-85.119
6251.5,-85.216
6253.5,-85.306
6255.4,-85.422
6257.4,-85.596
6259.3,-85.85
6261.3,-86.194
6263.2,-86.624
6265.2,-87.126
6267.2,-87.674
6269.1,-88.234
6271.1,-88.759
6273,-89.194
6275,-89.483
6276.9,-89.588
6278.9,-89.508
6280.8,-89.289
6282.8,-89.007
6284.7,-88.745
6286.7,-88.566
6288.6,-88.506
6290.6,-88.562
6292.6,-88.681
6294.5,-88.767
6296.5,-88.699
6298.4,-88.396
6300.4,-87.869
6302.3,-87.205
6304.3,-86.511
6306.2,-85.862
6308.2,-85.299
6310.1,-84.838
6312.1,-84.477
6314,-84.21
6316,-84.022
6317.9,-83.894
6319.9,-83.806
6321.9,-83.744
6323.8,-83.704
6325.8,-83.699
6327.7,-83.754
6329.7,-83.899
6331.6,-84.161
6333.6,-84.558
6335.5,-85.093
6337.5,-85.753
6339.4,-86.498
6341.4,-87.256
6343.3,-87.913
6345.3,-88.325
6347.3,-88.364
6349.2,-88
6351.2,-87.32
6353.1,-86.472
6355.1,-85.583
6357,-84.735
6359,-83.964
6360.9,-83.278
6362.9,-82.674
6364.8,-82.147
6366.8,-81.699
6368.7,-81.342
6370.7,-81.092
6372.6,-80.965
6374.6,-80.973
6376.6,-81.121
6378.5,-81.405
6380.5,-81.809
6382.4,-82.312
6384.4,-82.882
6386.3,-83.486
6388.3,-84.092
6390.2,-84.673
6392.2,-85.206
6394.1,-85.674
6396.1,-86.063
6398,-86.365
6400,-86.581
6402,-86.72
6403.9,-86.782
6405.9,-86.76
6407.8,-86.644
6409.8,-86.437
6411.7,-86.17
6413.7,-85.897
6415.6,-85.671
6417.6,-85.533
6419.5,-85.497
6421.5,-85.543
6423.4,-85.625
6425.4,-85.675
6427.4,-85.629
6429.3,-85.458
6431.3,-85.185
6433.2,-84.869
6435.2,-84.568
6437.1,-84.316
6439.1,-84.105
6441,-83.9
6443,-83.644
6444.9,-83.297
6446.9,-82.851
6448.8,-82.337
6450.8,-81.807
6452.7,-81.308
6454.7,-80.871
6456.7,-80.509
6458.6,-80.218
6460.6,-79.985
6462.5,-79.798
6464.5,-79.651
6466.4,-79.549
6468.4,-79.511
6470.3,-79.565
6472.3,-79.74
6474.2,-80.061
6476.2,-80.542
6478.1,-81.183
6480.1,-81.964
6482.1,-82.837
6484,-83.735
6486,-84.581
6487.9,-85.323
6489.9,-85.957
6491.8,-86.525
6493.8,-87.085
6495.7,-87.671
6497.7,-88.278
6499.6,-88.851
6501.6,-89.293
6503.5,-89.49
6505.5,-89.368
6507.4,-88.945
6509.4,-88.319
6511.4,-87.621
6513.3,-86.958
6515.3,-86.398
6517.2,-85.972
6519.2,-85.68
6521.1,-85.5
6523.1,-85.397
6525,-85.329
6527,-85.258
6528.9,-85.158
6530.9,-85.018
6532.8,-84.84
6534.8,-84.628
6536.8,-84.389
6538.7,-84.127
6540.7,-83.844
6542.6,-83.552
6544.6,-83.266
6546.5,-83.011
6548.5,-82.811
6550.4,-82.689
6552.4,-82.656
6554.3,-82.719
6556.3,-82.875
6558.2,-83.12
6560.2,-83.448
6562.1,-83.855
6564.1,-84.332
6566.1,-84.855
6568,-85.381
6570,-85.837
6571.9,-86.134
6573.9,-86.203
6575.8,-86.029
6577.8,-85.662
6579.7,-85.177
6581.7,-84.65
6583.6,-84.132
6585.6,-83.658
6587.5,-83.254
6589.5,-82.939
6591.5,-82.727
6593.4,-82.63
6595.4,-82.649
6597.3,-82.777
6599.3,-82.996
6601.2,-83.272
6603.2,-83.558
6605.1,-83.797
6607.1,-83.933
6609,-83.928
6611,-83.781
6612.9,-83.528
6614.9,-83.224
6616.8,-82.925
6618.8,-82.672
6620.8,-82.488
6622.7,-82.378
6624.7,-82.337
6626.6,-82.358
6628.6,-82.433
6630.5,-82.559
6632.5,-82.738
6634.4,-82.972
6636.4,-83.266
6638.3,-83.619
6640.3,-84.03
6642.2,-84.486
6644.2,-84.975
6646.2,-85.479
6648.1,-85.984
6650.1,-86.484
6652,-86.976
6654,-87.455
6655.9,-87.898
6657.9,-88.252
6659.8,-88.438
6661.8,-88.392
6663.7,-88.109
6665.7,-87.661
6667.6,-87.152
6669.6,-86.669
6671.6,-86.262
6673.5,-85.936
6675.5,-85.671
6677.4,-85.427
6679.4,-85.161
6681.3,-84.847
6683.3,-84.48
6685.2,-84.082
6687.2,-83.69
6689.1,-83.347
6691.1,-83.092
6693,-82.956
6695,-82.958
6696.9,-83.104
6698.9,-83.387
6700.9,-83.787
6702.8,-84.266
6704.8,-84.779
6706.7,-85.277
6708.7,-85.728
6710.6,-86.125
6712.6,-86.493
6714.5,-86.879
6716.5,-87.328
6718.4,-87.876
6720.4,-88.527
6722.3,-89.233
6724.3,-89.87
6726.3,-90.236
6728.2,-90.15
6730.2,-89.603
6732.1,-88.769
6734.1,-87.854
6736,-86.992
6738,-86.243
6739.9,-85.623
6741.9,-85.127
6743.8,-84.748
6745.8,-84.482
6747.7,-84.335
6749.7,-84.317
6751.6,-84.441
6753.6,-84.715
6755.6,-85.137
6757.5,-85.694
6759.5,-86.351
6761.4,-87.054
6763.4,-87.728
6765.3,-88.292
6767.3,-88.683
6769.2,-88.877
6771.2,-88.897
6773.1,-88.795
6775.1,-88.629
6777,-88.445
6779,-88.274
6781,-88.133
6782.9,-88.027
6784.9,-87.956
6786.8,-87.92
6788.8,-87.917
6790.7,-87.946
6792.7,-87.997
6794.6,-88.052
6796.6,-88.082
6798.5,-88.054
6800.5,-87.94
6802.4,-87.737
6804.4,-87.466
6806.3,-87.173
6808.3,-86.906
6810.3,-86.709
6812.2,-86.608
6814.2,-86.612
6816.1,-86.708
6818.1,-86.873
6820,-87.075
6822,-87.292
6823.9,-87.515
6825.9,-87.758
6827.8,-88.045
6829.8,-88.398
6831.7,-88.823
6833.7,-89.295
6835.7,-89.751
6837.6,-90.089
6839.6,-90.197
6841.5,-90.008
6843.5,-89.547
6845.4,-88.915
6847.4,-88.232
6849.3,-87.589
6851.3,-87.047
6853.2,-86.635
6855.2,-86.37
6857.1,-86.259
6859.1,-86.308
6861.1,-86.521
6863,-86.906
6865,-87.473
6866.9,-88.227
6868.9,-89.17
6870.8,-90.279
6872.8,-91.485
6874.7,-92.633
6876.7,-93.472
6878.6,-93.785
6880.6,-93.591
6882.5,-93.128
6884.5,-92.638
6886.4,-92.262
6888.4,-92.051
6890.4,-92.002
6892.3,-92.079
6894.3,-92.23
6896.2,-92.392
6898.2,-92.506
6900.1,-92.527
6902.1,-92.442
6904,-92.267
6906,-92.043
6907.9,-91.818
6909.9,-91.636
6911.8,-91.53
6913.8,-91.511
6915.8,-91.565
6917.7,-91.648
6919.7,-91.694
6921.6,-91.63
6923.6,-91.415
6925.5,-91.059
6927.5,-90.618
6929.4,-90.16
6931.4,-89.74
6933.3,-89.392
6935.3,-89.128
6937.2,-88.951
6939.2,-88.854
6941.1,-88.827
6943.1,-88.856
6945.1,-88.918
6947,-88.989
6949,-89.045
6950.9,-89.067
6952.9,-89.057
6954.8,-89.03
6956.8,-89.018
6958.7,-89.052
6960.7,-89.161
6962.6,-89.359
6964.6,-89.652
6966.5,-90.032
6968.5,-90.485
6970.5,-90.99
6972.4,-91.524
6974.4,-92.063
6976.3,-92.581
6978.3,-93.055
6980.2,-93.465
6982.2,-93.801
6984.1,-94.063
6986.1,-94.255
6988,-94.377
6990,-94.418
6991.9,-94.367
6993.9,-94.219
6995.8,-93.99
6997.8,-93.71
6999.8,-93.417
7001.7,-93.148
7003.7,-92.928
7005.6,-92.776
7007.6,-92.704
7009.5,-92.721
7011.5,-92.831
7013.4,-93.035
7015.4,-93.324
7017.3,-93.681
7019.3,-94.077
7021.2,-94.474
7023.2,-94.831
7025.2,-95.109
7027.1,-95.284
7029.1,-95.349
7031,-95.319
7033,-95.217
7034.9,-95.078
7036.9,-94.933
7038.8,-94.814
7040.8,-94.747
7042.7,-94.756
7044.7,-94.857
7046.6,-95.059
7048.6,-95.361
7050.5,-95.755
7052.5,-96.225
7054.5,-96.744
7056.4,-97.28
7058.4,-97.789
7060.3,-98.22
7062.3,-98.525
7064.2,-98.679
7066.2,-98.683
7068.1,-98.565
7070.1,-98.36
7072,-98.101
7074,-97.812
7075.9,-97.513
7077.9,-97.224
7079.9,-96.97
7081.8,-96.771
7083.8,-96.645
7085.7,-96.607
7087.7,-96.661
7089.6,-96.806
7091.6,-97.029
7093.5,-97.308
7095.5,-97.609
7097.4,-97.887
7099.4,-98.096
7101.3,-98.194
7103.3,-98.155
7105.3,-97.979
7107.2,-97.691
7109.2,-97.329
7111.1,-96.943
7113.1,-96.581
7115,-96.285
7117,-96.086
7118.9,-96.007
7120.9,-96.062
7122.8,-96.252
7124.8,-96.573
7126.7,-97.012
7128.7,-97.551
7130.6,-98.168
7132.6,-98.833
7134.6,-99.51
7136.5,-100.15
7138.5,-100.7
7140.4,-101.09
7142.4,-101.27
7144.3,-101.2
7146.3,-100.92
7148.2,-100.46
7150.2,-99.895
7152.1,-99.3
7154.1,-98.725
7156,-98.194
7158,-97.715
7160,-97.282
7161.9,-96.889
7163.9,-96.533
7165.8,-96.221
7167.8,-95.966
7169.7,-95.784
7171.7,-95.693
7173.6,-95.706
7175.6,-95.837
7177.5,-96.093
7179.5,-96.476
7181.4,-96.977
7183.4,-97.575
7185.3,-98.233
7187.3,-98.898
7189.3,-99.51
7191.2,-100.02
7193.2,-100.4
7195.1,-100.65
7197.1,-100.81
7199,-100.91
7201,-100.97
7202.9,-101.02
7204.9,-101.08
7206.8,-101.14
7208.8,-101.22
7210.7,-101.32
7212.7,-101.42
7214.7,-101.5
7216.6,-101.54
7218.6,-101.52
7220.5,-101.42
7222.5,-101.27
7224.4,-101.1
7226.4,-100.94
7228.3,-100.84
7230.3,-100.82
7232.2,-100.91
7234.2,-101.12
7236.1,-101.43
7238.1,-101.84
7240,-102.3
7242,-102.79
7244,-103.24
7245.9,-103.58
7247.9,-103.79
7249.8,-103.82
7251.8,-103.7
7253.7,-103.47
7255.7,-103.15
7257.6,-102.81
7259.6,-102.48
7261.5,-102.18
7263.5,-101.95
7265.4,-101.8
7267.4,-101.74
7269.4,-101.77
7271.3,-101.88
7273.3,-102.05
7275.2,-102.26
7277.2,-102.49
7279.1,-102.69
7281.1,-102.85
7283,-102.96
7285,-103.05
7286.9,-103.15
7288.9,-103.27
7290.8,-103.45
7292.8,-103.68
7294.7,-103.96
7296.7,-104.25
7298.7,-104.5
7300.6,-104.69
7302.6,-104.78
7304.5,-104.77
7306.5,-104.68
7308.4,-104.53
7310.4,-104.36
7312.3,-104.19
7314.3,-104.05
7316.2,-103.95
7318.2,-103.88
7320.1,-103.84
7322.1,-103.83
7324.1,-103.83
7326,-103.83
7328,-103.81
7329.9,-103.78
7331.9,-103.72
7333.8,-103.64
7335.8,-103.55
7337.7,-103.45
7339.7,-103.35
7341.6,-103.27
7343.6,-103.2
7345.5,-103.15
7347.5,-103.13
7349.5,-103.14
7351.4,-103.17
7353.4,-103.21
7355.3,-103.26
7357.3,-103.31
7359.2,-103.37
7361.2,-103.43
7363.1,-103.5
7365.1,-103.58
7367,-103.66
7369,-103.73
7370.9,-103.8
7372.9,-103.85
7374.8,-103.88
7376.8,-103.91
7378.8,-103.92
7380.7,-103.9
7382.7,-103.86
7384.6,-103.78
7386.6,-103.69
7388.5,-103.59
7390.5,-103.52
7392.4,-103.49
7394.4,-103.51
7396.3,-103.56
7398.3,-103.64
7400.2,-103.73
7402.2,-103.82
7404.2,-103.91
7406.1,-103.98
7408.1,-104.03
7410,-104.05
7412,-104.03
7413.9,-103.98
7415.9,-103.91
7417.8,-103.84
7419.8,-103.79
7421.7,-103.77
7423.7,-103.77
7425.6,-103.8
7427.6,-103.84
7429.5,-103.88
7431.5,-103.93
7433.5,-103.96
7435.4,-104
7437.4,-104.02
7439.3,-104.05
7441.3,-104.06
7443.2,-104.07
7445.2,-104.06
7447.1,-104.03
7449.1,-104
7451,-103.98
7453,-103.98
7454.9,-104.01
7456.9,-104.06
7458.9,-104.12
7460.8,-104.15
7462.8,-104.16
7464.7,-104.13
7466.7,-104.06
7468.6,-103.98
7470.6,-103.92
7472.5,-103.9
7474.5,-103.94
7476.4,-104.04
7478.4,-104.19
7480.3,-104.36
7482.3,-104.52
7484.2,-104.63
7486.2,-104.68
7488.2,-104.67
7490.1,-104.59
7492.1,-104.47
7494,-104.32
7496,-104.14
7497.9,-103.95
7499.9,-103.77
7501.8,-103.61
7503.8,-103.49
7505.7,-103.41
7507.7,-103.38
7509.6,-103.41
7511.6,-103.48
7513.6,-103.59
7515.5,-103.74
7517.5,-103.9
7519.4,-104.07
7521.4,-104.24
7523.3,-104.4
7525.3,-104.54
7527.2,-104.67
7529.2,-104.76
7531.1,-104.82
7533.1,-104.85
7535,-104.84
7537,-104.81
7538.9,-104.78
7540.9,-104.75
7542.9,-104.71
7544.8,-104.67
7546.8,-104.61
7548.7,-104.55
7550.7,-104.48
7552.6,-104.43
7554.6,-104.4
7556.5,-104.39
7558.5,-104.41
7560.4,-104.43
7562.4,-104.44
7564.3,-104.43
7566.3,-104.39
7568.3,-104.32
7570.2,-104.23
7572.2,-104.15
7574.1,-104.1
7576.1,-104.08
7578,-104.11
7580,-104.16
7581.9,-104.21
7583.9,-104.24
7585.8,-104.24
7587.8,-104.22
7589.7,-104.19
7591.7,-104.16
7593.7,-104.14
7595.6,-104.15
7597.6,-104.18
7599.5,-104.22
7601.5,-104.28
7603.4,-104.35
7605.4,-104.44
7607.3,-104.53
7609.3,-104.64
7611.2,-104.74
7613.2,-104.82
7615.1,-104.89
7617.1,-104.93
7619,-104.94
7621,-104.92
7623,-104.86
7624.9,-104.75
7626.9,-104.6
7628.8,-104.43
7630.8,-104.26
7632.7,-104.11
7634.7,-104.01
7636.6,-103.96
7638.6,-103.96
7640.5,-104.01
7642.5,-104.08
7644.4,-104.18
7646.4,-104.29
7648.4,-104.38
7650.3,-104.44
7652.3,-104.46
7654.2,-104.45
7656.2,-104.41
7658.1,-104.36
7660.1,-104.33
7662,-104.33
7664,-104.36
7665.9,-104.41
7667.9,-104.46
7669.8,-104.48
7671.8,-104.48
7673.7,-104.44
7675.7,-104.38
7677.7,-104.31
7679.6,-104.25
7681.6,-104.19
7683.5,-104.15
7685.5,-104.12
7687.4,-104.1
7689.4,-104.08
7691.3,-104.06
7693.3,-104.02
7695.2,-103.98
7697.2,-103.92
7699.1,-103.86
7701.1,-103.8
7703.1,-103.75
7705,-103.71
7707,-103.69
7708.9,-103.69
7710.9,-103.71
7712.8,-103.72
7714.8,-103.74
7716.7,-103.74
7718.7,-103.74
7720.6,-103.74
7722.6,-103.76
7724.5,-103.79
7726.5,-103.83
7728.4,-103.89
7730.4,-103.95
7732.4,-104.01
7734.3,-104.06
7736.3,-104.12
7738.2,-104.17
7740.2,-104.22
7742.1,-104.27
7744.1,-104.3
7746,-104.3
7748,-104.28
7749.9,-104.24
7751.9,-104.2
7753.8,-104.15
7755.8,-104.11
7757.8,-104.08
7759.7,-104.05
7761.7,-104.04
7763.6,-104.03
7765.6,-104.02
7767.5,-104.03
7769.5,-104.04
7771.4,-104.04
7773.4,-104.04
7775.3,-104.02
7777.3,-104.01
7779.2,-104.01
7781.2,-104.03
7783.2,-104.07
7785.1,-104.11
7787.1,-104.15
7789,-104.18
7791,-104.19
7792.9,-104.19
7794.9,-104.18
7796.8,-104.17
7798.8,-104.15
7800.7,-104.12
7802.7,-104.09
7804.6,-104.08
7806.6,-104.1
7808.5,-104.15
7810.5,-104.23
7812.5,-104.35
7814.4,-104.5
7816.4,-104.65
7818.3,-104.79
7820.3,-104.9
7822.2,-104.96
7824.2,-104.97
7826.1,-104.94
7828.1,-104.88
7830,-104.79
7832,-104.68
7833.9,-104.55
7835.9,-104.4
7837.9,-104.25
7839.8,-104.1
7841.8,-103.99
7843.7,-103.91
7845.7,-103.88
7847.6,-103.91
7849.6,-103.98
7851.5,-104.07
7853.5,-104.16
7855.4,-104.23
7857.4,-104.27
7859.3,-104.28
7861.3,-104.28
7863.2,-104.27
7865.2,-104.26
7867.2,-104.24
7869.1,-104.2
7871.1,-104.12
7873,-104.02
7875,-103.91
7876.9,-103.82
7878.9,-103.76
7880.8,-103.74
7882.8,-103.76
7884.7,-103.8
7886.7,-103.85
7888.6,-103.88
7890.6,-103.91
7892.6,-103.94
7894.5,-103.98
7896.5,-104.04
7898.4,-104.12
7900.4,-104.21
7902.3,-104.31
7904.3,-104.39
7906.2,-104.44
7908.2,-104.45
7910.1,-104.42
7912.1,-104.37
7914,-104.29
7916,-104.22
7917.9,-104.15
7919.9,-104.1
7921.9,-104.07
7923.8,-104.04
7925.8,-104.03
7927.7,-104.02
7929.7,-104.03
7931.6,-104.08
7933.6,-104.18
7935.5,-104.3
7937.5,-104.43
7939.4,-104.53
7941.4,-104.57
7943.3,-104.55
7945.3,-104.48
7947.3,-104.4
7949.2,-104.33
7951.2,-104.26
7953.1,-104.2
7955.1,-104.16
7957,-104.11
7959,-104.08
7960.9,-104.07
7962.9,-104.1
7964.8,-104.16
7966.8,-104.24
7968.7,-104.31
7970.7,-104.36
7972.6,-104.37
7974.6,-104.33
7976.6,-104.27
7978.5,-104.22
7980.5,-104.19
7982.4,-104.21
7984.4,-104.25
7986.3,-104.3
7988.3,-104.34
7990.2,-104.34
7992.2,-104.28
7994.1,-104.2
7996.1,-104.1
7998,-104.02
8000,-104
